Placa,Tipo,Servicio,Ubicacion_Inscripcion
GTM071,Carro,Particular,ENVIGADO
IQF66V,Moto,Motocicleta,COLOMBIA
CIH339,Carro,Oficial,BUCARAMANGA
WIE132,Carro,Particular,CALI
TKP364,Carro,Particular,PEREIRA
AJM351,Carro,Publico,IBAGUE
NZI648,Carro,Oficial,IBAGUE
TBQ58Z,Moto,Motocicleta,COLOMBIA
PHJ268,Carro,Oficial,CUCUTA
QTE00R,Moto,Motocicleta,COLOMBIA
SHM11U,Moto,Motocicleta,COLOMBIA
HHB55B,Moto,Motocicleta,COLOMBIA
FJB73T,Moto,Motocicleta,COLOMBIA
LYI797,Carro,Particular,MEDELLIN
PVP336,Carro,Particular,CUCUTA
SDR496,Carro,Particular,BUCARAMANGA
YHM87H,Moto,Motocicleta,COLOMBIA
RID27X,Moto,Motocicleta,COLOMBIA
IFH613,Carro,Publico,MEDELLIN
IED336,Carro,Publico,IBAGUE
DQT37R,Moto,Motocicleta,COLOMBIA
JIN56I,Moto,Motocicleta,COLOMBIA
SMY751,Carro,Oficial,CALI
VSF17Q,Moto,Motocicleta,COLOMBIA
XBM08R,Moto,Motocicleta,COLOMBIA
JGY38Y,Moto,Motocicleta,COLOMBIA
UHN707,Carro,Particular,PASTO
JWU598,Carro,Particular,MANIZALES
GXD912,Carro,Publico,IBAGUE
QVY89E,Moto,Motocicleta,COLOMBIA
UHN324,Carro,Publico,PEREIRA
VHD05N,Moto,Motocicleta,COLOMBIA
IVP257,Carro,Particular,IBAGUE
UDZ31T,Moto,Motocicleta,COLOMBIA
TMC64V,Moto,Motocicleta,COLOMBIA
MSU509,Carro,Oficial,IBAGUE
ECK142,Carro,Publico,BOGOTA D.C.
FIX70I,Moto,Motocicleta,COLOMBIA
FGH70H,Moto,Motocicleta,COLOMBIA
HPQ10Z,Moto,Motocicleta,COLOMBIA
NCZ28Y,Moto,Motocicleta,COLOMBIA
CEF23M,Moto,Motocicleta,COLOMBIA
LWE100,Carro,Publico,ENVIGADO
JVG91F,Moto,Motocicleta,COLOMBIA
VJJ36E,Moto,Motocicleta,COLOMBIA
DLX84Z,Moto,Motocicleta,COLOMBIA
EDS714,Carro,Publico,PASTO
FCU18H,Moto,Motocicleta,COLOMBIA
PTA383,Carro,Particular,ENVIGADO
HUZ985,Carro,Publico,CALI
KUI37M,Moto,Motocicleta,COLOMBIA
MXE431,Carro,Oficial,BOGOTA D.C.
EGB19B,Moto,Motocicleta,COLOMBIA
XCN62F,Moto,Motocicleta,COLOMBIA
UZI516,Carro,Publico,ENVIGADO
ESA197,Carro,Particular,MEDELLIN
YKX76Z,Moto,Motocicleta,COLOMBIA
JSS95N,Moto,Motocicleta,COLOMBIA
MEJ727,Carro,Publico,TUNJA
NTB95N,Moto,Motocicleta,COLOMBIA
TDR69V,Moto,Motocicleta,COLOMBIA
FLJ829,Carro,Publico,IBAGUE
DYH498,Carro,Publico,PASTO
NMN71V,Moto,Motocicleta,COLOMBIA
SRJ388,Carro,Particular,ENVIGADO
DUG68L,Moto,Motocicleta,COLOMBIA
IAV87M,Moto,Motocicleta,COLOMBIA
CCP493,Carro,Oficial,IBAGUE
TYX70F,Moto,Motocicleta,COLOMBIA
HCE968,Carro,Oficial,PASTO
JCZ75X,Moto,Motocicleta,COLOMBIA
KPH27B,Moto,Motocicleta,COLOMBIA
ADG53J,Moto,Motocicleta,COLOMBIA
VUZ63H,Moto,Motocicleta,COLOMBIA
FFE495,Carro,Particular,BOGOTA D.C.
XAF93N,Moto,Motocicleta,COLOMBIA
CPI20G,Moto,Motocicleta,COLOMBIA
QIX53N,Moto,Motocicleta,COLOMBIA
XEW34B,Moto,Motocicleta,COLOMBIA
KCX16C,Moto,Motocicleta,COLOMBIA
QEU55V,Moto,Motocicleta,COLOMBIA
MGE38X,Moto,Motocicleta,COLOMBIA
IKM70P,Moto,Motocicleta,COLOMBIA
QVF92T,Moto,Motocicleta,COLOMBIA
WIQ77K,Moto,Motocicleta,COLOMBIA
AXC25A,Moto,Motocicleta,COLOMBIA
PYY94V,Moto,Motocicleta,COLOMBIA
UJH54X,Moto,Motocicleta,COLOMBIA
LCB34L,Moto,Motocicleta,COLOMBIA
ZGW48G,Moto,Motocicleta,COLOMBIA
UYV20U,Moto,Motocicleta,COLOMBIA
YRZ62V,Moto,Motocicleta,COLOMBIA
UTC081,Carro,Oficial,TUNJA
LZJ388,Carro,Particular,PASTO
CHJ72C,Moto,Motocicleta,COLOMBIA
EEW066,Carro,Particular,IBAGUE
ZXV634,Carro,Particular,PEREIRA
XGR05Z,Moto,Motocicleta,COLOMBIA
YRX62U,Moto,Motocicleta,COLOMBIA
BAT146,Carro,Oficial,BOGOTA D.C.
JNY51Z,Moto,Motocicleta,COLOMBIA
AZR09N,Moto,Motocicleta,COLOMBIA
RXT892,Carro,Particular,CUCUTA
BRX35Q,Moto,Motocicleta,COLOMBIA
GXL414,Carro,Particular,PASTO
AYU30E,Moto,Motocicleta,COLOMBIA
JAE06X,Moto,Motocicleta,COLOMBIA
ATQ995,Carro,Oficial,CUCUTA
LIW567,Carro,Publico,BOGOTA D.C.
KZJ27Y,Moto,Motocicleta,COLOMBIA
XGU539,Carro,Particular,PEREIRA
LIC55Y,Moto,Motocicleta,COLOMBIA
LZB42P,Moto,Motocicleta,COLOMBIA
IDX980,Carro,Publico,MANIZALES
WYW259,Carro,Publico,TUNJA
TNR916,Carro,Particular,PASTO
SSE007,Carro,Oficial,MEDELLIN
KHB31I,Moto,Motocicleta,COLOMBIA
NLH08J,Moto,Motocicleta,COLOMBIA
ZEB29Q,Moto,Motocicleta,COLOMBIA
HFQ415,Carro,Particular,PEREIRA
CEZ83G,Moto,Motocicleta,COLOMBIA
PXY56W,Moto,Motocicleta,COLOMBIA
JEH604,Carro,Publico,BARRANQUILLA
KYB10Y,Moto,Motocicleta,COLOMBIA
SVU82H,Moto,Motocicleta,COLOMBIA
HMC66H,Moto,Motocicleta,COLOMBIA
KMR712,Carro,Oficial,BUCARAMANGA
IXP25Y,Moto,Motocicleta,COLOMBIA
RPA86C,Moto,Motocicleta,COLOMBIA
KEJ997,Carro,Oficial,BUCARAMANGA
LMW700,Carro,Particular,BARRANQUILLA
LGE33Q,Moto,Motocicleta,COLOMBIA
CNS142,Carro,Publico,CALI
WFE431,Carro,Particular,MEDELLIN
CZW15K,Moto,Motocicleta,COLOMBIA
IDI046,Carro,Particular,CALI
WSG502,Carro,Oficial,MANIZALES
BUX14J,Moto,Motocicleta,COLOMBIA
LJY253,Carro,Publico,IBAGUE
CMF39G,Moto,Motocicleta,COLOMBIA
BUV92E,Moto,Motocicleta,COLOMBIA
SPT739,Carro,Particular,PEREIRA
NIU54Q,Moto,Motocicleta,COLOMBIA
WQH846,Carro,Publico,MEDELLIN
JND162,Carro,Particular,MEDELLIN
HCD24V,Moto,Motocicleta,COLOMBIA
NRJ187,Carro,Oficial,BARRANQUILLA
TTI62G,Moto,Motocicleta,COLOMBIA
MWB648,Carro,Oficial,BARRANQUILLA
PUH91H,Moto,Motocicleta,COLOMBIA
HPJ21S,Moto,Motocicleta,COLOMBIA
NMX55Z,Moto,Motocicleta,COLOMBIA
FAX52W,Moto,Motocicleta,COLOMBIA
YHH579,Carro,Publico,PASTO
NDC366,Carro,Publico,BUCARAMANGA
TPK022,Carro,Oficial,ENVIGADO
HYA47V,Moto,Motocicleta,COLOMBIA
DRN416,Carro,Oficial,MANIZALES
SWY976,Carro,Oficial,ENVIGADO
UBE921,Carro,Oficial,ENVIGADO
MLQ401,Carro,Particular,BOGOTA D.C.
ECZ063,Carro,Publico,TUNJA
RBL929,Carro,Publico,BUCARAMANGA
CWL106,Carro,Publico,PEREIRA
JUE50E,Moto,Motocicleta,COLOMBIA
RJR09H,Moto,Motocicleta,COLOMBIA
YSN68H,Moto,Motocicleta,COLOMBIA
IFZ04H,Moto,Motocicleta,COLOMBIA
ELM636,Carro,Publico,TUNJA
QWY297,Carro,Particular,CALI
EIA13K,Moto,Motocicleta,COLOMBIA
VUE153,Carro,Oficial,MANIZALES
FTU47R,Moto,Motocicleta,COLOMBIA
WJK532,Carro,Particular,IBAGUE
WSK93G,Moto,Motocicleta,COLOMBIA
NFU307,Carro,Particular,IBAGUE
QKS25S,Moto,Motocicleta,COLOMBIA
NNW99E,Moto,Motocicleta,COLOMBIA
UDE41Y,Moto,Motocicleta,COLOMBIA
AWJ75L,Moto,Motocicleta,COLOMBIA
RLJ16V,Moto,Motocicleta,COLOMBIA
IGE484,Carro,Publico,CALI
RXV544,Carro,Publico,ENVIGADO
VBU609,Carro,Publico,BOGOTA D.C.
NVS139,Carro,Particular,ENVIGADO
YYE087,Carro,Oficial,PEREIRA
TWD77F,Moto,Motocicleta,COLOMBIA
HXL123,Carro,Oficial,IBAGUE
ZBA87G,Moto,Motocicleta,COLOMBIA
LAE79W,Moto,Motocicleta,COLOMBIA
GKU95G,Moto,Motocicleta,COLOMBIA
CHI367,Carro,Oficial,ENVIGADO
WPE829,Carro,Publico,BARRANQUILLA
AZN188,Carro,Oficial,CALI
HXT62I,Moto,Motocicleta,COLOMBIA
RRT04C,Moto,Motocicleta,COLOMBIA
CRW88L,Moto,Motocicleta,COLOMBIA
AKI04P,Moto,Motocicleta,COLOMBIA
QMT850,Carro,Oficial,MEDELLIN
JGG90J,Moto,Motocicleta,COLOMBIA
CCX97A,Moto,Motocicleta,COLOMBIA
JAL53R,Moto,Motocicleta,COLOMBIA
BEM97Z,Moto,Motocicleta,COLOMBIA
GXY100,Carro,Oficial,CUCUTA
UAP94I,Moto,Motocicleta,COLOMBIA
GYQ72T,Moto,Motocicleta,COLOMBIA
TXZ24I,Moto,Motocicleta,COLOMBIA
CAN08G,Moto,Motocicleta,COLOMBIA
JBW330,Carro,Oficial,TUNJA
AGC679,Carro,Publico,MEDELLIN
EPI59G,Moto,Motocicleta,COLOMBIA
BPB179,Carro,Oficial,MEDELLIN
KGN442,Carro,Particular,CALI
PEF46Z,Moto,Motocicleta,COLOMBIA
ZAN32C,Moto,Motocicleta,COLOMBIA
JEQ473,Carro,Oficial,MANIZALES
VNK61N,Moto,Motocicleta,COLOMBIA
SJV359,Carro,Oficial,CUCUTA
BJI968,Carro,Particular,CALI
SVQ75L,Moto,Motocicleta,COLOMBIA
YKY541,Carro,Particular,BUCARAMANGA
CSU12D,Moto,Motocicleta,COLOMBIA
NKH519,Carro,Particular,MANIZALES
YPG237,Carro,Publico,ENVIGADO
SGL24C,Moto,Motocicleta,COLOMBIA
RNQ00J,Moto,Motocicleta,COLOMBIA
NAG127,Carro,Particular,BARRANQUILLA
DQX39J,Moto,Motocicleta,COLOMBIA
PRY19J,Moto,Motocicleta,COLOMBIA
VZJ328,Carro,Oficial,PEREIRA
JFQ70R,Moto,Motocicleta,COLOMBIA
SJG58P,Moto,Motocicleta,COLOMBIA
HRU003,Carro,Publico,TUNJA
RHM41U,Moto,Motocicleta,COLOMBIA
GSA124,Carro,Particular,ENVIGADO
QDQ70H,Moto,Motocicleta,COLOMBIA
NKD819,Carro,Oficial,TUNJA
JEZ978,Carro,Publico,MANIZALES
FXZ691,Carro,Particular,MEDELLIN
URP85M,Moto,Motocicleta,COLOMBIA
ZIM010,Carro,Oficial,TUNJA
WPE851,Carro,Particular,PASTO
BXM061,Carro,Particular,BARRANQUILLA
BAJ71S,Moto,Motocicleta,COLOMBIA
LSK862,Carro,Particular,PEREIRA
IHR55X,Moto,Motocicleta,COLOMBIA
IUX25G,Moto,Motocicleta,COLOMBIA
YJM245,Carro,Publico,TUNJA
JGX26M,Moto,Motocicleta,COLOMBIA
HYM75Y,Moto,Motocicleta,COLOMBIA
TNE82R,Moto,Motocicleta,COLOMBIA
KBW23X,Moto,Motocicleta,COLOMBIA
CSW499,Carro,Publico,CALI
MHD976,Carro,Oficial,BUCARAMANGA
GIF198,Carro,Publico,CALI
VYU87U,Moto,Motocicleta,COLOMBIA
QRW59Q,Moto,Motocicleta,COLOMBIA
KLD52D,Moto,Motocicleta,COLOMBIA
RFS437,Carro,Publico,CALI
QIP58E,Moto,Motocicleta,COLOMBIA
FGN33E,Moto,Motocicleta,COLOMBIA
KCU03Q,Moto,Motocicleta,COLOMBIA
KCT15H,Moto,Motocicleta,COLOMBIA
MIX84P,Moto,Motocicleta,COLOMBIA
BBG291,Carro,Particular,PASTO
WEY40B,Moto,Motocicleta,COLOMBIA
BLB683,Carro,Particular,CUCUTA
VZB608,Carro,Publico,ENVIGADO
MBU854,Carro,Publico,BOGOTA D.C.
AEE485,Carro,Publico,BOGOTA D.C.
WQS89V,Moto,Motocicleta,COLOMBIA
SHM96R,Moto,Motocicleta,COLOMBIA
JTJ26F,Moto,Motocicleta,COLOMBIA
ABC19S,Moto,Motocicleta,COLOMBIA
BHH795,Carro,Publico,MEDELLIN
ELG53V,Moto,Motocicleta,COLOMBIA
NXJ382,Carro,Particular,BUCARAMANGA
AGY62C,Moto,Motocicleta,COLOMBIA
QRD917,Carro,Publico,CUCUTA
IGG467,Carro,Publico,MEDELLIN
NES349,Carro,Publico,ENVIGADO
FGN95H,Moto,Motocicleta,COLOMBIA
UYA39S,Moto,Motocicleta,COLOMBIA
NVS61V,Moto,Motocicleta,COLOMBIA
UHX89A,Moto,Motocicleta,COLOMBIA
TDV442,Carro,Oficial,MANIZALES
EBY121,Carro,Publico,IBAGUE
BGH25W,Moto,Motocicleta,COLOMBIA
HYX419,Carro,Particular,MANIZALES
FFB93C,Moto,Motocicleta,COLOMBIA
FHK76D,Moto,Motocicleta,COLOMBIA
XWB56F,Moto,Motocicleta,COLOMBIA
QQG92L,Moto,Motocicleta,COLOMBIA
UAW82Z,Moto,Motocicleta,COLOMBIA
YBE586,Carro,Oficial,MEDELLIN
ZQJ116,Carro,Particular,CUCUTA
DDW56N,Moto,Motocicleta,COLOMBIA
KTX16U,Moto,Motocicleta,COLOMBIA
HIE759,Carro,Oficial,BUCARAMANGA
WEW42I,Moto,Motocicleta,COLOMBIA
XBI221,Carro,Publico,CALI
SKA85C,Moto,Motocicleta,COLOMBIA
DST446,Carro,Particular,ENVIGADO
SFU869,Carro,Particular,IBAGUE
JRC517,Carro,Oficial,ENVIGADO
XPN075,Carro,Particular,CUCUTA
SPC873,Carro,Particular,BOGOTA D.C.
IPK81I,Moto,Motocicleta,COLOMBIA
NXY384,Carro,Oficial,PASTO
EVB379,Carro,Particular,CUCUTA
PBR78C,Moto,Motocicleta,COLOMBIA
LNR85V,Moto,Motocicleta,COLOMBIA
MZG39U,Moto,Motocicleta,COLOMBIA
BMB898,Carro,Particular,BUCARAMANGA
WNY350,Carro,Particular,PASTO
IGR855,Carro,Publico,MEDELLIN
MKS931,Carro,Oficial,PEREIRA
AVJ794,Carro,Oficial,MANIZALES
IXJ68T,Moto,Motocicleta,COLOMBIA
JTF82H,Moto,Motocicleta,COLOMBIA
LJM003,Carro,Particular,BARRANQUILLA
VCT47W,Moto,Motocicleta,COLOMBIA
NEK124,Carro,Publico,BUCARAMANGA
LCG86T,Moto,Motocicleta,COLOMBIA
JWC63Z,Moto,Motocicleta,COLOMBIA
QVK437,Carro,Particular,MEDELLIN
UAY37C,Moto,Motocicleta,COLOMBIA
SEW00U,Moto,Motocicleta,COLOMBIA
CIH07R,Moto,Motocicleta,COLOMBIA
XWR150,Carro,Particular,PEREIRA
XAT001,Carro,Oficial,BARRANQUILLA
QUY03B,Moto,Motocicleta,COLOMBIA
VTF07N,Moto,Motocicleta,COLOMBIA
MGB364,Carro,Publico,BARRANQUILLA
FJF128,Carro,Publico,BOGOTA D.C.
GTM85H,Moto,Motocicleta,COLOMBIA
XJD080,Carro,Particular,TUNJA
VBC61X,Moto,Motocicleta,COLOMBIA
ZSP520,Carro,Oficial,BUCARAMANGA
EDU93W,Moto,Motocicleta,COLOMBIA
JFU54A,Moto,Motocicleta,COLOMBIA
SPA70Q,Moto,Motocicleta,COLOMBIA
NCJ05A,Moto,Motocicleta,COLOMBIA
GYI865,Carro,Particular,MEDELLIN
WAA15U,Moto,Motocicleta,COLOMBIA
QHB04Z,Moto,Motocicleta,COLOMBIA
NUH678,Carro,Publico,BOGOTA D.C.
NAS26H,Moto,Motocicleta,COLOMBIA
KWX336,Carro,Particular,BARRANQUILLA
GSB36S,Moto,Motocicleta,COLOMBIA
FUC36A,Moto,Motocicleta,COLOMBIA
FUU41G,Moto,Motocicleta,COLOMBIA
UEE76S,Moto,Motocicleta,COLOMBIA
HYH39H,Moto,Motocicleta,COLOMBIA
ZNY26G,Moto,Motocicleta,COLOMBIA
TNX88N,Moto,Motocicleta,COLOMBIA
GHE32L,Moto,Motocicleta,COLOMBIA
YXD851,Carro,Oficial,IBAGUE
EDG64D,Moto,Motocicleta,COLOMBIA
CKM104,Carro,Publico,CALI
IMP92M,Moto,Motocicleta,COLOMBIA
AXM66P,Moto,Motocicleta,COLOMBIA
QNW06Y,Moto,Motocicleta,COLOMBIA
HJB933,Carro,Particular,CALI
PEQ495,Carro,Publico,PEREIRA
RBY95Y,Moto,Motocicleta,COLOMBIA
NRF205,Carro,Oficial,CALI
NWJ56P,Moto,Motocicleta,COLOMBIA
WPP89H,Moto,Motocicleta,COLOMBIA
JJD977,Carro,Publico,CALI
ZRY148,Carro,Particular,TUNJA
LPE720,Carro,Publico,TUNJA
JLV30V,Moto,Motocicleta,COLOMBIA
LNB47W,Moto,Motocicleta,COLOMBIA
PXZ770,Carro,Publico,MEDELLIN
ZLV090,Carro,Particular,BUCARAMANGA
UZB187,Carro,Oficial,CALI
EZI00X,Moto,Motocicleta,COLOMBIA
UHL59E,Moto,Motocicleta,COLOMBIA
XSD89S,Moto,Motocicleta,COLOMBIA
IKE63P,Moto,Motocicleta,COLOMBIA
NTM81L,Moto,Motocicleta,COLOMBIA
MML950,Carro,Oficial,BOGOTA D.C.
MQR041,Carro,Oficial,MEDELLIN
BNA372,Carro,Publico,BOGOTA D.C.
GDP891,Carro,Particular,BOGOTA D.C.
HAD099,Carro,Particular,MANIZALES
DTG851,Carro,Particular,IBAGUE
JRI14L,Moto,Motocicleta,COLOMBIA
DMW852,Carro,Publico,CUCUTA
QTF501,Carro,Oficial,BARRANQUILLA
VZJ551,Carro,Publico,BARRANQUILLA
GTS344,Carro,Publico,PEREIRA
CXT48C,Moto,Motocicleta,COLOMBIA
AXN72Q,Moto,Motocicleta,COLOMBIA
HXC28K,Moto,Motocicleta,COLOMBIA
WSE14V,Moto,Motocicleta,COLOMBIA
QQW90K,Moto,Motocicleta,COLOMBIA
UIM041,Carro,Particular,BUCARAMANGA
EEG72D,Moto,Motocicleta,COLOMBIA
PQG307,Carro,Oficial,PASTO
RMG33D,Moto,Motocicleta,COLOMBIA
FTU12R,Moto,Motocicleta,COLOMBIA
HWU97X,Moto,Motocicleta,COLOMBIA
YII513,Carro,Oficial,MEDELLIN
TAW98Z,Moto,Motocicleta,COLOMBIA
WIT13Y,Moto,Motocicleta,COLOMBIA
ZHS673,Carro,Publico,CALI
WUZ457,Carro,Oficial,BARRANQUILLA
YQY03X,Moto,Motocicleta,COLOMBIA
UCC085,Carro,Particular,MANIZALES
IXA859,Carro,Publico,CUCUTA
QJX006,Carro,Oficial,IBAGUE
BQS56P,Moto,Motocicleta,COLOMBIA
JPA549,Carro,Oficial,CUCUTA
ZBH08L,Moto,Motocicleta,COLOMBIA
SPZ70X,Moto,Motocicleta,COLOMBIA
TND342,Carro,Publico,BARRANQUILLA
WRJ554,Carro,Publico,MANIZALES
DZT544,Carro,Oficial,CALI
BRV06M,Moto,Motocicleta,COLOMBIA
CLI173,Carro,Publico,BUCARAMANGA
UEX683,Carro,Publico,CUCUTA
GHX40Q,Moto,Motocicleta,COLOMBIA
RRH48T,Moto,Motocicleta,COLOMBIA
MSK73T,Moto,Motocicleta,COLOMBIA
SHR16A,Moto,Motocicleta,COLOMBIA
PDW805,Carro,Oficial,BUCARAMANGA
PDY42L,Moto,Motocicleta,COLOMBIA
SYL118,Carro,Publico,MEDELLIN
FKV932,Carro,Oficial,IBAGUE
VYJ04I,Moto,Motocicleta,COLOMBIA
ENX616,Carro,Publico,BARRANQUILLA
HXT538,Carro,Particular,TUNJA
IQX03H,Moto,Motocicleta,COLOMBIA
UGT461,Carro,Publico,CALI
MRZ61E,Moto,Motocicleta,COLOMBIA
AVX726,Carro,Oficial,TUNJA
UNG04U,Moto,Motocicleta,COLOMBIA
BTL15Y,Moto,Motocicleta,COLOMBIA
MEY823,Carro,Particular,TUNJA
QRS781,Carro,Particular,TUNJA
VJJ88J,Moto,Motocicleta,COLOMBIA
EHX96W,Moto,Motocicleta,COLOMBIA
VZY954,Carro,Publico,ENVIGADO
JPI193,Carro,Oficial,CALI
ACU20I,Moto,Motocicleta,COLOMBIA
CCF442,Carro,Oficial,BARRANQUILLA
WCW79J,Moto,Motocicleta,COLOMBIA
GHU266,Carro,Particular,ENVIGADO
MXY61K,Moto,Motocicleta,COLOMBIA
KGM43V,Moto,Motocicleta,COLOMBIA
SQP18X,Moto,Motocicleta,COLOMBIA
ZBJ43U,Moto,Motocicleta,COLOMBIA
FPR712,Carro,Publico,MANIZALES
JRJ584,Carro,Particular,BARRANQUILLA
THP56W,Moto,Motocicleta,COLOMBIA
RQC86D,Moto,Motocicleta,COLOMBIA
LCB391,Carro,Oficial,ENVIGADO
ELZ857,Carro,Publico,ENVIGADO
UKE35N,Moto,Motocicleta,COLOMBIA
ATB058,Carro,Publico,CALI
QHG463,Carro,Particular,CUCUTA
ZKI80F,Moto,Motocicleta,COLOMBIA
YZD00I,Moto,Motocicleta,COLOMBIA
ZRW780,Carro,Publico,MANIZALES
ETA708,Carro,Oficial,ENVIGADO
NQM13I,Moto,Motocicleta,COLOMBIA
CAF90E,Moto,Motocicleta,COLOMBIA
EUE767,Carro,Particular,MEDELLIN
KNV70S,Moto,Motocicleta,COLOMBIA
BRK34E,Moto,Motocicleta,COLOMBIA
SJW989,Carro,Particular,CUCUTA
TXK642,Carro,Oficial,CUCUTA
AFG336,Carro,Oficial,MANIZALES
KAH154,Carro,Particular,CUCUTA
PJW474,Carro,Oficial,TUNJA
XFR07K,Moto,Motocicleta,COLOMBIA
NSG29T,Moto,Motocicleta,COLOMBIA
UQC00B,Moto,Motocicleta,COLOMBIA
FHN357,Carro,Publico,MANIZALES
KRE296,Carro,Particular,BARRANQUILLA
HDD35N,Moto,Motocicleta,COLOMBIA
DPE371,Carro,Publico,BUCARAMANGA
NAK874,Carro,Particular,MEDELLIN
TGU706,Carro,Particular,BARRANQUILLA
IUK899,Carro,Publico,TUNJA
AIB08X,Moto,Motocicleta,COLOMBIA
BHB47D,Moto,Motocicleta,COLOMBIA
HKM489,Carro,Publico,BUCARAMANGA
ALC64M,Moto,Motocicleta,COLOMBIA
KPP759,Carro,Particular,MANIZALES
IIW06W,Moto,Motocicleta,COLOMBIA
NLR446,Carro,Publico,PASTO
WPT870,Carro,Oficial,IBAGUE
UTJ88V,Moto,Motocicleta,COLOMBIA
SDV676,Carro,Particular,ENVIGADO
MBF88A,Moto,Motocicleta,COLOMBIA
RNZ389,Carro,Publico,MANIZALES
AWQ68A,Moto,Motocicleta,COLOMBIA
XWY455,Carro,Publico,MEDELLIN
UBS09F,Moto,Motocicleta,COLOMBIA
ERV644,Carro,Particular,CALI
CJY52M,Moto,Motocicleta,COLOMBIA
BIS70K,Moto,Motocicleta,COLOMBIA
TZD546,Carro,Oficial,BOGOTA D.C.
CJZ149,Carro,Publico,BARRANQUILLA
VWZ71P,Moto,Motocicleta,COLOMBIA
CRY56V,Moto,Motocicleta,COLOMBIA
CRL471,Carro,Publico,MEDELLIN
BHD88V,Moto,Motocicleta,COLOMBIA
BUC86F,Moto,Motocicleta,COLOMBIA
DUA98N,Moto,Motocicleta,COLOMBIA
MCE75I,Moto,Motocicleta,COLOMBIA
EHN271,Carro,Publico,PASTO
FDZ813,Carro,Publico,MANIZALES
TCJ561,Carro,Publico,CUCUTA
PIL95F,Moto,Motocicleta,COLOMBIA
QNE43A,Moto,Motocicleta,COLOMBIA
ZGJ50B,Moto,Motocicleta,COLOMBIA
PCR363,Carro,Particular,CUCUTA
WAR24S,Moto,Motocicleta,COLOMBIA
NFL501,Carro,Particular,BOGOTA D.C.
CCH271,Carro,Oficial,BUCARAMANGA
PCJ432,Carro,Publico,CALI
FFY675,Carro,Publico,IBAGUE
SKD13V,Moto,Motocicleta,COLOMBIA
JAV144,Carro,Particular,BUCARAMANGA
JWD626,Carro,Publico,BUCARAMANGA
RGD29Q,Moto,Motocicleta,COLOMBIA
ZYL08R,Moto,Motocicleta,COLOMBIA
VIB270,Carro,Particular,BUCARAMANGA
TQX79K,Moto,Motocicleta,COLOMBIA
HQE48A,Moto,Motocicleta,COLOMBIA
KDM355,Carro,Publico,MANIZALES
ELX72B,Moto,Motocicleta,COLOMBIA
HQC83S,Moto,Motocicleta,COLOMBIA
XBP85L,Moto,Motocicleta,COLOMBIA
EIK94A,Moto,Motocicleta,COLOMBIA
ZUL062,Carro,Publico,PEREIRA
FHY378,Carro,Particular,PEREIRA
UPN72I,Moto,Motocicleta,COLOMBIA
QWA78U,Moto,Motocicleta,COLOMBIA
IST46G,Moto,Motocicleta,COLOMBIA
IBU992,Carro,Particular,MANIZALES
PFJ36N,Moto,Motocicleta,COLOMBIA
NQI522,Carro,Particular,IBAGUE
DPB671,Carro,Publico,BARRANQUILLA
XAD906,Carro,Particular,BUCARAMANGA
MBS166,Carro,Particular,TUNJA
WYJ021,Carro,Particular,MEDELLIN
BXQ000,Carro,Oficial,CALI
GTL501,Carro,Oficial,BUCARAMANGA
XEI87X,Moto,Motocicleta,COLOMBIA
AMX953,Carro,Oficial,ENVIGADO
TLF055,Carro,Particular,CALI
MVH673,Carro,Publico,BUCARAMANGA
ALQ61X,Moto,Motocicleta,COLOMBIA
KVR74Q,Moto,Motocicleta,COLOMBIA
NXT895,Carro,Oficial,CALI
CHK48E,Moto,Motocicleta,COLOMBIA
VDJ762,Carro,Publico,TUNJA
XTJ264,Carro,Particular,PASTO
JYE597,Carro,Particular,PASTO
XHF97C,Moto,Motocicleta,COLOMBIA
ZHJ201,Carro,Particular,MANIZALES
JSU44S,Moto,Motocicleta,COLOMBIA
TKJ83Y,Moto,Motocicleta,COLOMBIA
QLM095,Carro,Oficial,BARRANQUILLA
UVP58B,Moto,Motocicleta,COLOMBIA
VSJ85K,Moto,Motocicleta,COLOMBIA
MJB063,Carro,Publico,ENVIGADO
NGK072,Carro,Particular,MANIZALES
DRA519,Carro,Particular,PASTO
XMH328,Carro,Particular,ENVIGADO
EZE436,Carro,Particular,BARRANQUILLA
FLV817,Carro,Particular,MEDELLIN
IMU31Q,Moto,Motocicleta,COLOMBIA
WMZ321,Carro,Oficial,PASTO
TNB69X,Moto,Motocicleta,COLOMBIA
FBS73L,Moto,Motocicleta,COLOMBIA
BTB366,Carro,Oficial,CUCUTA
MPS52D,Moto,Motocicleta,COLOMBIA
UWJ67C,Moto,Motocicleta,COLOMBIA
UGY86N,Moto,Motocicleta,COLOMBIA
IRB278,Carro,Oficial,PEREIRA
EAG01R,Moto,Motocicleta,COLOMBIA
VEY546,Carro,Publico,ENVIGADO
WKB12V,Moto,Motocicleta,COLOMBIA
TDX95L,Moto,Motocicleta,COLOMBIA
TXJ441,Carro,Particular,PASTO
DPR972,Carro,Publico,CALI
SLY48E,Moto,Motocicleta,COLOMBIA
YHW323,Carro,Particular,BOGOTA D.C.
CIY09L,Moto,Motocicleta,COLOMBIA
HBU799,Carro,Oficial,BUCARAMANGA
ZBI720,Carro,Particular,MEDELLIN
MLC74D,Moto,Motocicleta,COLOMBIA
SKT258,Carro,Particular,MANIZALES
BXN08X,Moto,Motocicleta,COLOMBIA
IJZ244,Carro,Particular,PASTO
KVD612,Carro,Particular,TUNJA
ERE07H,Moto,Motocicleta,COLOMBIA
RIK80X,Moto,Motocicleta,COLOMBIA
IHE945,Carro,Oficial,CUCUTA
XKJ14A,Moto,Motocicleta,COLOMBIA
ZTY456,Carro,Particular,BOGOTA D.C.
JGV71X,Moto,Motocicleta,COLOMBIA
QTC24G,Moto,Motocicleta,COLOMBIA
GPI78T,Moto,Motocicleta,COLOMBIA
DEU758,Carro,Publico,MANIZALES
LGI89D,Moto,Motocicleta,COLOMBIA
RCU15H,Moto,Motocicleta,COLOMBIA
YNX101,Carro,Particular,PEREIRA
BSR791,Carro,Publico,TUNJA
AVJ31D,Moto,Motocicleta,COLOMBIA
KYF38K,Moto,Motocicleta,COLOMBIA
MTN197,Carro,Oficial,BUCARAMANGA
IPQ961,Carro,Oficial,MEDELLIN
EFU80H,Moto,Motocicleta,COLOMBIA
PTV665,Carro,Publico,BARRANQUILLA
UUY512,Carro,Particular,IBAGUE
NJG362,Carro,Oficial,BOGOTA D.C.
TDD06H,Moto,Motocicleta,COLOMBIA
VHX979,Carro,Publico,IBAGUE
ZTA962,Carro,Publico,MEDELLIN
SPZ93W,Moto,Motocicleta,COLOMBIA
ETA41B,Moto,Motocicleta,COLOMBIA
MAI14U,Moto,Motocicleta,COLOMBIA
HZS60H,Moto,Motocicleta,COLOMBIA
SDV794,Carro,Publico,BARRANQUILLA
HFR54Z,Moto,Motocicleta,COLOMBIA
TCG56E,Moto,Motocicleta,COLOMBIA
ZEI464,Carro,Particular,MANIZALES
LQR390,Carro,Oficial,CUCUTA
CSM726,Carro,Particular,MANIZALES
VNB75N,Moto,Motocicleta,COLOMBIA
ZTB214,Carro,Publico,MEDELLIN
UEN36W,Moto,Motocicleta,COLOMBIA
UZA16G,Moto,Motocicleta,COLOMBIA
PRV541,Carro,Particular,BUCARAMANGA
HMH942,Carro,Particular,BOGOTA D.C.
VQK428,Carro,Particular,PEREIRA
CSS663,Carro,Publico,IBAGUE
CIB978,Carro,Publico,BARRANQUILLA
EWH375,Carro,Particular,ENVIGADO
FGH241,Carro,Oficial,PEREIRA
ECU95D,Moto,Motocicleta,COLOMBIA
LMV21F,Moto,Motocicleta,COLOMBIA
SGR72P,Moto,Motocicleta,COLOMBIA
ERN981,Carro,Oficial,MEDELLIN
PHP952,Carro,Oficial,ENVIGADO
UWZ72G,Moto,Motocicleta,COLOMBIA
XTV57Z,Moto,Motocicleta,COLOMBIA
AFC762,Carro,Particular,BUCARAMANGA
TSF745,Carro,Oficial,PASTO
SVE666,Carro,Oficial,MEDELLIN
ZSL95X,Moto,Motocicleta,COLOMBIA
FSP276,Carro,Oficial,PEREIRA
WSG06C,Moto,Motocicleta,COLOMBIA
RNJ914,Carro,Oficial,ENVIGADO
KCY072,Carro,Oficial,PEREIRA
CJZ00H,Moto,Motocicleta,COLOMBIA
IMN435,Carro,Particular,IBAGUE
FNL377,Carro,Publico,TUNJA
LUM127,Carro,Particular,MANIZALES
EPC58L,Moto,Motocicleta,COLOMBIA
BLU800,Carro,Publico,IBAGUE
JLP82V,Moto,Motocicleta,COLOMBIA
XZQ653,Carro,Publico,BARRANQUILLA
TNP784,Carro,Publico,BUCARAMANGA
YDR126,Carro,Publico,PASTO
DZQ823,Carro,Publico,PASTO
KTU732,Carro,Publico,IBAGUE
UQF786,Carro,Oficial,TUNJA
FGH477,Carro,Particular,BOGOTA D.C.
YTN783,Carro,Particular,CUCUTA
RYF951,Carro,Publico,MEDELLIN
GXB142,Carro,Particular,MANIZALES
UQA33T,Moto,Motocicleta,COLOMBIA
DTE59J,Moto,Motocicleta,COLOMBIA
AWC654,Carro,Particular,TUNJA
JME227,Carro,Publico,CUCUTA
ARY04W,Moto,Motocicleta,COLOMBIA
ENI34V,Moto,Motocicleta,COLOMBIA
WRX860,Carro,Publico,CALI
NAW601,Carro,Publico,IBAGUE
DGM72Z,Moto,Motocicleta,COLOMBIA
DEG37A,Moto,Motocicleta,COLOMBIA
WPN536,Carro,Publico,MANIZALES
UKL968,Carro,Particular,IBAGUE
CVW59E,Moto,Motocicleta,COLOMBIA
IHK641,Carro,Particular,MANIZALES
SPJ54Y,Moto,Motocicleta,COLOMBIA
XHN56L,Moto,Motocicleta,COLOMBIA
LBX211,Carro,Oficial,CUCUTA
PWP44R,Moto,Motocicleta,COLOMBIA
QFZ161,Carro,Publico,IBAGUE
UUG30G,Moto,Motocicleta,COLOMBIA
YTA774,Carro,Publico,CUCUTA
LBU419,Carro,Publico,PASTO
IYM154,Carro,Oficial,ENVIGADO
ZPE177,Carro,Publico,BARRANQUILLA
YNX057,Carro,Particular,IBAGUE
WNN26L,Moto,Motocicleta,COLOMBIA
TKS84Q,Moto,Motocicleta,COLOMBIA
XJF63R,Moto,Motocicleta,COLOMBIA
CPP765,Carro,Particular,BARRANQUILLA
FDC10F,Moto,Motocicleta,COLOMBIA
WTS174,Carro,Oficial,BOGOTA D.C.
ZUW723,Carro,Oficial,ENVIGADO
BPF841,Carro,Publico,ENVIGADO
VNZ42G,Moto,Motocicleta,COLOMBIA
ZCG92J,Moto,Motocicleta,COLOMBIA
KWR917,Carro,Oficial,IBAGUE
MWL862,Carro,Oficial,MANIZALES
QVH445,Carro,Particular,TUNJA
TSD93Y,Moto,Motocicleta,COLOMBIA
FXQ23I,Moto,Motocicleta,COLOMBIA
SXS510,Carro,Publico,BUCARAMANGA
LHS92Y,Moto,Motocicleta,COLOMBIA
YEI59L,Moto,Motocicleta,COLOMBIA
TGE18X,Moto,Motocicleta,COLOMBIA
PHK24T,Moto,Motocicleta,COLOMBIA
YAT232,Carro,Oficial,IBAGUE
KYN83R,Moto,Motocicleta,COLOMBIA
EIW316,Carro,Oficial,BUCARAMANGA
LAT515,Carro,Publico,BOGOTA D.C.
ZQA233,Carro,Publico,MANIZALES
EDT87P,Moto,Motocicleta,COLOMBIA
ELR629,Carro,Particular,MEDELLIN
DYN193,Carro,Oficial,PASTO
IGQ95T,Moto,Motocicleta,COLOMBIA
CMM25E,Moto,Motocicleta,COLOMBIA
YDB789,Carro,Particular,BUCARAMANGA
RVW38T,Moto,Motocicleta,COLOMBIA
FRH103,Carro,Publico,CUCUTA
GVI433,Carro,Publico,BUCARAMANGA
LPF28E,Moto,Motocicleta,COLOMBIA
WWK69P,Moto,Motocicleta,COLOMBIA
NXF83B,Moto,Motocicleta,COLOMBIA
JBV452,Carro,Publico,ENVIGADO
CPI548,Carro,Publico,BUCARAMANGA
DKD627,Carro,Publico,BARRANQUILLA
EUN02A,Moto,Motocicleta,COLOMBIA
LMV33Y,Moto,Motocicleta,COLOMBIA
XJC80E,Moto,Motocicleta,COLOMBIA
ZKK264,Carro,Particular,PEREIRA
XCS07B,Moto,Motocicleta,COLOMBIA
YTB92G,Moto,Motocicleta,COLOMBIA
LZA543,Carro,Particular,BARRANQUILLA
BNS69R,Moto,Motocicleta,COLOMBIA
UCI07G,Moto,Motocicleta,COLOMBIA
GNW09C,Moto,Motocicleta,COLOMBIA
NJG47Q,Moto,Motocicleta,COLOMBIA
ZFS12V,Moto,Motocicleta,COLOMBIA
EPH783,Carro,Oficial,PEREIRA
KRX383,Carro,Particular,CALI
SEG95Q,Moto,Motocicleta,COLOMBIA
EAW474,Carro,Particular,CALI
DTC38H,Moto,Motocicleta,COLOMBIA
PRL19L,Moto,Motocicleta,COLOMBIA
QCS51S,Moto,Motocicleta,COLOMBIA
RCV08P,Moto,Motocicleta,COLOMBIA
WVE950,Carro,Oficial,PASTO
PDC112,Carro,Oficial,IBAGUE
QLL233,Carro,Particular,BUCARAMANGA
VVI27B,Moto,Motocicleta,COLOMBIA
LLS861,Carro,Oficial,TUNJA
YFA730,Carro,Oficial,BOGOTA D.C.
SNY40F,Moto,Motocicleta,COLOMBIA
DWQ109,Carro,Particular,TUNJA
WHS71J,Moto,Motocicleta,COLOMBIA
LAH011,Carro,Oficial,BUCARAMANGA
SKW890,Carro,Publico,MEDELLIN
JFM50L,Moto,Motocicleta,COLOMBIA
XAW602,Carro,Publico,MANIZALES
VKM38F,Moto,Motocicleta,COLOMBIA
GTQ849,Carro,Publico,IBAGUE
ZRK500,Carro,Publico,BOGOTA D.C.
ZMY15W,Moto,Motocicleta,COLOMBIA
HNK64Z,Moto,Motocicleta,COLOMBIA
WNP921,Carro,Publico,CUCUTA
ZET86E,Moto,Motocicleta,COLOMBIA
WTM17U,Moto,Motocicleta,COLOMBIA
TBR05G,Moto,Motocicleta,COLOMBIA
EBQ317,Carro,Oficial,MEDELLIN
BDC557,Carro,Oficial,MANIZALES
HYP797,Carro,Particular,CALI
QSD99L,Moto,Motocicleta,COLOMBIA
MVA32Z,Moto,Motocicleta,COLOMBIA
EGR33B,Moto,Motocicleta,COLOMBIA
KCD63B,Moto,Motocicleta,COLOMBIA
LAA06W,Moto,Motocicleta,COLOMBIA
GVT09M,Moto,Motocicleta,COLOMBIA
XWX053,Carro,Oficial,BOGOTA D.C.
UMR387,Carro,Oficial,CALI
QEA380,Carro,Publico,BOGOTA D.C.
GYE341,Carro,Oficial,BARRANQUILLA
IVN12E,Moto,Motocicleta,COLOMBIA
JPI122,Carro,Oficial,CUCUTA
SZS380,Carro,Publico,BARRANQUILLA
QGN86Q,Moto,Motocicleta,COLOMBIA
SHT25W,Moto,Motocicleta,COLOMBIA
WAS005,Carro,Oficial,MEDELLIN
GTJ727,Carro,Publico,BOGOTA D.C.
EJI08N,Moto,Motocicleta,COLOMBIA
LCM93F,Moto,Motocicleta,COLOMBIA
VNX68Y,Moto,Motocicleta,COLOMBIA
ILE191,Carro,Publico,BARRANQUILLA
PZY562,Carro,Oficial,ENVIGADO
UZH09H,Moto,Motocicleta,COLOMBIA
YVK55P,Moto,Motocicleta,COLOMBIA
IRZ644,Carro,Publico,BOGOTA D.C.
XNE546,Carro,Particular,BUCARAMANGA
ZVE48T,Moto,Motocicleta,COLOMBIA
YJD08H,Moto,Motocicleta,COLOMBIA
ITI55K,Moto,Motocicleta,COLOMBIA
LPM19C,Moto,Motocicleta,COLOMBIA
ZXB79Y,Moto,Motocicleta,COLOMBIA
BRA36Z,Moto,Motocicleta,COLOMBIA
WZL46X,Moto,Motocicleta,COLOMBIA
RKD50L,Moto,Motocicleta,COLOMBIA
MRF786,Carro,Oficial,MANIZALES
TMH466,Carro,Publico,MANIZALES
QKF89N,Moto,Motocicleta,COLOMBIA
KXE15H,Moto,Motocicleta,COLOMBIA
QMW369,Carro,Particular,MEDELLIN
ECJ33A,Moto,Motocicleta,COLOMBIA
UWI28U,Moto,Motocicleta,COLOMBIA
VZP46B,Moto,Motocicleta,COLOMBIA
SHT05J,Moto,Motocicleta,COLOMBIA
YMP904,Carro,Publico,PASTO
SXY86T,Moto,Motocicleta,COLOMBIA
RZP32X,Moto,Motocicleta,COLOMBIA
EIY298,Carro,Oficial,ENVIGADO
CZF868,Carro,Particular,CUCUTA
WDZ027,Carro,Publico,PEREIRA
TCF11N,Moto,Motocicleta,COLOMBIA
NCZ060,Carro,Particular,PASTO
REG498,Carro,Oficial,ENVIGADO
VKI435,Carro,Particular,PEREIRA
SGU623,Carro,Oficial,MANIZALES
YCB288,Carro,Oficial,CUCUTA
QVS250,Carro,Particular,TUNJA
AUL56Z,Moto,Motocicleta,COLOMBIA
XVI63D,Moto,Motocicleta,COLOMBIA
PVL97S,Moto,Motocicleta,COLOMBIA
VHD447,Carro,Particular,CUCUTA
VTX549,Carro,Publico,CUCUTA
LMA99B,Moto,Motocicleta,COLOMBIA
VUL71B,Moto,Motocicleta,COLOMBIA
AAU951,Carro,Oficial,BUCARAMANGA
KMG866,Carro,Oficial,PASTO
VKX139,Carro,Publico,TUNJA
XKR65W,Moto,Motocicleta,COLOMBIA
UBC07J,Moto,Motocicleta,COLOMBIA
SII932,Carro,Particular,PEREIRA
QES60L,Moto,Motocicleta,COLOMBIA
FZD19P,Moto,Motocicleta,COLOMBIA
MQZ033,Carro,Oficial,PASTO
JGC318,Carro,Particular,BUCARAMANGA
GRA29Q,Moto,Motocicleta,COLOMBIA
QMQ833,Carro,Publico,MEDELLIN
GRT589,Carro,Publico,BOGOTA D.C.
ALU54U,Moto,Motocicleta,COLOMBIA
PAQ37I,Moto,Motocicleta,COLOMBIA
ZMI47M,Moto,Motocicleta,COLOMBIA
TAZ453,Carro,Publico,BOGOTA D.C.
BGN43D,Moto,Motocicleta,COLOMBIA
PFP96F,Moto,Motocicleta,COLOMBIA
RME281,Carro,Oficial,IBAGUE
UHH63A,Moto,Motocicleta,COLOMBIA
EDM733,Carro,Particular,CUCUTA
SPQ68V,Moto,Motocicleta,COLOMBIA
HUG168,Carro,Oficial,MANIZALES
UMB46W,Moto,Motocicleta,COLOMBIA
JFU755,Carro,Particular,MANIZALES
WSI81A,Moto,Motocicleta,COLOMBIA
HIA145,Carro,Publico,MANIZALES
KNV70M,Moto,Motocicleta,COLOMBIA
GGD629,Carro,Particular,CALI
BHC163,Carro,Publico,BOGOTA D.C.
SXM06L,Moto,Motocicleta,COLOMBIA
WWY773,Carro,Particular,CALI
DYX623,Carro,Publico,TUNJA
GFZ26U,Moto,Motocicleta,COLOMBIA
CHL50P,Moto,Motocicleta,COLOMBIA
QTN72D,Moto,Motocicleta,COLOMBIA
GTT859,Carro,Publico,BOGOTA D.C.
TWJ858,Carro,Oficial,PEREIRA
JED598,Carro,Publico,MEDELLIN
BHZ757,Carro,Publico,PASTO
KKW301,Carro,Oficial,CALI
YHT04E,Moto,Motocicleta,COLOMBIA
NEK83P,Moto,Motocicleta,COLOMBIA
NQT417,Carro,Particular,TUNJA
NMV65M,Moto,Motocicleta,COLOMBIA
BUF669,Carro,Particular,BOGOTA D.C.
QJI06M,Moto,Motocicleta,COLOMBIA
YVW91Z,Moto,Motocicleta,COLOMBIA
EZX496,Carro,Publico,CALI
UBU261,Carro,Particular,MEDELLIN
MCF15T,Moto,Motocicleta,COLOMBIA
BEY965,Carro,Oficial,TUNJA
CWU530,Carro,Publico,TUNJA
YST58V,Moto,Motocicleta,COLOMBIA
YMG454,Carro,Publico,MANIZALES
JQA610,Carro,Particular,BUCARAMANGA
CGU83Q,Moto,Motocicleta,COLOMBIA
ILC618,Carro,Publico,BARRANQUILLA
GZE47J,Moto,Motocicleta,COLOMBIA
KFI61C,Moto,Motocicleta,COLOMBIA
ESS82C,Moto,Motocicleta,COLOMBIA
CJQ04J,Moto,Motocicleta,COLOMBIA
ZSC057,Carro,Particular,PEREIRA
AGU72P,Moto,Motocicleta,COLOMBIA
FXG477,Carro,Particular,BUCARAMANGA
ZMJ74D,Moto,Motocicleta,COLOMBIA
BUB33E,Moto,Motocicleta,COLOMBIA
EMD13I,Moto,Motocicleta,COLOMBIA
JBF10P,Moto,Motocicleta,COLOMBIA
FZY406,Carro,Particular,MANIZALES
RPT035,Carro,Publico,PASTO
WSG73J,Moto,Motocicleta,COLOMBIA
SMT95V,Moto,Motocicleta,COLOMBIA
CUX662,Carro,Particular,CUCUTA
XZB102,Carro,Publico,MANIZALES
PJL00W,Moto,Motocicleta,COLOMBIA
QPK896,Carro,Publico,TUNJA
GGU836,Carro,Oficial,MEDELLIN
TUG131,Carro,Publico,PASTO
LME60I,Moto,Motocicleta,COLOMBIA
PKX66I,Moto,Motocicleta,COLOMBIA
KJB097,Carro,Publico,MEDELLIN
WUL672,Carro,Publico,CUCUTA
FYN27R,Moto,Motocicleta,COLOMBIA
HST926,Carro,Particular,ENVIGADO
IMZ23J,Moto,Motocicleta,COLOMBIA
ZRH223,Carro,Publico,TUNJA
ZAT34H,Moto,Motocicleta,COLOMBIA
GFW206,Carro,Oficial,IBAGUE
YWL68N,Moto,Motocicleta,COLOMBIA
ILL04D,Moto,Motocicleta,COLOMBIA
QIP04B,Moto,Motocicleta,COLOMBIA
ICJ18C,Moto,Motocicleta,COLOMBIA
BFW366,Carro,Publico,MEDELLIN
VUK481,Carro,Oficial,ENVIGADO
KCZ90F,Moto,Motocicleta,COLOMBIA
MAV336,Carro,Particular,CALI
RPJ659,Carro,Oficial,MANIZALES
ZGJ323,Carro,Publico,PEREIRA
XPC518,Carro,Oficial,BOGOTA D.C.
FVX581,Carro,Particular,PASTO
JEU35Y,Moto,Motocicleta,COLOMBIA
TLT178,Carro,Particular,PEREIRA
HKE07X,Moto,Motocicleta,COLOMBIA
RAJ508,Carro,Oficial,PEREIRA
ZMK218,Carro,Publico,TUNJA
NDU83A,Moto,Motocicleta,COLOMBIA
IAM16Q,Moto,Motocicleta,COLOMBIA
PSI36W,Moto,Motocicleta,COLOMBIA
XPF704,Carro,Publico,IBAGUE
LTJ25Y,Moto,Motocicleta,COLOMBIA
FKX09M,Moto,Motocicleta,COLOMBIA
FQS92Q,Moto,Motocicleta,COLOMBIA
LNK68K,Moto,Motocicleta,COLOMBIA
YXV764,Carro,Particular,ENVIGADO
YQL04J,Moto,Motocicleta,COLOMBIA
MEA88C,Moto,Motocicleta,COLOMBIA
LTV66J,Moto,Motocicleta,COLOMBIA
WPK685,Carro,Publico,PEREIRA
ECM881,Carro,Oficial,ENVIGADO
KEP12H,Moto,Motocicleta,COLOMBIA
YIX810,Carro,Oficial,TUNJA
GEW838,Carro,Publico,MANIZALES
ZWP68Y,Moto,Motocicleta,COLOMBIA
JUQ51A,Moto,Motocicleta,COLOMBIA
LTU391,Carro,Particular,BUCARAMANGA
CYE560,Carro,Oficial,CUCUTA
ZPF126,Carro,Publico,PEREIRA
WSA30E,Moto,Motocicleta,COLOMBIA
JZP58D,Moto,Motocicleta,COLOMBIA
QPN124,Carro,Publico,BARRANQUILLA
QXV174,Carro,Particular,MANIZALES
CFX91Y,Moto,Motocicleta,COLOMBIA
WFX51W,Moto,Motocicleta,COLOMBIA
VWR39I,Moto,Motocicleta,COLOMBIA
VKW273,Carro,Particular,ENVIGADO
XXN896,Carro,Oficial,PASTO
HQU621,Carro,Particular,TUNJA
IIA84G,Moto,Motocicleta,COLOMBIA
KQW716,Carro,Particular,PEREIRA
CYD647,Carro,Oficial,MANIZALES
HHC88Z,Moto,Motocicleta,COLOMBIA
XEP29R,Moto,Motocicleta,COLOMBIA
KDR80E,Moto,Motocicleta,COLOMBIA
KIU27L,Moto,Motocicleta,COLOMBIA
SDX18G,Moto,Motocicleta,COLOMBIA
RGN95U,Moto,Motocicleta,COLOMBIA
TFN65K,Moto,Motocicleta,COLOMBIA
RKM996,Carro,Oficial,ENVIGADO
YSK20S,Moto,Motocicleta,COLOMBIA
JGU35Z,Moto,Motocicleta,COLOMBIA
UWY18A,Moto,Motocicleta,COLOMBIA
PNY81J,Moto,Motocicleta,COLOMBIA
KLL186,Carro,Particular,TUNJA
LVT51U,Moto,Motocicleta,COLOMBIA
GKW38I,Moto,Motocicleta,COLOMBIA
FFG745,Carro,Publico,CALI
LFG73B,Moto,Motocicleta,COLOMBIA
QKP571,Carro,Publico,CALI
BFX01K,Moto,Motocicleta,COLOMBIA
IJC78Y,Moto,Motocicleta,COLOMBIA
AZH64T,Moto,Motocicleta,COLOMBIA
AEE22S,Moto,Motocicleta,COLOMBIA
NMA845,Carro,Oficial,IBAGUE
SEA53P,Moto,Motocicleta,COLOMBIA
TEX050,Carro,Oficial,ENVIGADO
PQH338,Carro,Oficial,TUNJA
YAJ259,Carro,Particular,CALI
BLE786,Carro,Oficial,ENVIGADO
LLY535,Carro,Particular,BOGOTA D.C.
VRG449,Carro,Oficial,BUCARAMANGA
JNW280,Carro,Oficial,MEDELLIN
VHX49J,Moto,Motocicleta,COLOMBIA
DJI468,Carro,Oficial,IBAGUE
KUH510,Carro,Oficial,BOGOTA D.C.
UPS65S,Moto,Motocicleta,COLOMBIA
CFQ56C,Moto,Motocicleta,COLOMBIA
TYY409,Carro,Publico,MEDELLIN
RKL370,Carro,Publico,CUCUTA
XQF176,Carro,Publico,IBAGUE
DRK68G,Moto,Motocicleta,COLOMBIA
GNA96P,Moto,Motocicleta,COLOMBIA
TJI871,Carro,Particular,MEDELLIN
GWM24K,Moto,Motocicleta,COLOMBIA
KXB24N,Moto,Motocicleta,COLOMBIA
CGH07C,Moto,Motocicleta,COLOMBIA
XKE455,Carro,Particular,MANIZALES
SSA73U,Moto,Motocicleta,COLOMBIA
EVQ69W,Moto,Motocicleta,COLOMBIA
BWH69Q,Moto,Motocicleta,COLOMBIA
RFF957,Carro,Publico,MEDELLIN
ERN937,Carro,Publico,CALI
XUD99A,Moto,Motocicleta,COLOMBIA
EWE228,Carro,Publico,ENVIGADO
RUF72K,Moto,Motocicleta,COLOMBIA
SFX659,Carro,Particular,CUCUTA
JPD18Q,Moto,Motocicleta,COLOMBIA
CVB30V,Moto,Motocicleta,COLOMBIA
JPG586,Carro,Oficial,CALI
SWR32K,Moto,Motocicleta,COLOMBIA
ADY362,Carro,Publico,IBAGUE
SBT783,Carro,Publico,BUCARAMANGA
CEI738,Carro,Publico,IBAGUE
IZR789,Carro,Publico,IBAGUE
ZMY766,Carro,Oficial,IBAGUE
HDL45Q,Moto,Motocicleta,COLOMBIA
RNB435,Carro,Particular,TUNJA
TLD43U,Moto,Motocicleta,COLOMBIA
CKI10V,Moto,Motocicleta,COLOMBIA
HJJ993,Carro,Publico,PEREIRA
RUR145,Carro,Particular,BARRANQUILLA
YMI61J,Moto,Motocicleta,COLOMBIA
CRY35Z,Moto,Motocicleta,COLOMBIA
YCC021,Carro,Oficial,CUCUTA
VUT65N,Moto,Motocicleta,COLOMBIA
MTM760,Carro,Particular,IBAGUE
JVS050,Carro,Publico,MEDELLIN
KWD88T,Moto,Motocicleta,COLOMBIA
TVS97Y,Moto,Motocicleta,COLOMBIA
SFC346,Carro,Publico,MANIZALES
UJE838,Carro,Particular,ENVIGADO
LIE42P,Moto,Motocicleta,COLOMBIA
KKW02E,Moto,Motocicleta,COLOMBIA
LHX611,Carro,Publico,MANIZALES
IEW18G,Moto,Motocicleta,COLOMBIA
GAI409,Carro,Particular,TUNJA
DBA67I,Moto,Motocicleta,COLOMBIA
DJA17S,Moto,Motocicleta,COLOMBIA
DNY92E,Moto,Motocicleta,COLOMBIA
LDU782,Carro,Particular,CUCUTA
XDP864,Carro,Publico,ENVIGADO
WQH550,Carro,Oficial,ENVIGADO
CDC31L,Moto,Motocicleta,COLOMBIA
DHH283,Carro,Publico,BARRANQUILLA
NUX03H,Moto,Motocicleta,COLOMBIA
FIL88K,Moto,Motocicleta,COLOMBIA
WXB05A,Moto,Motocicleta,COLOMBIA
HBB91F,Moto,Motocicleta,COLOMBIA
MTN252,Carro,Publico,IBAGUE
XIQ78B,Moto,Motocicleta,COLOMBIA
LXR630,Carro,Oficial,BOGOTA D.C.
LMQ216,Carro,Oficial,BUCARAMANGA
PVK23N,Moto,Motocicleta,COLOMBIA
RIL38B,Moto,Motocicleta,COLOMBIA
GDK21B,Moto,Motocicleta,COLOMBIA
RZL671,Carro,Oficial,CALI
ZGD30N,Moto,Motocicleta,COLOMBIA
MNN201,Carro,Publico,MANIZALES
KGQ521,Carro,Oficial,CALI
PII17P,Moto,Motocicleta,COLOMBIA
EGD94P,Moto,Motocicleta,COLOMBIA
GSU436,Carro,Publico,IBAGUE
WBU323,Carro,Publico,PASTO
UUB983,Carro,Particular,PEREIRA
VHJ18L,Moto,Motocicleta,COLOMBIA
CQH343,Carro,Publico,PEREIRA
VKC74U,Moto,Motocicleta,COLOMBIA
ZKV56T,Moto,Motocicleta,COLOMBIA
YQB904,Carro,Publico,MANIZALES
DHB298,Carro,Particular,CUCUTA
AKQ094,Carro,Publico,CALI
YDT52C,Moto,Motocicleta,COLOMBIA
RHT98Z,Moto,Motocicleta,COLOMBIA
CGQ84M,Moto,Motocicleta,COLOMBIA
JNA089,Carro,Oficial,MEDELLIN
KSU331,Carro,Oficial,ENVIGADO
RUS12J,Moto,Motocicleta,COLOMBIA
XKG027,Carro,Oficial,PASTO
JVV975,Carro,Particular,CUCUTA
CJJ95L,Moto,Motocicleta,COLOMBIA
MIL026,Carro,Publico,MEDELLIN
SSS32J,Moto,Motocicleta,COLOMBIA
ZQI01L,Moto,Motocicleta,COLOMBIA
YPK028,Carro,Oficial,MANIZALES
ZBP492,Carro,Oficial,BUCARAMANGA
HGY05D,Moto,Motocicleta,COLOMBIA
KJI264,Carro,Particular,BOGOTA D.C.
JEZ757,Carro,Oficial,PASTO
UPT44Y,Moto,Motocicleta,COLOMBIA
FWK143,Carro,Particular,BARRANQUILLA
QTW274,Carro,Particular,BOGOTA D.C.
SHI53M,Moto,Motocicleta,COLOMBIA
CST76I,Moto,Motocicleta,COLOMBIA
WWL903,Carro,Particular,IBAGUE
WGV115,Carro,Publico,CUCUTA
YCW721,Carro,Particular,MEDELLIN
XKS48W,Moto,Motocicleta,COLOMBIA
UXM265,Carro,Oficial,BUCARAMANGA
JLH65C,Moto,Motocicleta,COLOMBIA
ERP88C,Moto,Motocicleta,COLOMBIA
EED734,Carro,Oficial,PEREIRA
JFC507,Carro,Oficial,TUNJA
NPB55T,Moto,Motocicleta,COLOMBIA
AUQ40L,Moto,Motocicleta,COLOMBIA
ZHW533,Carro,Particular,MEDELLIN
YUL704,Carro,Publico,TUNJA
AAK996,Carro,Oficial,CALI
DFT225,Carro,Particular,IBAGUE
XAK24S,Moto,Motocicleta,COLOMBIA
CJZ46H,Moto,Motocicleta,COLOMBIA
BYK174,Carro,Publico,CUCUTA
PHQ682,Carro,Particular,BUCARAMANGA
WUF054,Carro,Oficial,BUCARAMANGA
YMY051,Carro,Publico,TUNJA
UBP78K,Moto,Motocicleta,COLOMBIA
SPE352,Carro,Particular,MANIZALES
GWJ00I,Moto,Motocicleta,COLOMBIA
RMV430,Carro,Particular,TUNJA
FKF61C,Moto,Motocicleta,COLOMBIA
DRI08V,Moto,Motocicleta,COLOMBIA
HKD72B,Moto,Motocicleta,COLOMBIA
VRU04C,Moto,Motocicleta,COLOMBIA
MKS81Y,Moto,Motocicleta,COLOMBIA
NBQ43M,Moto,Motocicleta,COLOMBIA
RZZ700,Carro,Publico,MEDELLIN
BDF56I,Moto,Motocicleta,COLOMBIA
PTC975,Carro,Particular,CUCUTA
NPM90D,Moto,Motocicleta,COLOMBIA
LQG99C,Moto,Motocicleta,COLOMBIA
YNJ744,Carro,Particular,CUCUTA
VFZ21W,Moto,Motocicleta,COLOMBIA
PJU714,Carro,Particular,PASTO
ZWM96S,Moto,Motocicleta,COLOMBIA
LKV96J,Moto,Motocicleta,COLOMBIA
RUG90N,Moto,Motocicleta,COLOMBIA
UZX50D,Moto,Motocicleta,COLOMBIA
XAY551,Carro,Oficial,IBAGUE
GGN082,Carro,Publico,BARRANQUILLA
BRS741,Carro,Particular,IBAGUE
YKZ86D,Moto,Motocicleta,COLOMBIA
UYL431,Carro,Particular,MANIZALES
UWI86H,Moto,Motocicleta,COLOMBIA
SAZ626,Carro,Particular,CUCUTA
BMX533,Carro,Oficial,BARRANQUILLA
TNQ367,Carro,Oficial,BARRANQUILLA
KXJ348,Carro,Publico,BARRANQUILLA
WQQ06R,Moto,Motocicleta,COLOMBIA
ARE54L,Moto,Motocicleta,COLOMBIA
MPY35I,Moto,Motocicleta,COLOMBIA
HNT668,Carro,Oficial,BARRANQUILLA
IDH318,Carro,Publico,MEDELLIN
HKA24M,Moto,Motocicleta,COLOMBIA
PWU17J,Moto,Motocicleta,COLOMBIA
IFY674,Carro,Particular,BARRANQUILLA
QZE632,Carro,Oficial,TUNJA
VBK739,Carro,Publico,MEDELLIN
AKA035,Carro,Oficial,BUCARAMANGA
GVN816,Carro,Oficial,BOGOTA D.C.
RDM219,Carro,Particular,MANIZALES
ILP60J,Moto,Motocicleta,COLOMBIA
YNN84R,Moto,Motocicleta,COLOMBIA
ZPP40S,Moto,Motocicleta,COLOMBIA
CSM782,Carro,Oficial,BARRANQUILLA
FHK87V,Moto,Motocicleta,COLOMBIA
ZQV31M,Moto,Motocicleta,COLOMBIA
VFV818,Carro,Publico,CALI
FVT193,Carro,Particular,CALI
FQT80W,Moto,Motocicleta,COLOMBIA
WVD334,Carro,Oficial,BOGOTA D.C.
ACV88H,Moto,Motocicleta,COLOMBIA
YWR649,Carro,Oficial,CUCUTA
CUW72T,Moto,Motocicleta,COLOMBIA
RZB94R,Moto,Motocicleta,COLOMBIA
MSS508,Carro,Oficial,PEREIRA
WCK900,Carro,Publico,BARRANQUILLA
HQW26T,Moto,Motocicleta,COLOMBIA
YLS138,Carro,Publico,MEDELLIN
RHM420,Carro,Publico,BOGOTA D.C.
CGS716,Carro,Particular,CUCUTA
CWA819,Carro,Particular,MEDELLIN
FDR469,Carro,Oficial,TUNJA
RDL943,Carro,Oficial,ENVIGADO
WMK731,Carro,Particular,BUCARAMANGA
VVS87G,Moto,Motocicleta,COLOMBIA
DGC93Q,Moto,Motocicleta,COLOMBIA
VZF54A,Moto,Motocicleta,COLOMBIA
RDZ15V,Moto,Motocicleta,COLOMBIA
LRN97S,Moto,Motocicleta,COLOMBIA
CQS900,Carro,Particular,MEDELLIN
SUT80N,Moto,Motocicleta,COLOMBIA
AGG698,Carro,Oficial,BARRANQUILLA
PWN538,Carro,Publico,BOGOTA D.C.
RVZ77T,Moto,Motocicleta,COLOMBIA
HWV093,Carro,Particular,PASTO
VWD645,Carro,Particular,BUCARAMANGA
RWN96V,Moto,Motocicleta,COLOMBIA
YQI877,Carro,Particular,TUNJA
GFS61D,Moto,Motocicleta,COLOMBIA
AVK01R,Moto,Motocicleta,COLOMBIA
FQY747,Carro,Particular,PASTO
KZY659,Carro,Oficial,CUCUTA
WBN610,Carro,Publico,MANIZALES
CMX04I,Moto,Motocicleta,COLOMBIA
YNI375,Carro,Publico,MANIZALES
FIR06U,Moto,Motocicleta,COLOMBIA
CUS298,Carro,Particular,MEDELLIN
WQN32Z,Moto,Motocicleta,COLOMBIA
ZSC83G,Moto,Motocicleta,COLOMBIA
ATK419,Carro,Publico,ENVIGADO
DBA241,Carro,Publico,PASTO
RAI50U,Moto,Motocicleta,COLOMBIA
NUK469,Carro,Particular,TUNJA
SYA20S,Moto,Motocicleta,COLOMBIA
TEK332,Carro,Oficial,CALI
UPQ296,Carro,Particular,PEREIRA
USR119,Carro,Publico,CUCUTA
JVK65Q,Moto,Motocicleta,COLOMBIA
RSJ391,Carro,Oficial,IBAGUE
SFD62V,Moto,Motocicleta,COLOMBIA
FWD564,Carro,Particular,TUNJA
WNZ936,Carro,Publico,BUCARAMANGA
XMQ949,Carro,Publico,IBAGUE
ESP12X,Moto,Motocicleta,COLOMBIA
UKR187,Carro,Particular,PASTO
XJC825,Carro,Oficial,MANIZALES
XMG01G,Moto,Motocicleta,COLOMBIA
ZER70T,Moto,Motocicleta,COLOMBIA
LYX591,Carro,Particular,TUNJA
TCV946,Carro,Particular,MANIZALES
FYN73S,Moto,Motocicleta,COLOMBIA
KXS45I,Moto,Motocicleta,COLOMBIA
HKN655,Carro,Publico,CUCUTA
FNG09Q,Moto,Motocicleta,COLOMBIA
WSA570,Carro,Particular,IBAGUE
HKM152,Carro,Particular,MEDELLIN
FBN68S,Moto,Motocicleta,COLOMBIA
KVU77B,Moto,Motocicleta,COLOMBIA
ZZW927,Carro,Publico,CALI
PXR32W,Moto,Motocicleta,COLOMBIA
DHU73V,Moto,Motocicleta,COLOMBIA
USI960,Carro,Oficial,ENVIGADO
TZD061,Carro,Particular,CALI
KJW564,Carro,Publico,MEDELLIN
FCX619,Carro,Particular,BUCARAMANGA
RUL25U,Moto,Motocicleta,COLOMBIA
YCW54C,Moto,Motocicleta,COLOMBIA
HSA53I,Moto,Motocicleta,COLOMBIA
VEU854,Carro,Publico,PEREIRA
XPV88T,Moto,Motocicleta,COLOMBIA
JFZ673,Carro,Particular,BUCARAMANGA
AMQ36U,Moto,Motocicleta,COLOMBIA
NZG73U,Moto,Motocicleta,COLOMBIA
LNB245,Carro,Publico,IBAGUE
KCD58L,Moto,Motocicleta,COLOMBIA
FMY87I,Moto,Motocicleta,COLOMBIA
UDB35L,Moto,Motocicleta,COLOMBIA
PTH503,Carro,Particular,BARRANQUILLA
DPW284,Carro,Oficial,MANIZALES
BYH32F,Moto,Motocicleta,COLOMBIA
QPW89Y,Moto,Motocicleta,COLOMBIA
GQU49E,Moto,Motocicleta,COLOMBIA
SKI18A,Moto,Motocicleta,COLOMBIA
YIV43J,Moto,Motocicleta,COLOMBIA
IAB28U,Moto,Motocicleta,COLOMBIA
ANQ105,Carro,Publico,ENVIGADO
JPY599,Carro,Particular,BARRANQUILLA
BXA05P,Moto,Motocicleta,COLOMBIA
RLM07G,Moto,Motocicleta,COLOMBIA
IGM72T,Moto,Motocicleta,COLOMBIA
BKV49P,Moto,Motocicleta,COLOMBIA
IQF734,Carro,Particular,PEREIRA
WBG43D,Moto,Motocicleta,COLOMBIA
KDU541,Carro,Publico,CALI
CPD87Z,Moto,Motocicleta,COLOMBIA
EES41L,Moto,Motocicleta,COLOMBIA
NAJ12L,Moto,Motocicleta,COLOMBIA
KTQ66Y,Moto,Motocicleta,COLOMBIA
VMP74F,Moto,Motocicleta,COLOMBIA
KAB29A,Moto,Motocicleta,COLOMBIA
YNB11X,Moto,Motocicleta,COLOMBIA
CFV20Y,Moto,Motocicleta,COLOMBIA
BZU08K,Moto,Motocicleta,COLOMBIA
IMT946,Carro,Particular,IBAGUE
FUH366,Carro,Oficial,TUNJA
ARY569,Carro,Publico,PEREIRA
HPB902,Carro,Particular,ENVIGADO
NLL07X,Moto,Motocicleta,COLOMBIA
ADC67X,Moto,Motocicleta,COLOMBIA
GQF34W,Moto,Motocicleta,COLOMBIA
XXG60M,Moto,Motocicleta,COLOMBIA
UIA27W,Moto,Motocicleta,COLOMBIA
MWK27N,Moto,Motocicleta,COLOMBIA
CTJ27Z,Moto,Motocicleta,COLOMBIA
DTC07E,Moto,Motocicleta,COLOMBIA
VPC547,Carro,Publico,BOGOTA D.C.
JBW018,Carro,Oficial,PASTO
ZKV71T,Moto,Motocicleta,COLOMBIA
BSW60U,Moto,Motocicleta,COLOMBIA
TXN764,Carro,Publico,ENVIGADO
LXJ014,Carro,Particular,MEDELLIN
FLM39H,Moto,Motocicleta,COLOMBIA
SDY341,Carro,Publico,PASTO
KBT85Z,Moto,Motocicleta,COLOMBIA
EAW602,Carro,Oficial,IBAGUE
TDE70Y,Moto,Motocicleta,COLOMBIA
BPZ424,Carro,Particular,BARRANQUILLA
FRH84Y,Moto,Motocicleta,COLOMBIA
UWE520,Carro,Particular,CALI
MFL91B,Moto,Motocicleta,COLOMBIA
AUJ20B,Moto,Motocicleta,COLOMBIA
FHK58F,Moto,Motocicleta,COLOMBIA
LQC17W,Moto,Motocicleta,COLOMBIA
MEC406,Carro,Particular,CALI
SIX242,Carro,Particular,MANIZALES
MUM944,Carro,Oficial,TUNJA
ETF68F,Moto,Motocicleta,COLOMBIA
BQY74T,Moto,Motocicleta,COLOMBIA
BXN53I,Moto,Motocicleta,COLOMBIA
DKS077,Carro,Oficial,IBAGUE
PVR92U,Moto,Motocicleta,COLOMBIA
NIQ814,Carro,Particular,IBAGUE
UDC33J,Moto,Motocicleta,COLOMBIA
DQF068,Carro,Particular,MEDELLIN
KBX85H,Moto,Motocicleta,COLOMBIA
SUH035,Carro,Oficial,PEREIRA
TKX527,Carro,Oficial,PEREIRA
MDS43F,Moto,Motocicleta,COLOMBIA
GPN927,Carro,Publico,BUCARAMANGA
XDR02C,Moto,Motocicleta,COLOMBIA
BNB03Q,Moto,Motocicleta,COLOMBIA
GZY38W,Moto,Motocicleta,COLOMBIA
QXY15X,Moto,Motocicleta,COLOMBIA
CBW316,Carro,Oficial,ENVIGADO
TIF038,Carro,Publico,MANIZALES
JPD95D,Moto,Motocicleta,COLOMBIA
NQE68B,Moto,Motocicleta,COLOMBIA
MBW101,Carro,Publico,IBAGUE
VWL08Q,Moto,Motocicleta,COLOMBIA
HII72I,Moto,Motocicleta,COLOMBIA
NXU851,Carro,Particular,BUCARAMANGA
ZBG18F,Moto,Motocicleta,COLOMBIA
KNA71D,Moto,Motocicleta,COLOMBIA
HMX220,Carro,Oficial,PASTO
BBJ408,Carro,Publico,PASTO
UAC506,Carro,Particular,ENVIGADO
TSE458,Carro,Particular,BARRANQUILLA
BUV72L,Moto,Motocicleta,COLOMBIA
QEW671,Carro,Particular,CALI
KNL490,Carro,Particular,TUNJA
SCT68A,Moto,Motocicleta,COLOMBIA
EJI68H,Moto,Motocicleta,COLOMBIA
VEG808,Carro,Oficial,CALI
VSK425,Carro,Oficial,MANIZALES
AAY688,Carro,Publico,ENVIGADO
KDX32V,Moto,Motocicleta,COLOMBIA
IYR05C,Moto,Motocicleta,COLOMBIA
RTU233,Carro,Oficial,TUNJA
WRZ82S,Moto,Motocicleta,COLOMBIA
JPG268,Carro,Oficial,BARRANQUILLA
TLQ524,Carro,Publico,CUCUTA
ANH292,Carro,Oficial,BUCARAMANGA
FFA56M,Moto,Motocicleta,COLOMBIA
EZA93K,Moto,Motocicleta,COLOMBIA
XCU984,Carro,Publico,IBAGUE
YHU520,Carro,Oficial,BOGOTA D.C.
UMV549,Carro,Particular,PASTO
ZVC629,Carro,Oficial,PASTO
GBF560,Carro,Particular,BUCARAMANGA
SVS606,Carro,Particular,MEDELLIN
LMJ429,Carro,Particular,ENVIGADO
BLQ24F,Moto,Motocicleta,COLOMBIA
INQ33W,Moto,Motocicleta,COLOMBIA
CIZ199,Carro,Oficial,CUCUTA
YTF510,Carro,Particular,CALI
IVE509,Carro,Particular,TUNJA
UTR580,Carro,Oficial,CUCUTA
EJE529,Carro,Publico,BOGOTA D.C.
IAJ105,Carro,Publico,CUCUTA
BVH53K,Moto,Motocicleta,COLOMBIA
YYP897,Carro,Oficial,BOGOTA D.C.
YZU524,Carro,Particular,CALI
SCQ06X,Moto,Motocicleta,COLOMBIA
TFJ568,Carro,Particular,BOGOTA D.C.
SIW55P,Moto,Motocicleta,COLOMBIA
CQJ79J,Moto,Motocicleta,COLOMBIA
SIM61I,Moto,Motocicleta,COLOMBIA
LUS875,Carro,Particular,BOGOTA D.C.
DWN20R,Moto,Motocicleta,COLOMBIA
MRG011,Carro,Particular,BOGOTA D.C.
IUU47K,Moto,Motocicleta,COLOMBIA
QHE53F,Moto,Motocicleta,COLOMBIA
RMA46F,Moto,Motocicleta,COLOMBIA
WMH25J,Moto,Motocicleta,COLOMBIA
URG69Y,Moto,Motocicleta,COLOMBIA
QDW73N,Moto,Motocicleta,COLOMBIA
KJL35M,Moto,Motocicleta,COLOMBIA
JQF09B,Moto,Motocicleta,COLOMBIA
HPG87N,Moto,Motocicleta,COLOMBIA
BBT061,Carro,Publico,BUCARAMANGA
HSC10A,Moto,Motocicleta,COLOMBIA
QCZ412,Carro,Publico,MEDELLIN
FHP47S,Moto,Motocicleta,COLOMBIA
KBM369,Carro,Publico,MEDELLIN
YEH407,Carro,Oficial,TUNJA
FFZ018,Carro,Particular,MANIZALES
PLQ56W,Moto,Motocicleta,COLOMBIA
HFM649,Carro,Oficial,ENVIGADO
KPY604,Carro,Particular,BARRANQUILLA
IYM792,Carro,Publico,IBAGUE
HNV35T,Moto,Motocicleta,COLOMBIA
RYN33T,Moto,Motocicleta,COLOMBIA
VAV19V,Moto,Motocicleta,COLOMBIA
QSQ28Y,Moto,Motocicleta,COLOMBIA
CEP05G,Moto,Motocicleta,COLOMBIA
CFX033,Carro,Oficial,BOGOTA D.C.
ISD55R,Moto,Motocicleta,COLOMBIA
MWH39G,Moto,Motocicleta,COLOMBIA
DNA80R,Moto,Motocicleta,COLOMBIA
JWA47X,Moto,Motocicleta,COLOMBIA
JEQ644,Carro,Particular,TUNJA
IXV696,Carro,Oficial,MANIZALES
XPF368,Carro,Oficial,TUNJA
RZB975,Carro,Oficial,PEREIRA
DYV43U,Moto,Motocicleta,COLOMBIA
TZA612,Carro,Publico,PASTO
NWP38J,Moto,Motocicleta,COLOMBIA
BLW25A,Moto,Motocicleta,COLOMBIA
SSI47E,Moto,Motocicleta,COLOMBIA
LZS02L,Moto,Motocicleta,COLOMBIA
LDG639,Carro,Particular,BOGOTA D.C.
EBA756,Carro,Oficial,CALI
MBT56N,Moto,Motocicleta,COLOMBIA
PWY35I,Moto,Motocicleta,COLOMBIA
IEW53B,Moto,Motocicleta,COLOMBIA
QTR541,Carro,Oficial,BARRANQUILLA
FNJ97D,Moto,Motocicleta,COLOMBIA
VJQ659,Carro,Publico,CUCUTA
IDW841,Carro,Oficial,PASTO
CFA14U,Moto,Motocicleta,COLOMBIA
FKC240,Carro,Particular,BARRANQUILLA
YCA24U,Moto,Motocicleta,COLOMBIA
SKW731,Carro,Oficial,BUCARAMANGA
TUV950,Carro,Publico,BARRANQUILLA
VQC95X,Moto,Motocicleta,COLOMBIA
QHD526,Carro,Oficial,CUCUTA
NYE70P,Moto,Motocicleta,COLOMBIA
ABV44H,Moto,Motocicleta,COLOMBIA
NYM733,Carro,Particular,BOGOTA D.C.
KGC180,Carro,Particular,CUCUTA
KWX821,Carro,Publico,CALI
KMS504,Carro,Publico,BARRANQUILLA
ZPS28U,Moto,Motocicleta,COLOMBIA
BDA554,Carro,Publico,BOGOTA D.C.
CLM959,Carro,Particular,BARRANQUILLA
EQS831,Carro,Publico,TUNJA
PHS36L,Moto,Motocicleta,COLOMBIA
TME176,Carro,Particular,MANIZALES
GXN921,Carro,Publico,BARRANQUILLA
KSC83J,Moto,Motocicleta,COLOMBIA
PXY36Q,Moto,Motocicleta,COLOMBIA
QAL341,Carro,Particular,MEDELLIN
EEZ63M,Moto,Motocicleta,COLOMBIA
PIH26Q,Moto,Motocicleta,COLOMBIA
BUM00G,Moto,Motocicleta,COLOMBIA
EVX834,Carro,Particular,CALI
SVH64K,Moto,Motocicleta,COLOMBIA
QTL938,Carro,Oficial,CUCUTA
FLF471,Carro,Particular,IBAGUE
QVP131,Carro,Particular,BOGOTA D.C.
JJT12I,Moto,Motocicleta,COLOMBIA
PTJ128,Carro,Oficial,TUNJA
HCD529,Carro,Particular,CUCUTA
VNI610,Carro,Publico,ENVIGADO
JKA09W,Moto,Motocicleta,COLOMBIA
JCE51H,Moto,Motocicleta,COLOMBIA
YWD796,Carro,Publico,BARRANQUILLA
YBW912,Carro,Particular,CALI
DDR884,Carro,Oficial,BARRANQUILLA
CRR84C,Moto,Motocicleta,COLOMBIA
EFZ81W,Moto,Motocicleta,COLOMBIA
DSC034,Carro,Oficial,CALI
QAN742,Carro,Particular,ENVIGADO
UBI877,Carro,Oficial,IBAGUE
XBC694,Carro,Particular,MANIZALES
JPV14X,Moto,Motocicleta,COLOMBIA
EUZ052,Carro,Publico,TUNJA
DAC01C,Moto,Motocicleta,COLOMBIA
MAB18X,Moto,Motocicleta,COLOMBIA
NKC567,Carro,Oficial,MEDELLIN
UTF056,Carro,Particular,BUCARAMANGA
RNU629,Carro,Oficial,BOGOTA D.C.
SGY624,Carro,Particular,BARRANQUILLA
JPK983,Carro,Particular,BUCARAMANGA
ZZI138,Carro,Oficial,PEREIRA
RLV140,Carro,Oficial,IBAGUE
CGG46E,Moto,Motocicleta,COLOMBIA
MCC37Y,Moto,Motocicleta,COLOMBIA
WYP98B,Moto,Motocicleta,COLOMBIA
DJN417,Carro,Oficial,PASTO
HAR90W,Moto,Motocicleta,COLOMBIA
WDV254,Carro,Particular,IBAGUE
VKR991,Carro,Particular,BUCARAMANGA
BWU501,Carro,Particular,CUCUTA
FDM41Z,Moto,Motocicleta,COLOMBIA
PNK056,Carro,Publico,MANIZALES
IGY31H,Moto,Motocicleta,COLOMBIA
PND16P,Moto,Motocicleta,COLOMBIA
NLR514,Carro,Publico,BUCARAMANGA
FSN274,Carro,Particular,MANIZALES
YIN90D,Moto,Motocicleta,COLOMBIA
NAG867,Carro,Oficial,BARRANQUILLA
BHE805,Carro,Oficial,TUNJA
DEM705,Carro,Publico,MANIZALES
RKI48R,Moto,Motocicleta,COLOMBIA
MBK882,Carro,Oficial,PEREIRA
AHR83K,Moto,Motocicleta,COLOMBIA
UBP894,Carro,Particular,PASTO
VIV151,Carro,Publico,BUCARAMANGA
QBK379,Carro,Particular,CALI
REF64P,Moto,Motocicleta,COLOMBIA
FWS17L,Moto,Motocicleta,COLOMBIA
UIW425,Carro,Publico,CALI
RNP97Z,Moto,Motocicleta,COLOMBIA
PLD92Q,Moto,Motocicleta,COLOMBIA
NCL52Q,Moto,Motocicleta,COLOMBIA
NSM15W,Moto,Motocicleta,COLOMBIA
VUQ733,Carro,Particular,PEREIRA
GRP37V,Moto,Motocicleta,COLOMBIA
ZIV83H,Moto,Motocicleta,COLOMBIA
DPH55I,Moto,Motocicleta,COLOMBIA
FEE497,Carro,Publico,BUCARAMANGA
NPB98E,Moto,Motocicleta,COLOMBIA
QPQ50V,Moto,Motocicleta,COLOMBIA
ZPB466,Carro,Particular,CALI
JUS07W,Moto,Motocicleta,COLOMBIA
KEE040,Carro,Oficial,BARRANQUILLA
BVB49S,Moto,Motocicleta,COLOMBIA
MHE663,Carro,Publico,MEDELLIN
MVI327,Carro,Oficial,PEREIRA
EQI40Y,Moto,Motocicleta,COLOMBIA
UYR393,Carro,Publico,ENVIGADO
KZP64P,Moto,Motocicleta,COLOMBIA
SIT96J,Moto,Motocicleta,COLOMBIA
GNT11H,Moto,Motocicleta,COLOMBIA
EJB81U,Moto,Motocicleta,COLOMBIA
KGF31N,Moto,Motocicleta,COLOMBIA
UCF165,Carro,Particular,ENVIGADO
ENQ90V,Moto,Motocicleta,COLOMBIA
QIV554,Carro,Publico,CALI
GJP595,Carro,Oficial,BOGOTA D.C.
JJF41F,Moto,Motocicleta,COLOMBIA
SPD94W,Moto,Motocicleta,COLOMBIA
KVR65L,Moto,Motocicleta,COLOMBIA
ILS16U,Moto,Motocicleta,COLOMBIA
WYW86V,Moto,Motocicleta,COLOMBIA
GDT835,Carro,Oficial,TUNJA
CDE81V,Moto,Motocicleta,COLOMBIA
BVL56E,Moto,Motocicleta,COLOMBIA
EDQ96P,Moto,Motocicleta,COLOMBIA
DQH007,Carro,Particular,CUCUTA
RWI86D,Moto,Motocicleta,COLOMBIA
IRB18X,Moto,Motocicleta,COLOMBIA
MFB414,Carro,Oficial,MEDELLIN
BCA10K,Moto,Motocicleta,COLOMBIA
SJE701,Carro,Publico,TUNJA
WJW621,Carro,Particular,BARRANQUILLA
TIB883,Carro,Publico,TUNJA
MIV985,Carro,Oficial,BARRANQUILLA
XFS88G,Moto,Motocicleta,COLOMBIA
XXS287,Carro,Oficial,BOGOTA D.C.
VNN102,Carro,Publico,MEDELLIN
CJY66F,Moto,Motocicleta,COLOMBIA
HXC53A,Moto,Motocicleta,COLOMBIA
PEY914,Carro,Publico,MEDELLIN
JCF75W,Moto,Motocicleta,COLOMBIA
UGI338,Carro,Oficial,BOGOTA D.C.
JFG73Z,Moto,Motocicleta,COLOMBIA
CJR16C,Moto,Motocicleta,COLOMBIA
GJK01E,Moto,Motocicleta,COLOMBIA
GVQ33J,Moto,Motocicleta,COLOMBIA
UBR712,Carro,Particular,BOGOTA D.C.
SKW915,Carro,Particular,PEREIRA
SIN48P,Moto,Motocicleta,COLOMBIA
LLY58H,Moto,Motocicleta,COLOMBIA
RXC28Z,Moto,Motocicleta,COLOMBIA
EMF49C,Moto,Motocicleta,COLOMBIA
BYT791,Carro,Publico,ENVIGADO
LNY935,Carro,Oficial,TUNJA
CGK28N,Moto,Motocicleta,COLOMBIA
NMM80F,Moto,Motocicleta,COLOMBIA
YMM83Q,Moto,Motocicleta,COLOMBIA
BDL90B,Moto,Motocicleta,COLOMBIA
KWQ411,Carro,Particular,ENVIGADO
AJB62K,Moto,Motocicleta,COLOMBIA
ZWI52B,Moto,Motocicleta,COLOMBIA
KIV562,Carro,Publico,TUNJA
XVU274,Carro,Particular,CALI
LXA03D,Moto,Motocicleta,COLOMBIA
HBS362,Carro,Publico,BOGOTA D.C.
GIX139,Carro,Publico,BARRANQUILLA
NKX56J,Moto,Motocicleta,COLOMBIA
VXW56Q,Moto,Motocicleta,COLOMBIA
TKU518,Carro,Particular,CUCUTA
VGA07Q,Moto,Motocicleta,COLOMBIA
LTV343,Carro,Publico,IBAGUE
YUK09U,Moto,Motocicleta,COLOMBIA
KCB03I,Moto,Motocicleta,COLOMBIA
GAS550,Carro,Oficial,CUCUTA
QCN57J,Moto,Motocicleta,COLOMBIA
YZS217,Carro,Oficial,CALI
NBC02B,Moto,Motocicleta,COLOMBIA
AMV45D,Moto,Motocicleta,COLOMBIA
CLP303,Carro,Publico,ENVIGADO
CBC320,Carro,Publico,BOGOTA D.C.
DIX42I,Moto,Motocicleta,COLOMBIA
MHN66F,Moto,Motocicleta,COLOMBIA
GQU484,Carro,Particular,PASTO
TNB903,Carro,Particular,BOGOTA D.C.
QXR915,Carro,Oficial,TUNJA
UKY476,Carro,Publico,MANIZALES
NEU05A,Moto,Motocicleta,COLOMBIA
AZL599,Carro,Particular,TUNJA
ZCK44G,Moto,Motocicleta,COLOMBIA
GSB69H,Moto,Motocicleta,COLOMBIA
MPV684,Carro,Particular,MEDELLIN
QUE81Q,Moto,Motocicleta,COLOMBIA
QSC67C,Moto,Motocicleta,COLOMBIA
PET537,Carro,Particular,MANIZALES
XLH85T,Moto,Motocicleta,COLOMBIA
PXM725,Carro,Particular,CUCUTA
TIZ54R,Moto,Motocicleta,COLOMBIA
IWK579,Carro,Publico,IBAGUE
LNU467,Carro,Particular,MEDELLIN
XZM16U,Moto,Motocicleta,COLOMBIA
GNV24A,Moto,Motocicleta,COLOMBIA
XEF579,Carro,Oficial,MEDELLIN
NYL68Q,Moto,Motocicleta,COLOMBIA
ZED568,Carro,Publico,MANIZALES
UUD47C,Moto,Motocicleta,COLOMBIA
MIG408,Carro,Particular,PEREIRA
PXC97T,Moto,Motocicleta,COLOMBIA
QEC660,Carro,Publico,BUCARAMANGA
KQH09P,Moto,Motocicleta,COLOMBIA
EAN44X,Moto,Motocicleta,COLOMBIA
JBP886,Carro,Particular,CALI
REC285,Carro,Oficial,MEDELLIN
VGM93M,Moto,Motocicleta,COLOMBIA
TMI70F,Moto,Motocicleta,COLOMBIA
WUJ43N,Moto,Motocicleta,COLOMBIA
UCP153,Carro,Publico,BARRANQUILLA
MPQ79E,Moto,Motocicleta,COLOMBIA
QVH03J,Moto,Motocicleta,COLOMBIA
HGV12W,Moto,Motocicleta,COLOMBIA
JLE966,Carro,Publico,MANIZALES
VQF703,Carro,Publico,MEDELLIN
LZB72L,Moto,Motocicleta,COLOMBIA
MTD817,Carro,Publico,CALI
KPY709,Carro,Publico,MEDELLIN
FPM26Y,Moto,Motocicleta,COLOMBIA
DSK59N,Moto,Motocicleta,COLOMBIA
VCE670,Carro,Publico,BARRANQUILLA
YRL38L,Moto,Motocicleta,COLOMBIA
BEK655,Carro,Particular,CALI
BGR16T,Moto,Motocicleta,COLOMBIA
NUJ89G,Moto,Motocicleta,COLOMBIA
YSS41V,Moto,Motocicleta,COLOMBIA
GDU15Q,Moto,Motocicleta,COLOMBIA
LRG382,Carro,Oficial,PASTO
HCC48H,Moto,Motocicleta,COLOMBIA
KAS083,Carro,Particular,PEREIRA
TLY792,Carro,Particular,ENVIGADO
ZGH11M,Moto,Motocicleta,COLOMBIA
YFN57V,Moto,Motocicleta,COLOMBIA
QQV976,Carro,Publico,TUNJA
DGS597,Carro,Particular,TUNJA
VIQ50G,Moto,Motocicleta,COLOMBIA
FBI150,Carro,Particular,MANIZALES
VUM666,Carro,Particular,CALI
CNZ240,Carro,Publico,CALI
UWZ770,Carro,Publico,PEREIRA
PAC240,Carro,Oficial,BARRANQUILLA
HKF680,Carro,Particular,BOGOTA D.C.
GES01U,Moto,Motocicleta,COLOMBIA
IZC673,Carro,Publico,MEDELLIN
UGD954,Carro,Oficial,BOGOTA D.C.
YXC614,Carro,Oficial,BARRANQUILLA
RMZ181,Carro,Oficial,TUNJA
DSP746,Carro,Publico,PEREIRA
ILU027,Carro,Publico,TUNJA
FWS32A,Moto,Motocicleta,COLOMBIA
VGG348,Carro,Oficial,IBAGUE
ZLQ402,Carro,Oficial,PEREIRA
WTT576,Carro,Publico,BARRANQUILLA
MSH20S,Moto,Motocicleta,COLOMBIA
PYT094,Carro,Particular,BARRANQUILLA
EWC985,Carro,Oficial,MEDELLIN
TPC09W,Moto,Motocicleta,COLOMBIA
ITE81Y,Moto,Motocicleta,COLOMBIA
SLY00Y,Moto,Motocicleta,COLOMBIA
SFD581,Carro,Oficial,PASTO
YZE631,Carro,Particular,CUCUTA
UNX30F,Moto,Motocicleta,COLOMBIA
NRG54S,Moto,Motocicleta,COLOMBIA
ANP293,Carro,Oficial,ENVIGADO
XUE82R,Moto,Motocicleta,COLOMBIA
WKY68U,Moto,Motocicleta,COLOMBIA
WXR15B,Moto,Motocicleta,COLOMBIA
FCZ41P,Moto,Motocicleta,COLOMBIA
JAU67P,Moto,Motocicleta,COLOMBIA
ZEJ42E,Moto,Motocicleta,COLOMBIA
WDP098,Carro,Particular,BARRANQUILLA
QZW49A,Moto,Motocicleta,COLOMBIA
BHD590,Carro,Particular,PASTO
IJC204,Carro,Oficial,BARRANQUILLA
YNI303,Carro,Particular,BOGOTA D.C.
AYV155,Carro,Publico,TUNJA
ZKM42K,Moto,Motocicleta,COLOMBIA
KTN489,Carro,Oficial,PEREIRA
JDW051,Carro,Particular,PASTO
YCD82I,Moto,Motocicleta,COLOMBIA
VYD11G,Moto,Motocicleta,COLOMBIA
YHT47V,Moto,Motocicleta,COLOMBIA
BPF450,Carro,Particular,CUCUTA
GAI84W,Moto,Motocicleta,COLOMBIA
XJH337,Carro,Particular,CUCUTA
VMF21Y,Moto,Motocicleta,COLOMBIA
ECC88D,Moto,Motocicleta,COLOMBIA
TIQ86B,Moto,Motocicleta,COLOMBIA
WXN862,Carro,Oficial,IBAGUE
JIE73P,Moto,Motocicleta,COLOMBIA
QVM63Z,Moto,Motocicleta,COLOMBIA
DEQ75B,Moto,Motocicleta,COLOMBIA
LPT25L,Moto,Motocicleta,COLOMBIA
ZXW19P,Moto,Motocicleta,COLOMBIA
BCS604,Carro,Oficial,ENVIGADO
ANH698,Carro,Oficial,ENVIGADO
PUQ41C,Moto,Motocicleta,COLOMBIA
FKN389,Carro,Publico,BARRANQUILLA
MHV315,Carro,Oficial,BARRANQUILLA
AAG69D,Moto,Motocicleta,COLOMBIA
III06Q,Moto,Motocicleta,COLOMBIA
JJB702,Carro,Publico,BARRANQUILLA
TST145,Carro,Oficial,MEDELLIN
XWF21J,Moto,Motocicleta,COLOMBIA
CPC05K,Moto,Motocicleta,COLOMBIA
RCR180,Carro,Particular,BUCARAMANGA
KZX59D,Moto,Motocicleta,COLOMBIA
GWV004,Carro,Oficial,BARRANQUILLA
YEM221,Carro,Oficial,PEREIRA
WTG025,Carro,Oficial,BOGOTA D.C.
IEK32V,Moto,Motocicleta,COLOMBIA
KCE56L,Moto,Motocicleta,COLOMBIA
MBN49J,Moto,Motocicleta,COLOMBIA
QIA99Q,Moto,Motocicleta,COLOMBIA
AMA414,Carro,Particular,PEREIRA
FWZ81B,Moto,Motocicleta,COLOMBIA
XAD09F,Moto,Motocicleta,COLOMBIA
BYB755,Carro,Particular,IBAGUE
GJP56J,Moto,Motocicleta,COLOMBIA
CEG607,Carro,Publico,BUCARAMANGA
QZF07A,Moto,Motocicleta,COLOMBIA
EXP76H,Moto,Motocicleta,COLOMBIA
KJH976,Carro,Publico,CUCUTA
GBG478,Carro,Publico,CUCUTA
EXQ152,Carro,Publico,BARRANQUILLA
MEF388,Carro,Publico,TUNJA
UPD81T,Moto,Motocicleta,COLOMBIA
GLW22T,Moto,Motocicleta,COLOMBIA
AQE101,Carro,Oficial,BUCARAMANGA
IKS52J,Moto,Motocicleta,COLOMBIA
KWF155,Carro,Particular,ENVIGADO
NAH500,Carro,Oficial,IBAGUE
EMK75Y,Moto,Motocicleta,COLOMBIA
GIC357,Carro,Publico,BARRANQUILLA
VNA886,Carro,Publico,IBAGUE
SGM438,Carro,Publico,ENVIGADO
EJN605,Carro,Particular,CALI
IBG53D,Moto,Motocicleta,COLOMBIA
PZY009,Carro,Publico,BOGOTA D.C.
QMD12N,Moto,Motocicleta,COLOMBIA
VZT655,Carro,Oficial,PASTO
MZQ155,Carro,Particular,PEREIRA
TDD51C,Moto,Motocicleta,COLOMBIA
GEE341,Carro,Particular,BARRANQUILLA
URL439,Carro,Publico,ENVIGADO
QMW64G,Moto,Motocicleta,COLOMBIA
SIY207,Carro,Publico,PEREIRA
UNU480,Carro,Publico,BUCARAMANGA
KGH408,Carro,Publico,PASTO
BWZ69S,Moto,Motocicleta,COLOMBIA
QYK79N,Moto,Motocicleta,COLOMBIA
QCK46W,Moto,Motocicleta,COLOMBIA
BPY82F,Moto,Motocicleta,COLOMBIA
WLI34C,Moto,Motocicleta,COLOMBIA
GRK09Y,Moto,Motocicleta,COLOMBIA
AAC845,Carro,Particular,MANIZALES
SIL111,Carro,Oficial,ENVIGADO
QBC86A,Moto,Motocicleta,COLOMBIA
ZFY463,Carro,Particular,MANIZALES
PAJ149,Carro,Oficial,BARRANQUILLA
LRL23J,Moto,Motocicleta,COLOMBIA
HEX773,Carro,Particular,BARRANQUILLA
NAU99P,Moto,Motocicleta,COLOMBIA
IMN31V,Moto,Motocicleta,COLOMBIA
WXC483,Carro,Publico,IBAGUE
ZMN387,Carro,Publico,MANIZALES
UUK38Z,Moto,Motocicleta,COLOMBIA
SAT74P,Moto,Motocicleta,COLOMBIA
HEB91M,Moto,Motocicleta,COLOMBIA
SWJ02W,Moto,Motocicleta,COLOMBIA
FJT40E,Moto,Motocicleta,COLOMBIA
IVI628,Carro,Publico,BUCARAMANGA
BIG294,Carro,Publico,CALI
JIB242,Carro,Particular,MEDELLIN
QBT38P,Moto,Motocicleta,COLOMBIA
GWV693,Carro,Publico,PASTO
ATG785,Carro,Publico,PEREIRA
UDL047,Carro,Oficial,IBAGUE
EAT78Q,Moto,Motocicleta,COLOMBIA
NIG72I,Moto,Motocicleta,COLOMBIA
LPY004,Carro,Oficial,PASTO
HYG24L,Moto,Motocicleta,COLOMBIA
LJQ941,Carro,Publico,BARRANQUILLA
CMY876,Carro,Particular,BUCARAMANGA
VWF544,Carro,Oficial,PASTO
WRA00U,Moto,Motocicleta,COLOMBIA
BKB637,Carro,Publico,ENVIGADO
SKP69Q,Moto,Motocicleta,COLOMBIA
PAA225,Carro,Particular,BUCARAMANGA
WAR334,Carro,Oficial,ENVIGADO
DED184,Carro,Oficial,CALI
LCX600,Carro,Publico,PASTO
NLU39P,Moto,Motocicleta,COLOMBIA
KFL81T,Moto,Motocicleta,COLOMBIA
PYT012,Carro,Particular,CUCUTA
TRD72Q,Moto,Motocicleta,COLOMBIA
NFA913,Carro,Publico,MEDELLIN
XGJ72N,Moto,Motocicleta,COLOMBIA
GVH38N,Moto,Motocicleta,COLOMBIA
CJF961,Carro,Particular,CUCUTA
SKW675,Carro,Publico,MEDELLIN
KIJ62G,Moto,Motocicleta,COLOMBIA
PFR43Q,Moto,Motocicleta,COLOMBIA
VPN983,Carro,Particular,MEDELLIN
MTN23G,Moto,Motocicleta,COLOMBIA
EGW12S,Moto,Motocicleta,COLOMBIA
HFB58C,Moto,Motocicleta,COLOMBIA
QHN86E,Moto,Motocicleta,COLOMBIA
PVG159,Carro,Publico,IBAGUE
ENT32H,Moto,Motocicleta,COLOMBIA
LBL68F,Moto,Motocicleta,COLOMBIA
IYG360,Carro,Oficial,PEREIRA
ELF73R,Moto,Motocicleta,COLOMBIA
ZFL10S,Moto,Motocicleta,COLOMBIA
BEN82C,Moto,Motocicleta,COLOMBIA
MAB03A,Moto,Motocicleta,COLOMBIA
WVY11B,Moto,Motocicleta,COLOMBIA
GBU611,Carro,Oficial,MANIZALES
JLB12U,Moto,Motocicleta,COLOMBIA
DQF41W,Moto,Motocicleta,COLOMBIA
FLN92E,Moto,Motocicleta,COLOMBIA
XTC77U,Moto,Motocicleta,COLOMBIA
TQT12M,Moto,Motocicleta,COLOMBIA
QQE413,Carro,Publico,BUCARAMANGA
ZSV41I,Moto,Motocicleta,COLOMBIA
EXM78M,Moto,Motocicleta,COLOMBIA
PME82T,Moto,Motocicleta,COLOMBIA
JUF676,Carro,Particular,PEREIRA
BQG88V,Moto,Motocicleta,COLOMBIA
JKT014,Carro,Publico,CALI
XKX13I,Moto,Motocicleta,COLOMBIA
FZE63X,Moto,Motocicleta,COLOMBIA
ZJN135,Carro,Oficial,MANIZALES
CGR599,Carro,Publico,CUCUTA
MQZ548,Carro,Publico,IBAGUE
QNK29R,Moto,Motocicleta,COLOMBIA
UME82I,Moto,Motocicleta,COLOMBIA
HHX737,Carro,Publico,TUNJA
RHT082,Carro,Particular,CALI
WKM110,Carro,Publico,CUCUTA
ZYG268,Carro,Oficial,ENVIGADO
IUM18R,Moto,Motocicleta,COLOMBIA
ILA21K,Moto,Motocicleta,COLOMBIA
ESP143,Carro,Oficial,BUCARAMANGA
JMP10S,Moto,Motocicleta,COLOMBIA
FJW425,Carro,Publico,ENVIGADO
GVA313,Carro,Oficial,BUCARAMANGA
VNI928,Carro,Oficial,MEDELLIN
VTT382,Carro,Oficial,ENVIGADO
TLZ78F,Moto,Motocicleta,COLOMBIA
XNT067,Carro,Publico,BOGOTA D.C.
WPX779,Carro,Oficial,PASTO
JSS267,Carro,Oficial,MANIZALES
ULM595,Carro,Publico,BUCARAMANGA
LCG16S,Moto,Motocicleta,COLOMBIA
HAD75A,Moto,Motocicleta,COLOMBIA
EMH595,Carro,Particular,BARRANQUILLA
JDD13D,Moto,Motocicleta,COLOMBIA
XZX58P,Moto,Motocicleta,COLOMBIA
KKZ743,Carro,Particular,BUCARAMANGA
MMF67B,Moto,Motocicleta,COLOMBIA
FGW467,Carro,Oficial,PEREIRA
CKU82D,Moto,Motocicleta,COLOMBIA
NLV800,Carro,Publico,MANIZALES
ZDV160,Carro,Publico,CALI
FSH19C,Moto,Motocicleta,COLOMBIA
XQF036,Carro,Oficial,CALI
GSK866,Carro,Publico,BARRANQUILLA
FXA965,Carro,Oficial,BUCARAMANGA
PWD381,Carro,Publico,BOGOTA D.C.
HYY19T,Moto,Motocicleta,COLOMBIA
CUH301,Carro,Publico,CALI
RRS52X,Moto,Motocicleta,COLOMBIA
MZC35A,Moto,Motocicleta,COLOMBIA
IXR62K,Moto,Motocicleta,COLOMBIA
NUX604,Carro,Oficial,PEREIRA
CWG22P,Moto,Motocicleta,COLOMBIA
NPP09R,Moto,Motocicleta,COLOMBIA
ISA48N,Moto,Motocicleta,COLOMBIA
HEE99R,Moto,Motocicleta,COLOMBIA
QVD302,Carro,Oficial,MANIZALES
UIG93I,Moto,Motocicleta,COLOMBIA
CJP329,Carro,Publico,BOGOTA D.C.
BSF543,Carro,Oficial,PEREIRA
AQD44L,Moto,Motocicleta,COLOMBIA
XAP13X,Moto,Motocicleta,COLOMBIA
GEV477,Carro,Publico,CUCUTA
UFD65K,Moto,Motocicleta,COLOMBIA
QDI221,Carro,Publico,BARRANQUILLA
KVQ862,Carro,Publico,MANIZALES
IHC33Y,Moto,Motocicleta,COLOMBIA
NAH072,Carro,Particular,PEREIRA
KGR48E,Moto,Motocicleta,COLOMBIA
AYN66Q,Moto,Motocicleta,COLOMBIA
RCS225,Carro,Publico,ENVIGADO
JIL021,Carro,Oficial,MEDELLIN
UII57F,Moto,Motocicleta,COLOMBIA
CZC92J,Moto,Motocicleta,COLOMBIA
VZP31A,Moto,Motocicleta,COLOMBIA
CNQ841,Carro,Oficial,PASTO
DCT359,Carro,Particular,PEREIRA
ENR095,Carro,Oficial,BARRANQUILLA
FUP75W,Moto,Motocicleta,COLOMBIA
QNW007,Carro,Oficial,MANIZALES
PJG060,Carro,Publico,MANIZALES
CER303,Carro,Oficial,TUNJA
NJT644,Carro,Particular,MANIZALES
MGR668,Carro,Particular,PEREIRA
WTQ90Z,Moto,Motocicleta,COLOMBIA
AKV289,Carro,Oficial,PEREIRA
TQH607,Carro,Particular,PASTO
USW651,Carro,Particular,TUNJA
MTQ55I,Moto,Motocicleta,COLOMBIA
HMH586,Carro,Publico,MEDELLIN
LQE42V,Moto,Motocicleta,COLOMBIA
WYT990,Carro,Oficial,PEREIRA
MRH43M,Moto,Motocicleta,COLOMBIA
LBX942,Carro,Oficial,PASTO
UTW25D,Moto,Motocicleta,COLOMBIA
HPC987,Carro,Particular,CALI
XKA60L,Moto,Motocicleta,COLOMBIA
WYV234,Carro,Oficial,MANIZALES
BST46M,Moto,Motocicleta,COLOMBIA
IXH56K,Moto,Motocicleta,COLOMBIA
RCV05K,Moto,Motocicleta,COLOMBIA
DAV65S,Moto,Motocicleta,COLOMBIA
ZVB110,Carro,Particular,TUNJA
JXS630,Carro,Oficial,BUCARAMANGA
FPI04R,Moto,Motocicleta,COLOMBIA
RED76S,Moto,Motocicleta,COLOMBIA
QRT867,Carro,Particular,CALI
MXK36X,Moto,Motocicleta,COLOMBIA
QQH936,Carro,Particular,TUNJA
RPL00F,Moto,Motocicleta,COLOMBIA
ZUJ45Q,Moto,Motocicleta,COLOMBIA
FAR670,Carro,Publico,TUNJA
WJA716,Carro,Publico,CUCUTA
CTX239,Carro,Oficial,PASTO
DZF151,Carro,Particular,CALI
EMU38C,Moto,Motocicleta,COLOMBIA
LEH414,Carro,Oficial,CUCUTA
WCH00H,Moto,Motocicleta,COLOMBIA
NCJ942,Carro,Publico,PEREIRA
ZJV09F,Moto,Motocicleta,COLOMBIA
WGC24A,Moto,Motocicleta,COLOMBIA
WPP98E,Moto,Motocicleta,COLOMBIA
YIW01E,Moto,Motocicleta,COLOMBIA
BLH511,Carro,Particular,BUCARAMANGA
GBA16C,Moto,Motocicleta,COLOMBIA
EXT814,Carro,Particular,BARRANQUILLA
QJP455,Carro,Publico,IBAGUE
JUQ78L,Moto,Motocicleta,COLOMBIA
XPF226,Carro,Particular,BUCARAMANGA
AGL752,Carro,Particular,PASTO
NKE28K,Moto,Motocicleta,COLOMBIA
RMY021,Carro,Publico,IBAGUE
SSH072,Carro,Particular,MANIZALES
ISU92S,Moto,Motocicleta,COLOMBIA
CBK91I,Moto,Motocicleta,COLOMBIA
GQV402,Carro,Oficial,CALI
VSP45R,Moto,Motocicleta,COLOMBIA
GDA846,Carro,Publico,PASTO
JCB738,Carro,Publico,ENVIGADO
JYT59S,Moto,Motocicleta,COLOMBIA
IER161,Carro,Particular,MANIZALES
SQK231,Carro,Particular,TUNJA
SAV704,Carro,Publico,CALI
YUI770,Carro,Publico,MEDELLIN
XNK90D,Moto,Motocicleta,COLOMBIA
SNT55P,Moto,Motocicleta,COLOMBIA
AXY95Q,Moto,Motocicleta,COLOMBIA
TPN47G,Moto,Motocicleta,COLOMBIA
VQF182,Carro,Oficial,PEREIRA
SYI304,Carro,Particular,MEDELLIN
VQP063,Carro,Publico,BUCARAMANGA
INU309,Carro,Publico,MANIZALES
DHH947,Carro,Particular,CUCUTA
ZXP20Z,Moto,Motocicleta,COLOMBIA
LIT46L,Moto,Motocicleta,COLOMBIA
VDP746,Carro,Publico,CUCUTA
CIQ297,Carro,Oficial,MEDELLIN
ELL675,Carro,Oficial,BARRANQUILLA
ZLF46U,Moto,Motocicleta,COLOMBIA
EAL19L,Moto,Motocicleta,COLOMBIA
QHP59E,Moto,Motocicleta,COLOMBIA
WLD852,Carro,Publico,ENVIGADO
ESI955,Carro,Publico,CALI
KJW16V,Moto,Motocicleta,COLOMBIA
TCG52A,Moto,Motocicleta,COLOMBIA
DUN38C,Moto,Motocicleta,COLOMBIA
PER750,Carro,Particular,BUCARAMANGA
IET28K,Moto,Motocicleta,COLOMBIA
EVZ331,Carro,Publico,IBAGUE
QHZ230,Carro,Publico,TUNJA
RSK189,Carro,Oficial,BUCARAMANGA
SJG27F,Moto,Motocicleta,COLOMBIA
FVA17V,Moto,Motocicleta,COLOMBIA
ZAF086,Carro,Particular,CALI
GEQ32I,Moto,Motocicleta,COLOMBIA
HTY02M,Moto,Motocicleta,COLOMBIA
CKZ197,Carro,Publico,MEDELLIN
YIW941,Carro,Particular,BARRANQUILLA
VEH53C,Moto,Motocicleta,COLOMBIA
PBN076,Carro,Publico,CALI
AJU388,Carro,Particular,PEREIRA
BNH333,Carro,Oficial,ENVIGADO
LRI196,Carro,Particular,TUNJA
EHA232,Carro,Particular,MEDELLIN
CQX90Q,Moto,Motocicleta,COLOMBIA
BKM586,Carro,Publico,CALI
TZS74T,Moto,Motocicleta,COLOMBIA
CLL325,Carro,Publico,PEREIRA
PEU177,Carro,Publico,BARRANQUILLA
YLS98H,Moto,Motocicleta,COLOMBIA
FZX29S,Moto,Motocicleta,COLOMBIA
IBE10S,Moto,Motocicleta,COLOMBIA
FRX54W,Moto,Motocicleta,COLOMBIA
FXQ371,Carro,Particular,TUNJA
MFN446,Carro,Publico,PASTO
CPJ04Y,Moto,Motocicleta,COLOMBIA
HUG712,Carro,Particular,BARRANQUILLA
WLQ05Y,Moto,Motocicleta,COLOMBIA
FFJ820,Carro,Particular,BOGOTA D.C.
AHB82C,Moto,Motocicleta,COLOMBIA
FRL654,Carro,Particular,BARRANQUILLA
CPR006,Carro,Particular,CUCUTA
TBV71Q,Moto,Motocicleta,COLOMBIA
HRD07T,Moto,Motocicleta,COLOMBIA
GHR794,Carro,Particular,PEREIRA
GHR54P,Moto,Motocicleta,COLOMBIA
GKN39H,Moto,Motocicleta,COLOMBIA
MWQ18L,Moto,Motocicleta,COLOMBIA
JHK76X,Moto,Motocicleta,COLOMBIA
DLV371,Carro,Publico,ENVIGADO
NGK56S,Moto,Motocicleta,COLOMBIA
WBD621,Carro,Publico,BARRANQUILLA
APK30Y,Moto,Motocicleta,COLOMBIA
EJY77B,Moto,Motocicleta,COLOMBIA
LKU568,Carro,Particular,BUCARAMANGA
NWI54D,Moto,Motocicleta,COLOMBIA
HYI600,Carro,Oficial,MANIZALES
QRX77D,Moto,Motocicleta,COLOMBIA
SGV08C,Moto,Motocicleta,COLOMBIA
ULF825,Carro,Particular,CUCUTA
QFC339,Carro,Oficial,PASTO
YWS340,Carro,Particular,MEDELLIN
WGY52A,Moto,Motocicleta,COLOMBIA
DLG854,Carro,Particular,MEDELLIN
EEV535,Carro,Oficial,PEREIRA
SGK12D,Moto,Motocicleta,COLOMBIA
ZBF01E,Moto,Motocicleta,COLOMBIA
SQT040,Carro,Particular,PASTO
LEK83Q,Moto,Motocicleta,COLOMBIA
XTM41N,Moto,Motocicleta,COLOMBIA
GPK702,Carro,Publico,PASTO
HMQ50Y,Moto,Motocicleta,COLOMBIA
LXL75C,Moto,Motocicleta,COLOMBIA
IRF692,Carro,Particular,TUNJA
ZJN76G,Moto,Motocicleta,COLOMBIA
FEM55S,Moto,Motocicleta,COLOMBIA
LMQ796,Carro,Particular,ENVIGADO
RZN119,Carro,Publico,PASTO
TXF94B,Moto,Motocicleta,COLOMBIA
BLP97Y,Moto,Motocicleta,COLOMBIA
IPA27R,Moto,Motocicleta,COLOMBIA
GHC00S,Moto,Motocicleta,COLOMBIA
DPZ954,Carro,Publico,BUCARAMANGA
CDI28I,Moto,Motocicleta,COLOMBIA
ZUF74W,Moto,Motocicleta,COLOMBIA
IDE33U,Moto,Motocicleta,COLOMBIA
YWS12H,Moto,Motocicleta,COLOMBIA
BLW094,Carro,Particular,BOGOTA D.C.
WWY68H,Moto,Motocicleta,COLOMBIA
NBK50N,Moto,Motocicleta,COLOMBIA
WKI283,Carro,Oficial,PEREIRA
WBG695,Carro,Oficial,BOGOTA D.C.
DIV003,Carro,Publico,ENVIGADO
ULE257,Carro,Oficial,ENVIGADO
IPN019,Carro,Oficial,PEREIRA
ZTE189,Carro,Oficial,MANIZALES
XAE824,Carro,Oficial,BARRANQUILLA
DNA038,Carro,Publico,MANIZALES
HMD264,Carro,Publico,PEREIRA
KWA707,Carro,Oficial,BUCARAMANGA
ESW66W,Moto,Motocicleta,COLOMBIA
JEY718,Carro,Oficial,MEDELLIN
QYR566,Carro,Publico,BUCARAMANGA
SVL19F,Moto,Motocicleta,COLOMBIA
BVT873,Carro,Publico,TUNJA
LFF80X,Moto,Motocicleta,COLOMBIA
UPW96P,Moto,Motocicleta,COLOMBIA
UCC46U,Moto,Motocicleta,COLOMBIA
VQH35F,Moto,Motocicleta,COLOMBIA
VRI87B,Moto,Motocicleta,COLOMBIA
KDJ52I,Moto,Motocicleta,COLOMBIA
JBC832,Carro,Publico,MANIZALES
DBF91N,Moto,Motocicleta,COLOMBIA
FEE87X,Moto,Motocicleta,COLOMBIA
INR04N,Moto,Motocicleta,COLOMBIA
AHB130,Carro,Publico,PEREIRA
EIS496,Carro,Oficial,MEDELLIN
RLL30K,Moto,Motocicleta,COLOMBIA
IYF46X,Moto,Motocicleta,COLOMBIA
ZNX885,Carro,Oficial,BUCARAMANGA
QSQ309,Carro,Oficial,MANIZALES
YYR59S,Moto,Motocicleta,COLOMBIA
ATR69E,Moto,Motocicleta,COLOMBIA
LLF35K,Moto,Motocicleta,COLOMBIA
CSG84N,Moto,Motocicleta,COLOMBIA
VDW07N,Moto,Motocicleta,COLOMBIA
VIK949,Carro,Oficial,PASTO
QEY008,Carro,Particular,MEDELLIN
QGL08Y,Moto,Motocicleta,COLOMBIA
ZJG228,Carro,Oficial,BOGOTA D.C.
XEP50V,Moto,Motocicleta,COLOMBIA
TGU41J,Moto,Motocicleta,COLOMBIA
CAP559,Carro,Publico,CUCUTA
NBE55B,Moto,Motocicleta,COLOMBIA
PIG012,Carro,Publico,BUCARAMANGA
WKF15U,Moto,Motocicleta,COLOMBIA
VMQ40F,Moto,Motocicleta,COLOMBIA
HZE84Y,Moto,Motocicleta,COLOMBIA
KRK98A,Moto,Motocicleta,COLOMBIA
KHF94Q,Moto,Motocicleta,COLOMBIA
IYR73T,Moto,Motocicleta,COLOMBIA
NQB57T,Moto,Motocicleta,COLOMBIA
LNC035,Carro,Publico,BARRANQUILLA
QRL81I,Moto,Motocicleta,COLOMBIA
WMX97L,Moto,Motocicleta,COLOMBIA
HTE211,Carro,Oficial,CALI
EQB27K,Moto,Motocicleta,COLOMBIA
LYZ85I,Moto,Motocicleta,COLOMBIA
RJK00J,Moto,Motocicleta,COLOMBIA
KMS85J,Moto,Motocicleta,COLOMBIA
ZFD921,Carro,Oficial,ENVIGADO
LFV636,Carro,Oficial,BOGOTA D.C.
RIN532,Carro,Particular,PEREIRA
CUY92U,Moto,Motocicleta,COLOMBIA
MVU64N,Moto,Motocicleta,COLOMBIA
ZWH70J,Moto,Motocicleta,COLOMBIA
YAG485,Carro,Particular,BOGOTA D.C.
PKQ868,Carro,Oficial,MEDELLIN
YLK028,Carro,Publico,TUNJA
MBG60X,Moto,Motocicleta,COLOMBIA
KWC190,Carro,Particular,ENVIGADO
XFU297,Carro,Publico,TUNJA
BTN00R,Moto,Motocicleta,COLOMBIA
HML64G,Moto,Motocicleta,COLOMBIA
GZD33U,Moto,Motocicleta,COLOMBIA
EQC49R,Moto,Motocicleta,COLOMBIA
LRI457,Carro,Particular,TUNJA
GUN897,Carro,Publico,ENVIGADO
QPF28T,Moto,Motocicleta,COLOMBIA
UNM97A,Moto,Motocicleta,COLOMBIA
DAX648,Carro,Publico,CALI
YPU973,Carro,Oficial,MANIZALES
RCR548,Carro,Oficial,PASTO
XWK92F,Moto,Motocicleta,COLOMBIA
ZLQ374,Carro,Oficial,IBAGUE
NQB506,Carro,Particular,BUCARAMANGA
USV14E,Moto,Motocicleta,COLOMBIA
YHH899,Carro,Oficial,TUNJA
VTA300,Carro,Particular,CALI
ZEC05E,Moto,Motocicleta,COLOMBIA
ZPM646,Carro,Oficial,BOGOTA D.C.
NYA76M,Moto,Motocicleta,COLOMBIA
SLN57Z,Moto,Motocicleta,COLOMBIA
JDK003,Carro,Oficial,IBAGUE
QLQ11X,Moto,Motocicleta,COLOMBIA
KSI84T,Moto,Motocicleta,COLOMBIA
QNL604,Carro,Publico,BUCARAMANGA
KCG05J,Moto,Motocicleta,COLOMBIA
YUD019,Carro,Publico,TUNJA
RBH147,Carro,Particular,IBAGUE
LVK046,Carro,Publico,BARRANQUILLA
LAB87J,Moto,Motocicleta,COLOMBIA
LQD383,Carro,Particular,MEDELLIN
SRV52V,Moto,Motocicleta,COLOMBIA
ZKZ97N,Moto,Motocicleta,COLOMBIA
WIL25R,Moto,Motocicleta,COLOMBIA
WZW505,Carro,Oficial,MANIZALES
LDR24E,Moto,Motocicleta,COLOMBIA
XGB282,Carro,Oficial,PASTO
URQ831,Carro,Particular,CUCUTA
QPG230,Carro,Publico,BUCARAMANGA
HBB58Q,Moto,Motocicleta,COLOMBIA
ITA704,Carro,Particular,MANIZALES
GXF873,Carro,Publico,IBAGUE
FNU798,Carro,Publico,PEREIRA
ATX56W,Moto,Motocicleta,COLOMBIA
XVN55F,Moto,Motocicleta,COLOMBIA
YFX607,Carro,Oficial,PASTO
FNG420,Carro,Oficial,BARRANQUILLA
PWM97L,Moto,Motocicleta,COLOMBIA
KIJ88G,Moto,Motocicleta,COLOMBIA
PBF007,Carro,Oficial,CUCUTA
WTK89L,Moto,Motocicleta,COLOMBIA
WSV37N,Moto,Motocicleta,COLOMBIA
SKM737,Carro,Oficial,PASTO
VRE112,Carro,Publico,ENVIGADO
NIM84F,Moto,Motocicleta,COLOMBIA
ZIW33H,Moto,Motocicleta,COLOMBIA
FPI053,Carro,Publico,PASTO
LRM34D,Moto,Motocicleta,COLOMBIA
LWN566,Carro,Oficial,BOGOTA D.C.
ZTE20D,Moto,Motocicleta,COLOMBIA
NYS796,Carro,Oficial,BUCARAMANGA
PQN683,Carro,Particular,IBAGUE
TUC110,Carro,Oficial,IBAGUE
MSI106,Carro,Publico,BARRANQUILLA
CTD436,Carro,Oficial,MANIZALES
BHD12K,Moto,Motocicleta,COLOMBIA
XDP245,Carro,Oficial,IBAGUE
PIU051,Carro,Oficial,CALI
VYP78T,Moto,Motocicleta,COLOMBIA
MEC997,Carro,Oficial,BARRANQUILLA
JSI963,Carro,Publico,CALI
DMU208,Carro,Particular,IBAGUE
YHB563,Carro,Publico,BOGOTA D.C.
WGC12Y,Moto,Motocicleta,COLOMBIA
KMG571,Carro,Particular,CALI
BGV723,Carro,Particular,PEREIRA
HYD194,Carro,Publico,BARRANQUILLA
CAX647,Carro,Particular,ENVIGADO
KST703,Carro,Particular,MEDELLIN
LBI948,Carro,Particular,ENVIGADO
WQA80T,Moto,Motocicleta,COLOMBIA
UQI646,Carro,Particular,BUCARAMANGA
WWH14K,Moto,Motocicleta,COLOMBIA
NQR261,Carro,Oficial,PASTO
XCG167,Carro,Oficial,CUCUTA
SWN036,Carro,Particular,MANIZALES
PKD646,Carro,Oficial,PEREIRA
XVQ58S,Moto,Motocicleta,COLOMBIA
WXM27L,Moto,Motocicleta,COLOMBIA
TBE43B,Moto,Motocicleta,COLOMBIA
DRR321,Carro,Publico,CUCUTA
RTG94P,Moto,Motocicleta,COLOMBIA
BIG14X,Moto,Motocicleta,COLOMBIA
YKG619,Carro,Oficial,ENVIGADO
PFA654,Carro,Particular,MEDELLIN
VKR97S,Moto,Motocicleta,COLOMBIA
XTV67J,Moto,Motocicleta,COLOMBIA
YTX868,Carro,Particular,MANIZALES
PFB27W,Moto,Motocicleta,COLOMBIA
IVJ122,Carro,Oficial,ENVIGADO
LHR586,Carro,Particular,BUCARAMANGA
UDE312,Carro,Particular,BUCARAMANGA
NHP48L,Moto,Motocicleta,COLOMBIA
MBH804,Carro,Publico,PASTO
WRS34P,Moto,Motocicleta,COLOMBIA
UNI59R,Moto,Motocicleta,COLOMBIA
JZY345,Carro,Publico,BARRANQUILLA
XCA90P,Moto,Motocicleta,COLOMBIA
QGZ832,Carro,Oficial,BUCARAMANGA
RDS859,Carro,Particular,PEREIRA
PBA11Q,Moto,Motocicleta,COLOMBIA
GUP83R,Moto,Motocicleta,COLOMBIA
JIM149,Carro,Oficial,PEREIRA
LCL962,Carro,Oficial,IBAGUE
BRR53G,Moto,Motocicleta,COLOMBIA
HKY774,Carro,Particular,BUCARAMANGA
VBF911,Carro,Particular,MEDELLIN
TYA781,Carro,Publico,PEREIRA
HTK40R,Moto,Motocicleta,COLOMBIA
CUV461,Carro,Publico,PASTO
SDE29E,Moto,Motocicleta,COLOMBIA
UQF88C,Moto,Motocicleta,COLOMBIA
WDR84Q,Moto,Motocicleta,COLOMBIA
SKJ48Z,Moto,Motocicleta,COLOMBIA
FMW071,Carro,Particular,BOGOTA D.C.
HPD11D,Moto,Motocicleta,COLOMBIA
DWP995,Carro,Particular,CALI
FTP511,Carro,Oficial,PEREIRA
ZIW076,Carro,Oficial,BOGOTA D.C.
BTY214,Carro,Particular,BARRANQUILLA
GSQ89Y,Moto,Motocicleta,COLOMBIA
PZR037,Carro,Publico,MANIZALES
WTW522,Carro,Particular,BUCARAMANGA
YTA582,Carro,Particular,BOGOTA D.C.
GHQ402,Carro,Publico,CALI
PYS95Z,Moto,Motocicleta,COLOMBIA
UPN586,Carro,Oficial,BOGOTA D.C.
TZU03K,Moto,Motocicleta,COLOMBIA
WKS253,Carro,Publico,IBAGUE
WTT460,Carro,Particular,BOGOTA D.C.
THC45L,Moto,Motocicleta,COLOMBIA
JTA572,Carro,Publico,MEDELLIN
KMJ04T,Moto,Motocicleta,COLOMBIA
AAR169,Carro,Publico,MEDELLIN
QGD586,Carro,Publico,BARRANQUILLA
DBW175,Carro,Publico,ENVIGADO
ATX36B,Moto,Motocicleta,COLOMBIA
WDI59D,Moto,Motocicleta,COLOMBIA
UCF31Y,Moto,Motocicleta,COLOMBIA
LHS726,Carro,Publico,MEDELLIN
MWY623,Carro,Particular,CALI
LLP794,Carro,Publico,BOGOTA D.C.
MRV732,Carro,Particular,PASTO
TUM596,Carro,Oficial,PEREIRA
EWI20A,Moto,Motocicleta,COLOMBIA
JNX973,Carro,Publico,BOGOTA D.C.
LEX806,Carro,Oficial,BOGOTA D.C.
KAQ42M,Moto,Motocicleta,COLOMBIA
QBC823,Carro,Oficial,MANIZALES
IDX37S,Moto,Motocicleta,COLOMBIA
NXB17Z,Moto,Motocicleta,COLOMBIA
JAI81S,Moto,Motocicleta,COLOMBIA
DZR479,Carro,Oficial,CALI
JNA369,Carro,Particular,MANIZALES
XUI15Q,Moto,Motocicleta,COLOMBIA
PQP72R,Moto,Motocicleta,COLOMBIA
CMN234,Carro,Publico,PASTO
MJL19S,Moto,Motocicleta,COLOMBIA
DUJ30F,Moto,Motocicleta,COLOMBIA
CEM97F,Moto,Motocicleta,COLOMBIA
GZX298,Carro,Particular,IBAGUE
BLU767,Carro,Particular,ENVIGADO
HVJ541,Carro,Oficial,CUCUTA
HYN55X,Moto,Motocicleta,COLOMBIA
FWQ512,Carro,Particular,PASTO
UZC482,Carro,Particular,MEDELLIN
UUC58Z,Moto,Motocicleta,COLOMBIA
BBA73X,Moto,Motocicleta,COLOMBIA
CDA790,Carro,Oficial,CALI
LQQ011,Carro,Publico,MEDELLIN
VRA95J,Moto,Motocicleta,COLOMBIA
BCU839,Carro,Publico,PASTO
IYI63H,Moto,Motocicleta,COLOMBIA
QQB40C,Moto,Motocicleta,COLOMBIA
FYR872,Carro,Particular,BUCARAMANGA
BKM61G,Moto,Motocicleta,COLOMBIA
NER55I,Moto,Motocicleta,COLOMBIA
WLL144,Carro,Oficial,ENVIGADO
NTF560,Carro,Oficial,BUCARAMANGA
YBD71R,Moto,Motocicleta,COLOMBIA
AAM135,Carro,Publico,TUNJA
NJK20H,Moto,Motocicleta,COLOMBIA
RRX68E,Moto,Motocicleta,COLOMBIA
TDX42A,Moto,Motocicleta,COLOMBIA
RQG95Y,Moto,Motocicleta,COLOMBIA
XAU119,Carro,Particular,ENVIGADO
PNQ022,Carro,Oficial,CUCUTA
RTQ25P,Moto,Motocicleta,COLOMBIA
XLZ706,Carro,Publico,BARRANQUILLA
WBW25T,Moto,Motocicleta,COLOMBIA
PTW091,Carro,Oficial,TUNJA
WQW44Q,Moto,Motocicleta,COLOMBIA
UIS32Q,Moto,Motocicleta,COLOMBIA
EQF646,Carro,Oficial,ENVIGADO
LRI857,Carro,Particular,ENVIGADO
WBF48V,Moto,Motocicleta,COLOMBIA
GVN704,Carro,Publico,BUCARAMANGA
CKK49J,Moto,Motocicleta,COLOMBIA
BQB74U,Moto,Motocicleta,COLOMBIA
PYA42L,Moto,Motocicleta,COLOMBIA
DPA11J,Moto,Motocicleta,COLOMBIA
CEM047,Carro,Oficial,BOGOTA D.C.
MSW442,Carro,Particular,CUCUTA
VLK89J,Moto,Motocicleta,COLOMBIA
NZS78B,Moto,Motocicleta,COLOMBIA
MPC22F,Moto,Motocicleta,COLOMBIA
KUR32N,Moto,Motocicleta,COLOMBIA
DVR372,Carro,Particular,TUNJA
RDF45K,Moto,Motocicleta,COLOMBIA
SAR91S,Moto,Motocicleta,COLOMBIA
MCW531,Carro,Publico,PEREIRA
WXG514,Carro,Publico,ENVIGADO
LHP669,Carro,Oficial,PASTO
PBM743,Carro,Oficial,CUCUTA
LJX14B,Moto,Motocicleta,COLOMBIA
TZM917,Carro,Oficial,BUCARAMANGA
IWV71B,Moto,Motocicleta,COLOMBIA
HTH807,Carro,Publico,TUNJA
NVT13B,Moto,Motocicleta,COLOMBIA
HNU311,Carro,Oficial,IBAGUE
JWW853,Carro,Oficial,CALI
SRY786,Carro,Particular,CALI
LCB45B,Moto,Motocicleta,COLOMBIA
UDI57T,Moto,Motocicleta,COLOMBIA
JJJ133,Carro,Particular,MEDELLIN
GXH678,Carro,Publico,BARRANQUILLA
SGF14J,Moto,Motocicleta,COLOMBIA
XNL00K,Moto,Motocicleta,COLOMBIA
BJI07F,Moto,Motocicleta,COLOMBIA
BED90J,Moto,Motocicleta,COLOMBIA
NZW03M,Moto,Motocicleta,COLOMBIA
INK857,Carro,Oficial,CUCUTA
ZCY74V,Moto,Motocicleta,COLOMBIA
DNV06D,Moto,Motocicleta,COLOMBIA
EZM271,Carro,Oficial,TUNJA
SWN199,Carro,Oficial,BARRANQUILLA
UAK746,Carro,Publico,ENVIGADO
LDU62R,Moto,Motocicleta,COLOMBIA
WCT411,Carro,Publico,ENVIGADO
QNI61V,Moto,Motocicleta,COLOMBIA
FBG04Y,Moto,Motocicleta,COLOMBIA
YIB45R,Moto,Motocicleta,COLOMBIA
CBM491,Carro,Particular,TUNJA
ZCB19M,Moto,Motocicleta,COLOMBIA
DKV36V,Moto,Motocicleta,COLOMBIA
IYC11J,Moto,Motocicleta,COLOMBIA
XVW707,Carro,Publico,MEDELLIN
HFP025,Carro,Oficial,ENVIGADO
THW28U,Moto,Motocicleta,COLOMBIA
YZE65F,Moto,Motocicleta,COLOMBIA
XWT40E,Moto,Motocicleta,COLOMBIA
MUC210,Carro,Oficial,CUCUTA
SJR72T,Moto,Motocicleta,COLOMBIA
EIJ793,Carro,Publico,MANIZALES
FAZ91X,Moto,Motocicleta,COLOMBIA
RIC464,Carro,Oficial,BUCARAMANGA
JRQ56N,Moto,Motocicleta,COLOMBIA
UJE62F,Moto,Motocicleta,COLOMBIA
UUW797,Carro,Particular,CUCUTA
TGQ54C,Moto,Motocicleta,COLOMBIA
LFG21S,Moto,Motocicleta,COLOMBIA
EUE69F,Moto,Motocicleta,COLOMBIA
XJH732,Carro,Oficial,BUCARAMANGA
MMR79U,Moto,Motocicleta,COLOMBIA
ZIU941,Carro,Particular,MEDELLIN
MYU070,Carro,Publico,TUNJA
XKG23K,Moto,Motocicleta,COLOMBIA
KVY914,Carro,Publico,BUCARAMANGA
PTE079,Carro,Particular,TUNJA
FKY10B,Moto,Motocicleta,COLOMBIA
RDQ89C,Moto,Motocicleta,COLOMBIA
UHE376,Carro,Publico,TUNJA
XFK555,Carro,Publico,PASTO
YLH780,Carro,Publico,MEDELLIN
QCN333,Carro,Oficial,BOGOTA D.C.
CUW54N,Moto,Motocicleta,COLOMBIA
CFR67H,Moto,Motocicleta,COLOMBIA
CMT196,Carro,Publico,PEREIRA
ESX86V,Moto,Motocicleta,COLOMBIA
VBW89U,Moto,Motocicleta,COLOMBIA
PYY64Z,Moto,Motocicleta,COLOMBIA
ICP56G,Moto,Motocicleta,COLOMBIA
FUT699,Carro,Oficial,BOGOTA D.C.
IRS629,Carro,Publico,MANIZALES
WJR50R,Moto,Motocicleta,COLOMBIA
CGR59E,Moto,Motocicleta,COLOMBIA
HNZ82G,Moto,Motocicleta,COLOMBIA
WVC15X,Moto,Motocicleta,COLOMBIA
GLH290,Carro,Publico,IBAGUE
GHI111,Carro,Oficial,CUCUTA
RJT351,Carro,Oficial,ENVIGADO
ZRK16M,Moto,Motocicleta,COLOMBIA
UIX02U,Moto,Motocicleta,COLOMBIA
RRJ11H,Moto,Motocicleta,COLOMBIA
BPU870,Carro,Oficial,BARRANQUILLA
VUF43L,Moto,Motocicleta,COLOMBIA
WJV293,Carro,Oficial,MANIZALES
LEA816,Carro,Particular,BARRANQUILLA
YXI19Q,Moto,Motocicleta,COLOMBIA
RII609,Carro,Oficial,PEREIRA
LAE352,Carro,Publico,TUNJA
LQS708,Carro,Particular,BARRANQUILLA
FLL954,Carro,Oficial,PEREIRA
LLB486,Carro,Oficial,TUNJA
ERV146,Carro,Publico,PEREIRA
QIR771,Carro,Particular,ENVIGADO
RYT44F,Moto,Motocicleta,COLOMBIA
XFQ84V,Moto,Motocicleta,COLOMBIA
SPC39N,Moto,Motocicleta,COLOMBIA
ZHM89C,Moto,Motocicleta,COLOMBIA
VLF824,Carro,Oficial,PEREIRA
XNT609,Carro,Particular,IBAGUE
ENG986,Carro,Particular,BARRANQUILLA
XPY769,Carro,Particular,ENVIGADO
ZHD82K,Moto,Motocicleta,COLOMBIA
ETL08X,Moto,Motocicleta,COLOMBIA
ANU726,Carro,Oficial,PASTO
DCH74V,Moto,Motocicleta,COLOMBIA
IUL09Z,Moto,Motocicleta,COLOMBIA
LIA17Y,Moto,Motocicleta,COLOMBIA
LAK579,Carro,Oficial,BARRANQUILLA
LNA53A,Moto,Motocicleta,COLOMBIA
BKV856,Carro,Oficial,PEREIRA
KRL345,Carro,Oficial,TUNJA
QCI879,Carro,Publico,PEREIRA
SMQ303,Carro,Publico,ENVIGADO
JRC318,Carro,Oficial,CALI
BZS53P,Moto,Motocicleta,COLOMBIA
ZSW88R,Moto,Motocicleta,COLOMBIA
RVU375,Carro,Publico,MEDELLIN
HBY21A,Moto,Motocicleta,COLOMBIA
VRZ72N,Moto,Motocicleta,COLOMBIA
INV99H,Moto,Motocicleta,COLOMBIA
PTH67Z,Moto,Motocicleta,COLOMBIA
GLT139,Carro,Particular,PASTO
DWD754,Carro,Oficial,PEREIRA
CBC33K,Moto,Motocicleta,COLOMBIA
IQA427,Carro,Oficial,CALI
JKN324,Carro,Particular,BARRANQUILLA
RVJ04X,Moto,Motocicleta,COLOMBIA
JZP799,Carro,Publico,ENVIGADO
ZXN83P,Moto,Motocicleta,COLOMBIA
CCZ171,Carro,Oficial,ENVIGADO
VVT819,Carro,Publico,BUCARAMANGA
LRZ112,Carro,Particular,BOGOTA D.C.
EZS875,Carro,Oficial,IBAGUE
DTL93N,Moto,Motocicleta,COLOMBIA
CXL212,Carro,Publico,BOGOTA D.C.
MXV420,Carro,Particular,CALI
BEM54U,Moto,Motocicleta,COLOMBIA
BQX726,Carro,Publico,BOGOTA D.C.
PAV661,Carro,Publico,IBAGUE
YEQ332,Carro,Oficial,BOGOTA D.C.
RJF822,Carro,Publico,PEREIRA
WKR633,Carro,Oficial,ENVIGADO
DDM406,Carro,Oficial,CUCUTA
ESQ68Y,Moto,Motocicleta,COLOMBIA
NDD93Z,Moto,Motocicleta,COLOMBIA
SVN037,Carro,Particular,CALI
LLI588,Carro,Particular,MANIZALES
DBH94J,Moto,Motocicleta,COLOMBIA
CDT314,Carro,Oficial,BARRANQUILLA
TSN27K,Moto,Motocicleta,COLOMBIA
KCN479,Carro,Oficial,BUCARAMANGA
GKI510,Carro,Oficial,BUCARAMANGA
AJC062,Carro,Oficial,PEREIRA
BBH737,Carro,Publico,BARRANQUILLA
BBD507,Carro,Oficial,MANIZALES
RGE80J,Moto,Motocicleta,COLOMBIA
VRP177,Carro,Oficial,BOGOTA D.C.
PZG68J,Moto,Motocicleta,COLOMBIA
XSG572,Carro,Particular,TUNJA
BTR81C,Moto,Motocicleta,COLOMBIA
AWP55U,Moto,Motocicleta,COLOMBIA
JJZ62L,Moto,Motocicleta,COLOMBIA
DJP61F,Moto,Motocicleta,COLOMBIA
SQM00L,Moto,Motocicleta,COLOMBIA
SAF66X,Moto,Motocicleta,COLOMBIA
JRV849,Carro,Publico,CALI
SMV91S,Moto,Motocicleta,COLOMBIA
AQL76I,Moto,Motocicleta,COLOMBIA
MYB856,Carro,Publico,TUNJA
ZHJ012,Carro,Particular,BARRANQUILLA
MJQ118,Carro,Publico,MEDELLIN
JIH946,Carro,Publico,BOGOTA D.C.
LAV43H,Moto,Motocicleta,COLOMBIA
YAS504,Carro,Particular,TUNJA
SZG027,Carro,Particular,PASTO
BEI633,Carro,Publico,BOGOTA D.C.
XDA823,Carro,Oficial,CALI
VQJ269,Carro,Publico,PASTO
WIF87M,Moto,Motocicleta,COLOMBIA
HHX394,Carro,Publico,IBAGUE
ULC89S,Moto,Motocicleta,COLOMBIA
DHH20A,Moto,Motocicleta,COLOMBIA
MCK390,Carro,Publico,IBAGUE
NRX436,Carro,Particular,PEREIRA
ANY022,Carro,Oficial,MANIZALES
QIE959,Carro,Publico,CALI
PKP85Q,Moto,Motocicleta,COLOMBIA
ITB471,Carro,Oficial,BARRANQUILLA
SWD13F,Moto,Motocicleta,COLOMBIA
STH40R,Moto,Motocicleta,COLOMBIA
RYE68C,Moto,Motocicleta,COLOMBIA
LCB99R,Moto,Motocicleta,COLOMBIA
CTA888,Carro,Oficial,MEDELLIN
ZUX77E,Moto,Motocicleta,COLOMBIA
KML92Z,Moto,Motocicleta,COLOMBIA
HMM49L,Moto,Motocicleta,COLOMBIA
FAJ92V,Moto,Motocicleta,COLOMBIA
YUP676,Carro,Particular,BARRANQUILLA
ZND29V,Moto,Motocicleta,COLOMBIA
QBN396,Carro,Publico,BUCARAMANGA
ZPT027,Carro,Oficial,MEDELLIN
MKT54S,Moto,Motocicleta,COLOMBIA
EDX363,Carro,Oficial,BOGOTA D.C.
HAM808,Carro,Particular,BUCARAMANGA
QZL43F,Moto,Motocicleta,COLOMBIA
SFR17K,Moto,Motocicleta,COLOMBIA
PMD75G,Moto,Motocicleta,COLOMBIA
JTC56T,Moto,Motocicleta,COLOMBIA
BLE857,Carro,Particular,CALI
UZP05D,Moto,Motocicleta,COLOMBIA
WQT47V,Moto,Motocicleta,COLOMBIA
JZF97Q,Moto,Motocicleta,COLOMBIA
KSB18A,Moto,Motocicleta,COLOMBIA
AXK97P,Moto,Motocicleta,COLOMBIA
KZQ121,Carro,Oficial,ENVIGADO
RGL10I,Moto,Motocicleta,COLOMBIA
XTJ840,Carro,Oficial,TUNJA
SBU55C,Moto,Motocicleta,COLOMBIA
IJU65I,Moto,Motocicleta,COLOMBIA
YAP481,Carro,Particular,CALI
LVW212,Carro,Particular,CUCUTA
BSP84U,Moto,Motocicleta,COLOMBIA
QAQ33K,Moto,Motocicleta,COLOMBIA
USQ21T,Moto,Motocicleta,COLOMBIA
HBD192,Carro,Oficial,IBAGUE
UAT772,Carro,Particular,TUNJA
PJY46G,Moto,Motocicleta,COLOMBIA
XSR74F,Moto,Motocicleta,COLOMBIA
NQK74M,Moto,Motocicleta,COLOMBIA
PQM36K,Moto,Motocicleta,COLOMBIA
FBN328,Carro,Oficial,CUCUTA
BUI113,Carro,Publico,BOGOTA D.C.
AXP09Z,Moto,Motocicleta,COLOMBIA
HHP88N,Moto,Motocicleta,COLOMBIA
ZLB720,Carro,Particular,ENVIGADO
XAY01G,Moto,Motocicleta,COLOMBIA
GRR394,Carro,Oficial,TUNJA
VNJ547,Carro,Oficial,IBAGUE
WHI045,Carro,Particular,ENVIGADO
HQR08U,Moto,Motocicleta,COLOMBIA
XCZ47R,Moto,Motocicleta,COLOMBIA
VCE47V,Moto,Motocicleta,COLOMBIA
NYV354,Carro,Publico,MEDELLIN
FUN623,Carro,Particular,TUNJA
QXZ592,Carro,Oficial,PASTO
SKF051,Carro,Publico,BOGOTA D.C.
CNW60Q,Moto,Motocicleta,COLOMBIA
RMZ60Z,Moto,Motocicleta,COLOMBIA
NWR64A,Moto,Motocicleta,COLOMBIA
MRJ30A,Moto,Motocicleta,COLOMBIA
WCB730,Carro,Oficial,BUCARAMANGA
MLV175,Carro,Oficial,IBAGUE
DRG938,Carro,Particular,CUCUTA
QBV100,Carro,Particular,PASTO
QET27S,Moto,Motocicleta,COLOMBIA
QKM015,Carro,Publico,CUCUTA
BXT53M,Moto,Motocicleta,COLOMBIA
BNP89U,Moto,Motocicleta,COLOMBIA
ZXE054,Carro,Oficial,CALI
FLQ349,Carro,Oficial,CUCUTA
MLE688,Carro,Publico,CALI
ENY34F,Moto,Motocicleta,COLOMBIA
MZJ853,Carro,Oficial,MANIZALES
ISW99W,Moto,Motocicleta,COLOMBIA
YZQ55A,Moto,Motocicleta,COLOMBIA
FRN15R,Moto,Motocicleta,COLOMBIA
XBN74R,Moto,Motocicleta,COLOMBIA
DXS686,Carro,Particular,ENVIGADO
RGB975,Carro,Publico,PASTO
DIB043,Carro,Publico,MANIZALES
KMZ634,Carro,Publico,BUCARAMANGA
SBS940,Carro,Publico,BUCARAMANGA
RUS299,Carro,Particular,MANIZALES
VBX45F,Moto,Motocicleta,COLOMBIA
QNK474,Carro,Particular,TUNJA
SIT157,Carro,Oficial,CUCUTA
EGD686,Carro,Oficial,BUCARAMANGA
GUB515,Carro,Oficial,PEREIRA
RDP252,Carro,Particular,BOGOTA D.C.
GND13W,Moto,Motocicleta,COLOMBIA
QTD326,Carro,Oficial,PASTO
DWM511,Carro,Particular,PASTO
JTC925,Carro,Particular,MEDELLIN
RBA993,Carro,Oficial,TUNJA
TCW27D,Moto,Motocicleta,COLOMBIA
THM628,Carro,Oficial,IBAGUE
JFC979,Carro,Particular,BOGOTA D.C.
XXJ43V,Moto,Motocicleta,COLOMBIA
UCB729,Carro,Publico,MEDELLIN
MHC75D,Moto,Motocicleta,COLOMBIA
LHY05K,Moto,Motocicleta,COLOMBIA
JST43E,Moto,Motocicleta,COLOMBIA
QGW60N,Moto,Motocicleta,COLOMBIA
SDG68P,Moto,Motocicleta,COLOMBIA
DXV329,Carro,Particular,TUNJA
XAP558,Carro,Particular,CALI
QQN90J,Moto,Motocicleta,COLOMBIA
PUC979,Carro,Particular,BARRANQUILLA
EAI513,Carro,Publico,PEREIRA
CEE832,Carro,Publico,PEREIRA
ZHA467,Carro,Publico,PEREIRA
QWS478,Carro,Publico,BARRANQUILLA
REN16L,Moto,Motocicleta,COLOMBIA
NXZ562,Carro,Particular,PASTO
BJJ937,Carro,Particular,CUCUTA
TII935,Carro,Particular,CUCUTA
XWG118,Carro,Particular,TUNJA
CGV157,Carro,Publico,MEDELLIN
GJQ535,Carro,Particular,BUCARAMANGA
CWK80Z,Moto,Motocicleta,COLOMBIA
SVS38E,Moto,Motocicleta,COLOMBIA
UFC21U,Moto,Motocicleta,COLOMBIA
ACM42K,Moto,Motocicleta,COLOMBIA
MYS26E,Moto,Motocicleta,COLOMBIA
JKX95E,Moto,Motocicleta,COLOMBIA
MFD82T,Moto,Motocicleta,COLOMBIA
JNH436,Carro,Publico,TUNJA
WZK146,Carro,Publico,IBAGUE
KQU96A,Moto,Motocicleta,COLOMBIA
ETQ413,Carro,Particular,ENVIGADO
MML19D,Moto,Motocicleta,COLOMBIA
QXU65C,Moto,Motocicleta,COLOMBIA
ELB386,Carro,Particular,BARRANQUILLA
IJL741,Carro,Publico,CALI
YBH27P,Moto,Motocicleta,COLOMBIA
SDW12B,Moto,Motocicleta,COLOMBIA
KIT580,Carro,Publico,BOGOTA D.C.
HHB65A,Moto,Motocicleta,COLOMBIA
NAL15K,Moto,Motocicleta,COLOMBIA
HCF821,Carro,Publico,PEREIRA
RXD075,Carro,Oficial,BUCARAMANGA
HBU66J,Moto,Motocicleta,COLOMBIA
WUK85M,Moto,Motocicleta,COLOMBIA
UIR76A,Moto,Motocicleta,COLOMBIA
YQQ002,Carro,Publico,CALI
XZU73S,Moto,Motocicleta,COLOMBIA
UDY45V,Moto,Motocicleta,COLOMBIA
HEJ478,Carro,Publico,CALI
JKW91S,Moto,Motocicleta,COLOMBIA
PLE61W,Moto,Motocicleta,COLOMBIA
UYZ162,Carro,Oficial,ENVIGADO
FBL014,Carro,Publico,CALI
KHZ86H,Moto,Motocicleta,COLOMBIA
RPA877,Carro,Particular,BOGOTA D.C.
KKR74E,Moto,Motocicleta,COLOMBIA
FLU69T,Moto,Motocicleta,COLOMBIA
JLK411,Carro,Oficial,IBAGUE
GXF05T,Moto,Motocicleta,COLOMBIA
QJJ795,Carro,Particular,CUCUTA
PCB55H,Moto,Motocicleta,COLOMBIA
VQW67K,Moto,Motocicleta,COLOMBIA
CDQ121,Carro,Publico,MANIZALES
YAK45X,Moto,Motocicleta,COLOMBIA
AXD749,Carro,Publico,BARRANQUILLA
NKY895,Carro,Publico,MANIZALES
JJS84R,Moto,Motocicleta,COLOMBIA
HGB99B,Moto,Motocicleta,COLOMBIA
BPK736,Carro,Publico,TUNJA
TUX58J,Moto,Motocicleta,COLOMBIA
PZN94Z,Moto,Motocicleta,COLOMBIA
NMI533,Carro,Publico,BOGOTA D.C.
LMQ014,Carro,Particular,ENVIGADO
QBU628,Carro,Publico,CUCUTA
MFQ471,Carro,Particular,PASTO
XDV033,Carro,Particular,TUNJA
VUY718,Carro,Particular,ENVIGADO
GXA620,Carro,Publico,PASTO
NIE014,Carro,Particular,TUNJA
FZD079,Carro,Particular,BUCARAMANGA
NPA102,Carro,Particular,PASTO
PPV63H,Moto,Motocicleta,COLOMBIA
IIU61Y,Moto,Motocicleta,COLOMBIA
AHC90L,Moto,Motocicleta,COLOMBIA
GHK867,Carro,Oficial,CALI
HWZ441,Carro,Oficial,CALI
WYC972,Carro,Publico,ENVIGADO
TRW48X,Moto,Motocicleta,COLOMBIA
XLX359,Carro,Particular,TUNJA
LWJ667,Carro,Oficial,PASTO
HDK28R,Moto,Motocicleta,COLOMBIA
TSS89H,Moto,Motocicleta,COLOMBIA
MUN774,Carro,Oficial,ENVIGADO
ZAP37E,Moto,Motocicleta,COLOMBIA
GUB51P,Moto,Motocicleta,COLOMBIA
AHI32G,Moto,Motocicleta,COLOMBIA
KTJ937,Carro,Publico,BOGOTA D.C.
ENI04P,Moto,Motocicleta,COLOMBIA
QJR655,Carro,Particular,BOGOTA D.C.
VBI157,Carro,Publico,IBAGUE
LBJ65K,Moto,Motocicleta,COLOMBIA
YCY220,Carro,Oficial,BARRANQUILLA
TDD19M,Moto,Motocicleta,COLOMBIA
SZI39D,Moto,Motocicleta,COLOMBIA
PDB63M,Moto,Motocicleta,COLOMBIA
NNK723,Carro,Oficial,PEREIRA
PDD742,Carro,Publico,MEDELLIN
EWV936,Carro,Oficial,TUNJA
WCK071,Carro,Oficial,BOGOTA D.C.
YSQ595,Carro,Particular,ENVIGADO
FXD087,Carro,Publico,TUNJA
NBL005,Carro,Oficial,BUCARAMANGA
EEZ39Y,Moto,Motocicleta,COLOMBIA
CKC12F,Moto,Motocicleta,COLOMBIA
FLD29R,Moto,Motocicleta,COLOMBIA
AIX64M,Moto,Motocicleta,COLOMBIA
LZZ95C,Moto,Motocicleta,COLOMBIA
XZJ30X,Moto,Motocicleta,COLOMBIA
NNR525,Carro,Publico,BOGOTA D.C.
ELS99G,Moto,Motocicleta,COLOMBIA
WFN028,Carro,Oficial,MANIZALES
GZH456,Carro,Particular,PEREIRA
DYS697,Carro,Oficial,MEDELLIN
TJM288,Carro,Particular,TUNJA
BQR496,Carro,Publico,MEDELLIN
YUV26E,Moto,Motocicleta,COLOMBIA
ETP021,Carro,Oficial,TUNJA
DQC16T,Moto,Motocicleta,COLOMBIA
JYD79A,Moto,Motocicleta,COLOMBIA
GUL10X,Moto,Motocicleta,COLOMBIA
HZI37P,Moto,Motocicleta,COLOMBIA
BAH770,Carro,Publico,MEDELLIN
NHL769,Carro,Particular,TUNJA
KUF639,Carro,Publico,TUNJA
JCW233,Carro,Particular,BARRANQUILLA
NWB240,Carro,Publico,BUCARAMANGA
WKM29X,Moto,Motocicleta,COLOMBIA
PHR826,Carro,Oficial,CUCUTA
XMV33Y,Moto,Motocicleta,COLOMBIA
JSP170,Carro,Oficial,BOGOTA D.C.
FVK61I,Moto,Motocicleta,COLOMBIA
GXT843,Carro,Particular,BARRANQUILLA
RYX69S,Moto,Motocicleta,COLOMBIA
CVL07M,Moto,Motocicleta,COLOMBIA
CAI473,Carro,Publico,BARRANQUILLA
RHW75U,Moto,Motocicleta,COLOMBIA
XDU425,Carro,Publico,TUNJA
TAM362,Carro,Oficial,IBAGUE
IMJ612,Carro,Particular,BUCARAMANGA
QUG39J,Moto,Motocicleta,COLOMBIA
PUM58S,Moto,Motocicleta,COLOMBIA
DJF31X,Moto,Motocicleta,COLOMBIA
LYD687,Carro,Oficial,PASTO
JUY205,Carro,Particular,ENVIGADO
CQQ277,Carro,Particular,MEDELLIN
DGH555,Carro,Publico,ENVIGADO
QYU94L,Moto,Motocicleta,COLOMBIA
TAA567,Carro,Publico,PASTO
YEI65S,Moto,Motocicleta,COLOMBIA
YST90W,Moto,Motocicleta,COLOMBIA
CJN893,Carro,Publico,ENVIGADO
JVS755,Carro,Particular,CALI
GXE05A,Moto,Motocicleta,COLOMBIA
XRY34T,Moto,Motocicleta,COLOMBIA
BMM32B,Moto,Motocicleta,COLOMBIA
YAG519,Carro,Publico,PASTO
GQA306,Carro,Publico,TUNJA
IHF53C,Moto,Motocicleta,COLOMBIA
NTG71E,Moto,Motocicleta,COLOMBIA
PVX22M,Moto,Motocicleta,COLOMBIA
JRL36Z,Moto,Motocicleta,COLOMBIA
ZTH02H,Moto,Motocicleta,COLOMBIA
YTZ259,Carro,Publico,PEREIRA
LWI17M,Moto,Motocicleta,COLOMBIA
UVJ39I,Moto,Motocicleta,COLOMBIA
TKX381,Carro,Publico,TUNJA
MSS061,Carro,Oficial,BUCARAMANGA
CLL21W,Moto,Motocicleta,COLOMBIA
WEP98U,Moto,Motocicleta,COLOMBIA
SZD849,Carro,Particular,BARRANQUILLA
YVU85B,Moto,Motocicleta,COLOMBIA
UGW90P,Moto,Motocicleta,COLOMBIA
SNT091,Carro,Publico,ENVIGADO
HXT27B,Moto,Motocicleta,COLOMBIA
WTZ797,Carro,Particular,BUCARAMANGA
WBJ59C,Moto,Motocicleta,COLOMBIA
PLY771,Carro,Particular,ENVIGADO
ZVP169,Carro,Particular,MEDELLIN
GPW52H,Moto,Motocicleta,COLOMBIA
DAR545,Carro,Publico,ENVIGADO
NDS750,Carro,Particular,BUCARAMANGA
WDM21F,Moto,Motocicleta,COLOMBIA
CZW54P,Moto,Motocicleta,COLOMBIA
RDU07M,Moto,Motocicleta,COLOMBIA
NZS80Y,Moto,Motocicleta,COLOMBIA
BBT152,Carro,Oficial,MANIZALES
MJR828,Carro,Oficial,CALI
WED76Q,Moto,Motocicleta,COLOMBIA
EFK015,Carro,Publico,MEDELLIN
KRV255,Carro,Particular,CALI
GCP255,Carro,Publico,PEREIRA
KRJ05H,Moto,Motocicleta,COLOMBIA
USE344,Carro,Publico,MEDELLIN
UGI195,Carro,Oficial,BUCARAMANGA
YGF74S,Moto,Motocicleta,COLOMBIA
LLN632,Carro,Oficial,MANIZALES
EUM115,Carro,Publico,TUNJA
GCD717,Carro,Oficial,BOGOTA D.C.
PQD377,Carro,Oficial,CALI
XJP282,Carro,Oficial,IBAGUE
MQN90E,Moto,Motocicleta,COLOMBIA
AIT699,Carro,Oficial,CUCUTA
CGC56L,Moto,Motocicleta,COLOMBIA
KQB18L,Moto,Motocicleta,COLOMBIA
FCU025,Carro,Publico,MEDELLIN
NZT34H,Moto,Motocicleta,COLOMBIA
PLN47R,Moto,Motocicleta,COLOMBIA
WXU730,Carro,Publico,MANIZALES
EWP047,Carro,Publico,ENVIGADO
REG86K,Moto,Motocicleta,COLOMBIA
JBI91F,Moto,Motocicleta,COLOMBIA
VMV41Z,Moto,Motocicleta,COLOMBIA
HEJ93E,Moto,Motocicleta,COLOMBIA
PUT851,Carro,Particular,ENVIGADO
QIC634,Carro,Oficial,TUNJA
IBZ497,Carro,Particular,TUNJA
MWR731,Carro,Publico,MANIZALES
RJB69F,Moto,Motocicleta,COLOMBIA
GDZ68N,Moto,Motocicleta,COLOMBIA
BZP853,Carro,Oficial,CUCUTA
ENT935,Carro,Particular,MEDELLIN
PDH178,Carro,Oficial,CALI
KDS749,Carro,Particular,MANIZALES
TTY027,Carro,Publico,BOGOTA D.C.
SXR31Y,Moto,Motocicleta,COLOMBIA
BZD48L,Moto,Motocicleta,COLOMBIA
CCZ13A,Moto,Motocicleta,COLOMBIA
BEJ75S,Moto,Motocicleta,COLOMBIA
MGD436,Carro,Oficial,PEREIRA
BAL348,Carro,Publico,BARRANQUILLA
NVK434,Carro,Oficial,ENVIGADO
IEB77S,Moto,Motocicleta,COLOMBIA
DYN142,Carro,Oficial,BARRANQUILLA
ZMW606,Carro,Particular,MANIZALES
RXM00L,Moto,Motocicleta,COLOMBIA
SAX618,Carro,Publico,MANIZALES
CLZ924,Carro,Publico,MANIZALES
TYB679,Carro,Oficial,MEDELLIN
CIW43C,Moto,Motocicleta,COLOMBIA
UYR233,Carro,Particular,IBAGUE
DAV723,Carro,Oficial,BARRANQUILLA
EEM322,Carro,Particular,PASTO
LNN50H,Moto,Motocicleta,COLOMBIA
XPK29A,Moto,Motocicleta,COLOMBIA
GSZ51I,Moto,Motocicleta,COLOMBIA
ZIF39Y,Moto,Motocicleta,COLOMBIA
KUU463,Carro,Oficial,BARRANQUILLA
SBM974,Carro,Publico,MEDELLIN
MIA42N,Moto,Motocicleta,COLOMBIA
RID36M,Moto,Motocicleta,COLOMBIA
MAN04D,Moto,Motocicleta,COLOMBIA
BLQ08Y,Moto,Motocicleta,COLOMBIA
SIB15G,Moto,Motocicleta,COLOMBIA
SQN70M,Moto,Motocicleta,COLOMBIA
KPG181,Carro,Publico,CALI
TMQ00K,Moto,Motocicleta,COLOMBIA
HVZ66D,Moto,Motocicleta,COLOMBIA
XHP894,Carro,Particular,PEREIRA
TRW994,Carro,Particular,CUCUTA
FJF16T,Moto,Motocicleta,COLOMBIA
YBZ289,Carro,Publico,BUCARAMANGA
PYJ444,Carro,Particular,BOGOTA D.C.
WWZ48U,Moto,Motocicleta,COLOMBIA
DQH10E,Moto,Motocicleta,COLOMBIA
QKT479,Carro,Oficial,TUNJA
NCB81N,Moto,Motocicleta,COLOMBIA
TLG438,Carro,Publico,IBAGUE
XGW20F,Moto,Motocicleta,COLOMBIA
ATJ712,Carro,Oficial,MANIZALES
XXD29F,Moto,Motocicleta,COLOMBIA
ZFT50E,Moto,Motocicleta,COLOMBIA
NNS944,Carro,Particular,MEDELLIN
DSY44N,Moto,Motocicleta,COLOMBIA
MFW16D,Moto,Motocicleta,COLOMBIA
HBX90U,Moto,Motocicleta,COLOMBIA
TME90U,Moto,Motocicleta,COLOMBIA
SIQ656,Carro,Particular,PEREIRA
QBF54S,Moto,Motocicleta,COLOMBIA
EAS383,Carro,Oficial,IBAGUE
QTK19Z,Moto,Motocicleta,COLOMBIA
KCF47N,Moto,Motocicleta,COLOMBIA
EJC28X,Moto,Motocicleta,COLOMBIA
BHH97Q,Moto,Motocicleta,COLOMBIA
RWZ556,Carro,Oficial,BUCARAMANGA
FKN566,Carro,Particular,TUNJA
QYF371,Carro,Publico,MANIZALES
ZMV046,Carro,Particular,TUNJA
CMI217,Carro,Particular,TUNJA
NEW88H,Moto,Motocicleta,COLOMBIA
QHP03R,Moto,Motocicleta,COLOMBIA
CTC952,Carro,Particular,CUCUTA
NRV12N,Moto,Motocicleta,COLOMBIA
NJS08I,Moto,Motocicleta,COLOMBIA
WRU208,Carro,Publico,IBAGUE
DYQ38A,Moto,Motocicleta,COLOMBIA
EXX739,Carro,Oficial,BUCARAMANGA
HMC408,Carro,Particular,MANIZALES
KXL598,Carro,Particular,MANIZALES
NVG53N,Moto,Motocicleta,COLOMBIA
IZR297,Carro,Particular,IBAGUE
PAU88F,Moto,Motocicleta,COLOMBIA
AMQ061,Carro,Oficial,PASTO
BPJ476,Carro,Particular,MEDELLIN
EYJ028,Carro,Particular,CALI
ZTM31Q,Moto,Motocicleta,COLOMBIA
TLM822,Carro,Oficial,BUCARAMANGA
RPV69M,Moto,Motocicleta,COLOMBIA
NCA818,Carro,Particular,BUCARAMANGA
RGL68R,Moto,Motocicleta,COLOMBIA
MIM412,Carro,Particular,BARRANQUILLA
KQT493,Carro,Oficial,MEDELLIN
CUW49K,Moto,Motocicleta,COLOMBIA
ZWA41D,Moto,Motocicleta,COLOMBIA
QSE82T,Moto,Motocicleta,COLOMBIA
IIH14Y,Moto,Motocicleta,COLOMBIA
UPH36J,Moto,Motocicleta,COLOMBIA
DBJ416,Carro,Particular,MEDELLIN
DTT694,Carro,Publico,MEDELLIN
HUV04Z,Moto,Motocicleta,COLOMBIA
KHZ07F,Moto,Motocicleta,COLOMBIA
PJV40D,Moto,Motocicleta,COLOMBIA
XHT39T,Moto,Motocicleta,COLOMBIA
SZF13D,Moto,Motocicleta,COLOMBIA
MRF09J,Moto,Motocicleta,COLOMBIA
VBD995,Carro,Publico,TUNJA
LGZ41Z,Moto,Motocicleta,COLOMBIA
YMU842,Carro,Particular,MANIZALES
KJV60U,Moto,Motocicleta,COLOMBIA
XZV54Y,Moto,Motocicleta,COLOMBIA
GCA665,Carro,Oficial,CUCUTA
RIF11G,Moto,Motocicleta,COLOMBIA
KAA287,Carro,Publico,MANIZALES
EAV548,Carro,Particular,CALI
RRH13S,Moto,Motocicleta,COLOMBIA
MAL585,Carro,Publico,IBAGUE
ZEN79U,Moto,Motocicleta,COLOMBIA
CFE19W,Moto,Motocicleta,COLOMBIA
NMY85Y,Moto,Motocicleta,COLOMBIA
EVS98X,Moto,Motocicleta,COLOMBIA
TIW244,Carro,Oficial,CALI
BJS53D,Moto,Motocicleta,COLOMBIA
KUF51S,Moto,Motocicleta,COLOMBIA
QQG35B,Moto,Motocicleta,COLOMBIA
CBX789,Carro,Oficial,PASTO
AMY94E,Moto,Motocicleta,COLOMBIA
WNB898,Carro,Oficial,MANIZALES
MCE36X,Moto,Motocicleta,COLOMBIA
MGA528,Carro,Publico,PEREIRA
WME94V,Moto,Motocicleta,COLOMBIA
RRV61A,Moto,Motocicleta,COLOMBIA
PFN873,Carro,Particular,MEDELLIN
JDZ548,Carro,Particular,TUNJA
ANB707,Carro,Particular,CALI
WYP586,Carro,Publico,IBAGUE
JNP887,Carro,Particular,PEREIRA
MQC99A,Moto,Motocicleta,COLOMBIA
IRQ601,Carro,Publico,BUCARAMANGA
HIT43K,Moto,Motocicleta,COLOMBIA
XTE909,Carro,Oficial,BUCARAMANGA
LHJ863,Carro,Publico,ENVIGADO
MLZ96S,Moto,Motocicleta,COLOMBIA
AXU683,Carro,Publico,BARRANQUILLA
ZVU053,Carro,Particular,MANIZALES
MZS82C,Moto,Motocicleta,COLOMBIA
PFZ82L,Moto,Motocicleta,COLOMBIA
NAZ694,Carro,Particular,ENVIGADO
VKB24X,Moto,Motocicleta,COLOMBIA
DXE462,Carro,Oficial,ENVIGADO
ULS53R,Moto,Motocicleta,COLOMBIA
QRA08Q,Moto,Motocicleta,COLOMBIA
SKU991,Carro,Particular,BOGOTA D.C.
AIJ98B,Moto,Motocicleta,COLOMBIA
TLI394,Carro,Publico,BOGOTA D.C.
SDU076,Carro,Publico,MEDELLIN
AQW503,Carro,Publico,MEDELLIN
KTG635,Carro,Publico,BOGOTA D.C.
MXY522,Carro,Oficial,MANIZALES
NDN638,Carro,Oficial,PASTO
NWM990,Carro,Particular,BARRANQUILLA
YBV54A,Moto,Motocicleta,COLOMBIA
YZA42X,Moto,Motocicleta,COLOMBIA
DIN874,Carro,Publico,PASTO
SSM801,Carro,Particular,BUCARAMANGA
WND70V,Moto,Motocicleta,COLOMBIA
JXD93H,Moto,Motocicleta,COLOMBIA
LBY772,Carro,Oficial,PEREIRA
ZFW834,Carro,Oficial,PEREIRA
FFC066,Carro,Particular,ENVIGADO
TBQ964,Carro,Publico,MEDELLIN
YNN69A,Moto,Motocicleta,COLOMBIA
HIQ87N,Moto,Motocicleta,COLOMBIA
CTU116,Carro,Publico,BARRANQUILLA
RHD49V,Moto,Motocicleta,COLOMBIA
SJY16I,Moto,Motocicleta,COLOMBIA
DDV03U,Moto,Motocicleta,COLOMBIA
MIW77U,Moto,Motocicleta,COLOMBIA
GUP922,Carro,Particular,ENVIGADO
GUZ981,Carro,Oficial,PEREIRA
YCA07N,Moto,Motocicleta,COLOMBIA
FCJ29C,Moto,Motocicleta,COLOMBIA
TZM813,Carro,Publico,PASTO
WLI28C,Moto,Motocicleta,COLOMBIA
YMX451,Carro,Publico,CUCUTA
MCR79I,Moto,Motocicleta,COLOMBIA
EWC95X,Moto,Motocicleta,COLOMBIA
GKP521,Carro,Particular,CUCUTA
CWP776,Carro,Particular,ENVIGADO
CQL359,Carro,Oficial,BOGOTA D.C.
DNA43D,Moto,Motocicleta,COLOMBIA
LUR46W,Moto,Motocicleta,COLOMBIA
JID690,Carro,Oficial,PASTO
HRS722,Carro,Particular,CUCUTA
SIH64F,Moto,Motocicleta,COLOMBIA
DDZ68N,Moto,Motocicleta,COLOMBIA
LNH21I,Moto,Motocicleta,COLOMBIA
YZD281,Carro,Publico,MANIZALES
BLQ75Q,Moto,Motocicleta,COLOMBIA
SIB736,Carro,Particular,CALI
TXK23K,Moto,Motocicleta,COLOMBIA
HEA725,Carro,Publico,MEDELLIN
LVS45V,Moto,Motocicleta,COLOMBIA
RFQ459,Carro,Oficial,MEDELLIN
PSU678,Carro,Particular,BARRANQUILLA
DYA229,Carro,Oficial,BARRANQUILLA
FTJ664,Carro,Publico,BARRANQUILLA
LRT453,Carro,Publico,PEREIRA
CHY616,Carro,Particular,IBAGUE
QIW461,Carro,Oficial,BUCARAMANGA
LVB72I,Moto,Motocicleta,COLOMBIA
PZV436,Carro,Publico,MEDELLIN
KEJ147,Carro,Publico,CALI
WCY411,Carro,Oficial,BUCARAMANGA
RZE469,Carro,Particular,MANIZALES
FNM15K,Moto,Motocicleta,COLOMBIA
ADT11C,Moto,Motocicleta,COLOMBIA
WUV583,Carro,Publico,TUNJA
SPU689,Carro,Publico,BARRANQUILLA
AID38S,Moto,Motocicleta,COLOMBIA
FRM49K,Moto,Motocicleta,COLOMBIA
PBB459,Carro,Publico,CALI
AJH015,Carro,Oficial,CALI
JLS980,Carro,Publico,BARRANQUILLA
VNM19Z,Moto,Motocicleta,COLOMBIA
MID80D,Moto,Motocicleta,COLOMBIA
LIF22T,Moto,Motocicleta,COLOMBIA
QTC719,Carro,Publico,MANIZALES
AYU05V,Moto,Motocicleta,COLOMBIA
WCW301,Carro,Particular,PASTO
LDD875,Carro,Oficial,MEDELLIN
MMQ36P,Moto,Motocicleta,COLOMBIA
PJZ29Y,Moto,Motocicleta,COLOMBIA
JNF369,Carro,Particular,BARRANQUILLA
PLW16S,Moto,Motocicleta,COLOMBIA
ZTZ93Z,Moto,Motocicleta,COLOMBIA
WGW319,Carro,Particular,PASTO
HMQ082,Carro,Oficial,CUCUTA
CEX43F,Moto,Motocicleta,COLOMBIA
GPW678,Carro,Oficial,BOGOTA D.C.
NHS71H,Moto,Motocicleta,COLOMBIA
AXT85E,Moto,Motocicleta,COLOMBIA
SGY610,Carro,Oficial,MANIZALES
ZUL065,Carro,Particular,IBAGUE
QBY64Q,Moto,Motocicleta,COLOMBIA
SDY342,Carro,Particular,PASTO
WNF313,Carro,Particular,MANIZALES
EDQ42I,Moto,Motocicleta,COLOMBIA
ENR28P,Moto,Motocicleta,COLOMBIA
DIK550,Carro,Publico,CALI
ZDM85T,Moto,Motocicleta,COLOMBIA
KDB14N,Moto,Motocicleta,COLOMBIA
EAT549,Carro,Particular,MEDELLIN
JRF37A,Moto,Motocicleta,COLOMBIA
QTI186,Carro,Publico,PASTO
DWV433,Carro,Particular,PASTO
YXA411,Carro,Publico,TUNJA
SVQ49Q,Moto,Motocicleta,COLOMBIA
LHW85G,Moto,Motocicleta,COLOMBIA
RRX602,Carro,Particular,BUCARAMANGA
CNY95J,Moto,Motocicleta,COLOMBIA
GYW83G,Moto,Motocicleta,COLOMBIA
ZBF831,Carro,Publico,PEREIRA
PJK027,Carro,Particular,BUCARAMANGA
DKJ143,Carro,Oficial,BUCARAMANGA
PDH873,Carro,Oficial,BUCARAMANGA
BCT102,Carro,Oficial,BOGOTA D.C.
DUA822,Carro,Particular,BARRANQUILLA
ITA83P,Moto,Motocicleta,COLOMBIA
XJG23W,Moto,Motocicleta,COLOMBIA
XBP653,Carro,Particular,CALI
GGL838,Carro,Publico,PASTO
XWZ38E,Moto,Motocicleta,COLOMBIA
VVI52I,Moto,Motocicleta,COLOMBIA
CNM162,Carro,Oficial,IBAGUE
NZE57S,Moto,Motocicleta,COLOMBIA
AGT697,Carro,Particular,IBAGUE
MEG64L,Moto,Motocicleta,COLOMBIA
ITX706,Carro,Publico,TUNJA
QRX489,Carro,Oficial,CALI
ACP677,Carro,Oficial,BARRANQUILLA
NEK95V,Moto,Motocicleta,COLOMBIA
WTG87U,Moto,Motocicleta,COLOMBIA
NXR51E,Moto,Motocicleta,COLOMBIA
UUM420,Carro,Oficial,BUCARAMANGA
IVQ413,Carro,Particular,MEDELLIN
TKB74N,Moto,Motocicleta,COLOMBIA
AKW702,Carro,Particular,PEREIRA
PTB372,Carro,Publico,CUCUTA
LEM486,Carro,Oficial,PASTO
XKW603,Carro,Particular,MANIZALES
JED047,Carro,Oficial,PASTO
VRI43I,Moto,Motocicleta,COLOMBIA
GHG44V,Moto,Motocicleta,COLOMBIA
TCR28L,Moto,Motocicleta,COLOMBIA
JYF16Z,Moto,Motocicleta,COLOMBIA
VPF146,Carro,Particular,IBAGUE
TDK639,Carro,Publico,TUNJA
BWW37T,Moto,Motocicleta,COLOMBIA
WCN45X,Moto,Motocicleta,COLOMBIA
SBF313,Carro,Oficial,ENVIGADO
DJL19J,Moto,Motocicleta,COLOMBIA
RCM530,Carro,Oficial,TUNJA
VSP413,Carro,Oficial,MANIZALES
RNM47R,Moto,Motocicleta,COLOMBIA
ENG087,Carro,Oficial,MANIZALES
BNN736,Carro,Oficial,PASTO
ASP670,Carro,Particular,BOGOTA D.C.
MVY73X,Moto,Motocicleta,COLOMBIA
LBS264,Carro,Particular,PEREIRA
UQQ969,Carro,Publico,MANIZALES
AYD205,Carro,Particular,MANIZALES
BVF58J,Moto,Motocicleta,COLOMBIA
SNX211,Carro,Oficial,MANIZALES
YSH394,Carro,Oficial,BOGOTA D.C.
PHB07P,Moto,Motocicleta,COLOMBIA
JWW54L,Moto,Motocicleta,COLOMBIA
TFK36H,Moto,Motocicleta,COLOMBIA
HTL81H,Moto,Motocicleta,COLOMBIA
NRM597,Carro,Oficial,BARRANQUILLA
HXE68X,Moto,Motocicleta,COLOMBIA
NMV280,Carro,Oficial,PEREIRA
TPG91Q,Moto,Motocicleta,COLOMBIA
JGH99Z,Moto,Motocicleta,COLOMBIA
DWG883,Carro,Particular,IBAGUE
XFY80S,Moto,Motocicleta,COLOMBIA
XIW223,Carro,Particular,IBAGUE
EYT097,Carro,Publico,CUCUTA
JRE232,Carro,Publico,MANIZALES
GDF03Y,Moto,Motocicleta,COLOMBIA
JYL09V,Moto,Motocicleta,COLOMBIA
BXU181,Carro,Oficial,BARRANQUILLA
ZQG823,Carro,Particular,BUCARAMANGA
HPG34D,Moto,Motocicleta,COLOMBIA
JRY39K,Moto,Motocicleta,COLOMBIA
AQN48H,Moto,Motocicleta,COLOMBIA
TER04B,Moto,Motocicleta,COLOMBIA
TZC473,Carro,Publico,BARRANQUILLA
ZCA024,Carro,Particular,CALI
BXX990,Carro,Oficial,CALI
JGN979,Carro,Oficial,CUCUTA
XMG351,Carro,Particular,ENVIGADO
KMN153,Carro,Oficial,IBAGUE
PHW37W,Moto,Motocicleta,COLOMBIA
ANF196,Carro,Publico,BOGOTA D.C.
KGY26T,Moto,Motocicleta,COLOMBIA
FFH99Y,Moto,Motocicleta,COLOMBIA
EHH828,Carro,Publico,BUCARAMANGA
WIW64T,Moto,Motocicleta,COLOMBIA
HJZ427,Carro,Particular,MANIZALES
YTZ96G,Moto,Motocicleta,COLOMBIA
EFQ952,Carro,Oficial,BUCARAMANGA
DKZ13Z,Moto,Motocicleta,COLOMBIA
KWL714,Carro,Oficial,MEDELLIN
VCM73A,Moto,Motocicleta,COLOMBIA
SES583,Carro,Oficial,MEDELLIN
PTX775,Carro,Particular,TUNJA
FND35G,Moto,Motocicleta,COLOMBIA
VSG12X,Moto,Motocicleta,COLOMBIA
DTN28V,Moto,Motocicleta,COLOMBIA
DYM533,Carro,Publico,CUCUTA
VLU198,Carro,Publico,TUNJA
UAU562,Carro,Publico,PEREIRA
UAL306,Carro,Particular,MEDELLIN
TNE552,Carro,Particular,ENVIGADO
GLK09M,Moto,Motocicleta,COLOMBIA
PGW056,Carro,Particular,PEREIRA
VZK020,Carro,Particular,BOGOTA D.C.
NQR07Z,Moto,Motocicleta,COLOMBIA
TPJ82L,Moto,Motocicleta,COLOMBIA
PXH00R,Moto,Motocicleta,COLOMBIA
EGZ19S,Moto,Motocicleta,COLOMBIA
GRF51B,Moto,Motocicleta,COLOMBIA
QWY59G,Moto,Motocicleta,COLOMBIA
DQE876,Carro,Oficial,MANIZALES
HCE73E,Moto,Motocicleta,COLOMBIA
QAB86B,Moto,Motocicleta,COLOMBIA
UPJ492,Carro,Oficial,MANIZALES
JIS827,Carro,Publico,BUCARAMANGA
BZA698,Carro,Publico,PASTO
DGP192,Carro,Publico,BARRANQUILLA
QFF036,Carro,Particular,BARRANQUILLA
SMG21Z,Moto,Motocicleta,COLOMBIA
CBX017,Carro,Particular,PEREIRA
MAZ39T,Moto,Motocicleta,COLOMBIA
BFR464,Carro,Particular,ENVIGADO
USL78C,Moto,Motocicleta,COLOMBIA
VCM15F,Moto,Motocicleta,COLOMBIA
ADF373,Carro,Oficial,CALI
BQV257,Carro,Publico,MANIZALES
XIH685,Carro,Oficial,TUNJA
NBI26M,Moto,Motocicleta,COLOMBIA
PEQ297,Carro,Publico,IBAGUE
PFY250,Carro,Oficial,BARRANQUILLA
FBZ53P,Moto,Motocicleta,COLOMBIA
RXF025,Carro,Oficial,MEDELLIN
APZ295,Carro,Oficial,MANIZALES
NHH55L,Moto,Motocicleta,COLOMBIA
JFZ811,Carro,Oficial,IBAGUE
TFB46Q,Moto,Motocicleta,COLOMBIA
BTD657,Carro,Particular,CALI
XAR68P,Moto,Motocicleta,COLOMBIA
EYY42M,Moto,Motocicleta,COLOMBIA
ILP198,Carro,Publico,TUNJA
VFG583,Carro,Publico,CUCUTA
ZTE65X,Moto,Motocicleta,COLOMBIA
NKN324,Carro,Oficial,CALI
JNE541,Carro,Particular,BOGOTA D.C.
FXN63X,Moto,Motocicleta,COLOMBIA
DJS38Q,Moto,Motocicleta,COLOMBIA
EFZ022,Carro,Oficial,MEDELLIN
PAV65R,Moto,Motocicleta,COLOMBIA
UBG756,Carro,Particular,BARRANQUILLA
EGF77P,Moto,Motocicleta,COLOMBIA
UUM86U,Moto,Motocicleta,COLOMBIA
HIG71H,Moto,Motocicleta,COLOMBIA
EGN06Y,Moto,Motocicleta,COLOMBIA
XTK214,Carro,Publico,MANIZALES
SJT226,Carro,Particular,CUCUTA
UNJ314,Carro,Particular,BOGOTA D.C.
AKX753,Carro,Particular,BARRANQUILLA
DGX94G,Moto,Motocicleta,COLOMBIA
CMJ990,Carro,Oficial,CALI
RGZ53B,Moto,Motocicleta,COLOMBIA
ZXJ81S,Moto,Motocicleta,COLOMBIA
VWY949,Carro,Oficial,CALI
ZJL686,Carro,Publico,PEREIRA
HPF683,Carro,Publico,BOGOTA D.C.
HBZ22M,Moto,Motocicleta,COLOMBIA
TQX15K,Moto,Motocicleta,COLOMBIA
LWZ170,Carro,Publico,BUCARAMANGA
JHD086,Carro,Particular,TUNJA
RLG10Q,Moto,Motocicleta,COLOMBIA
HEI33H,Moto,Motocicleta,COLOMBIA
GHM581,Carro,Particular,CUCUTA
HVI40W,Moto,Motocicleta,COLOMBIA
SLA844,Carro,Oficial,ENVIGADO
CND49I,Moto,Motocicleta,COLOMBIA
HLM283,Carro,Oficial,CUCUTA
UJK914,Carro,Particular,MEDELLIN
XEF33P,Moto,Motocicleta,COLOMBIA
RTK279,Carro,Particular,BUCARAMANGA
LUS901,Carro,Particular,BUCARAMANGA
GHJ61V,Moto,Motocicleta,COLOMBIA
VKP36P,Moto,Motocicleta,COLOMBIA
IMU76P,Moto,Motocicleta,COLOMBIA
RVS85A,Moto,Motocicleta,COLOMBIA
STD88A,Moto,Motocicleta,COLOMBIA
XFG678,Carro,Oficial,BUCARAMANGA
TQR429,Carro,Publico,MANIZALES
TWE18D,Moto,Motocicleta,COLOMBIA
EEB17E,Moto,Motocicleta,COLOMBIA
KLI945,Carro,Oficial,IBAGUE
TPU09E,Moto,Motocicleta,COLOMBIA
ZZY78E,Moto,Motocicleta,COLOMBIA
VVP11T,Moto,Motocicleta,COLOMBIA
ZIX798,Carro,Oficial,TUNJA
IBB046,Carro,Oficial,CALI
IBK47S,Moto,Motocicleta,COLOMBIA
RBM31T,Moto,Motocicleta,COLOMBIA
VPF600,Carro,Particular,BOGOTA D.C.
FSM613,Carro,Particular,BOGOTA D.C.
XIP235,Carro,Publico,MANIZALES
WML02G,Moto,Motocicleta,COLOMBIA
LIK71R,Moto,Motocicleta,COLOMBIA
WCS00M,Moto,Motocicleta,COLOMBIA
PEZ179,Carro,Oficial,MEDELLIN
QCV284,Carro,Oficial,MANIZALES
WNT120,Carro,Publico,IBAGUE
ZFR97V,Moto,Motocicleta,COLOMBIA
KFB75A,Moto,Motocicleta,COLOMBIA
HVK07K,Moto,Motocicleta,COLOMBIA
PNG915,Carro,Publico,MANIZALES
WRB64Z,Moto,Motocicleta,COLOMBIA
AVY68H,Moto,Motocicleta,COLOMBIA
DRM476,Carro,Oficial,TUNJA
RFN63I,Moto,Motocicleta,COLOMBIA
ITH08T,Moto,Motocicleta,COLOMBIA
YGS294,Carro,Publico,PEREIRA
DYY372,Carro,Particular,PASTO
VNJ709,Carro,Publico,IBAGUE
XJC172,Carro,Oficial,MANIZALES
WET05Y,Moto,Motocicleta,COLOMBIA
GZQ36J,Moto,Motocicleta,COLOMBIA
UDE50R,Moto,Motocicleta,COLOMBIA
HXN951,Carro,Oficial,CUCUTA
BFZ034,Carro,Oficial,ENVIGADO
RMB18R,Moto,Motocicleta,COLOMBIA
CQD05N,Moto,Motocicleta,COLOMBIA
YAD93K,Moto,Motocicleta,COLOMBIA
UDL23M,Moto,Motocicleta,COLOMBIA
MBW474,Carro,Publico,BARRANQUILLA
QQZ22T,Moto,Motocicleta,COLOMBIA
MIW33Y,Moto,Motocicleta,COLOMBIA
XFF37N,Moto,Motocicleta,COLOMBIA
IGL759,Carro,Publico,CALI
RCT22U,Moto,Motocicleta,COLOMBIA
DFP03S,Moto,Motocicleta,COLOMBIA
EYQ118,Carro,Particular,BUCARAMANGA
IUG819,Carro,Particular,CALI
EAD999,Carro,Particular,ENVIGADO
RRP44M,Moto,Motocicleta,COLOMBIA
CSS090,Carro,Oficial,ENVIGADO
EHW645,Carro,Publico,PEREIRA
XJR283,Carro,Particular,PEREIRA
RJQ697,Carro,Particular,CUCUTA
QGS50F,Moto,Motocicleta,COLOMBIA
DMD151,Carro,Particular,CUCUTA
RYD92C,Moto,Motocicleta,COLOMBIA
DHX500,Carro,Particular,BOGOTA D.C.
BJY726,Carro,Oficial,ENVIGADO
EFP79R,Moto,Motocicleta,COLOMBIA
KXD52C,Moto,Motocicleta,COLOMBIA
GBL061,Carro,Oficial,ENVIGADO
HWE86H,Moto,Motocicleta,COLOMBIA
UZI881,Carro,Oficial,PEREIRA
BNE02A,Moto,Motocicleta,COLOMBIA
YUB26I,Moto,Motocicleta,COLOMBIA
NQA88I,Moto,Motocicleta,COLOMBIA
QXE170,Carro,Oficial,PEREIRA
XBN19Z,Moto,Motocicleta,COLOMBIA
XFB62T,Moto,Motocicleta,COLOMBIA
JDS629,Carro,Particular,MANIZALES
HIX33T,Moto,Motocicleta,COLOMBIA
ZZW046,Carro,Particular,BUCARAMANGA
XJK375,Carro,Oficial,TUNJA
SHQ024,Carro,Publico,CALI
EGB420,Carro,Particular,PASTO
JNX34M,Moto,Motocicleta,COLOMBIA
DNT59H,Moto,Motocicleta,COLOMBIA
ZPI43W,Moto,Motocicleta,COLOMBIA
MUW29R,Moto,Motocicleta,COLOMBIA
YUV83I,Moto,Motocicleta,COLOMBIA
BTV240,Carro,Publico,BOGOTA D.C.
EDW55B,Moto,Motocicleta,COLOMBIA
XXX033,Carro,Oficial,MANIZALES
QYS20H,Moto,Motocicleta,COLOMBIA
VQM70L,Moto,Motocicleta,COLOMBIA
NVG652,Carro,Oficial,CALI
MHJ112,Carro,Publico,PEREIRA
GQK83Y,Moto,Motocicleta,COLOMBIA
XSI517,Carro,Particular,TUNJA
HVQ94C,Moto,Motocicleta,COLOMBIA
MTJ83I,Moto,Motocicleta,COLOMBIA
KVW96L,Moto,Motocicleta,COLOMBIA
LXN860,Carro,Oficial,PASTO
END03I,Moto,Motocicleta,COLOMBIA
KVR661,Carro,Particular,TUNJA
NVS970,Carro,Publico,MEDELLIN
PYJ635,Carro,Publico,MANIZALES
KAH41Z,Moto,Motocicleta,COLOMBIA
VZT57D,Moto,Motocicleta,COLOMBIA
HZW93W,Moto,Motocicleta,COLOMBIA
QTR633,Carro,Publico,CALI
IJN874,Carro,Publico,MANIZALES
JFA81P,Moto,Motocicleta,COLOMBIA
TYP53Y,Moto,Motocicleta,COLOMBIA
VIL00D,Moto,Motocicleta,COLOMBIA
XSW98U,Moto,Motocicleta,COLOMBIA
FBH08T,Moto,Motocicleta,COLOMBIA
DJM66V,Moto,Motocicleta,COLOMBIA
YFZ744,Carro,Publico,TUNJA
FXK93S,Moto,Motocicleta,COLOMBIA
GLH347,Carro,Particular,PASTO
JPP761,Carro,Oficial,BOGOTA D.C.
UAI255,Carro,Particular,PASTO
CIH040,Carro,Publico,BOGOTA D.C.
RLK815,Carro,Publico,MANIZALES
PPN51X,Moto,Motocicleta,COLOMBIA
TIV638,Carro,Oficial,ENVIGADO
VIW14C,Moto,Motocicleta,COLOMBIA
YHP30G,Moto,Motocicleta,COLOMBIA
NNH16C,Moto,Motocicleta,COLOMBIA
KWI148,Carro,Oficial,BUCARAMANGA
XTK30H,Moto,Motocicleta,COLOMBIA
UTY848,Carro,Oficial,MEDELLIN
YCT31K,Moto,Motocicleta,COLOMBIA
ICR75B,Moto,Motocicleta,COLOMBIA
VSC941,Carro,Publico,ENVIGADO
HJD77Q,Moto,Motocicleta,COLOMBIA
ZMI514,Carro,Particular,ENVIGADO
GLS94N,Moto,Motocicleta,COLOMBIA
GAH52U,Moto,Motocicleta,COLOMBIA
LSX71Q,Moto,Motocicleta,COLOMBIA
RKW506,Carro,Particular,TUNJA
JYC69B,Moto,Motocicleta,COLOMBIA
TTS011,Carro,Particular,CALI
RTQ79R,Moto,Motocicleta,COLOMBIA
RUI67A,Moto,Motocicleta,COLOMBIA
ZHG85Y,Moto,Motocicleta,COLOMBIA
QRL618,Carro,Oficial,CUCUTA
AJD43U,Moto,Motocicleta,COLOMBIA
TKT02F,Moto,Motocicleta,COLOMBIA
MRX770,Carro,Particular,CALI
MCE496,Carro,Oficial,TUNJA
EKA409,Carro,Publico,CALI
ZJH14M,Moto,Motocicleta,COLOMBIA
WXS743,Carro,Oficial,MEDELLIN
LTC138,Carro,Oficial,MANIZALES
ICG86W,Moto,Motocicleta,COLOMBIA
EBF956,Carro,Publico,BOGOTA D.C.
BYN22W,Moto,Motocicleta,COLOMBIA
VTI755,Carro,Publico,PEREIRA
CMD547,Carro,Oficial,BUCARAMANGA
JNV016,Carro,Oficial,TUNJA
QYJ81Y,Moto,Motocicleta,COLOMBIA
BWR032,Carro,Oficial,IBAGUE
LVP04U,Moto,Motocicleta,COLOMBIA
GJG364,Carro,Publico,ENVIGADO
TNW60I,Moto,Motocicleta,COLOMBIA
RTI15K,Moto,Motocicleta,COLOMBIA
YJK77A,Moto,Motocicleta,COLOMBIA
EHD018,Carro,Oficial,ENVIGADO
IHP294,Carro,Oficial,ENVIGADO
ZTV47X,Moto,Motocicleta,COLOMBIA
DIE386,Carro,Publico,CUCUTA
RNH72T,Moto,Motocicleta,COLOMBIA
WHL21C,Moto,Motocicleta,COLOMBIA
IRW459,Carro,Oficial,CUCUTA
ZLD108,Carro,Oficial,PASTO
JNZ627,Carro,Publico,CUCUTA
TNF15X,Moto,Motocicleta,COLOMBIA
HEL24T,Moto,Motocicleta,COLOMBIA
IKW74G,Moto,Motocicleta,COLOMBIA
SSW510,Carro,Publico,BUCARAMANGA
IXB564,Carro,Publico,CUCUTA
CSN82Q,Moto,Motocicleta,COLOMBIA
WPY577,Carro,Publico,BARRANQUILLA
BHU33Y,Moto,Motocicleta,COLOMBIA
WVC310,Carro,Publico,MANIZALES
SEM132,Carro,Publico,MANIZALES
XLZ491,Carro,Publico,MANIZALES
XJB500,Carro,Oficial,PEREIRA
TVF945,Carro,Oficial,MANIZALES
ZBQ965,Carro,Particular,PASTO
BXD79Q,Moto,Motocicleta,COLOMBIA
LQU707,Carro,Publico,BOGOTA D.C.
KUS92X,Moto,Motocicleta,COLOMBIA
QFB209,Carro,Publico,MANIZALES
MWV110,Carro,Oficial,ENVIGADO
KIB66X,Moto,Motocicleta,COLOMBIA
AHE080,Carro,Publico,ENVIGADO
IRR39M,Moto,Motocicleta,COLOMBIA
YUN193,Carro,Particular,IBAGUE
YVN725,Carro,Oficial,IBAGUE
VFF37S,Moto,Motocicleta,COLOMBIA
WHN36V,Moto,Motocicleta,COLOMBIA
VPL65P,Moto,Motocicleta,COLOMBIA
MVH396,Carro,Oficial,BOGOTA D.C.
BRQ947,Carro,Particular,CALI
IDG23N,Moto,Motocicleta,COLOMBIA
WEL56R,Moto,Motocicleta,COLOMBIA
WQS51X,Moto,Motocicleta,COLOMBIA
MHE25D,Moto,Motocicleta,COLOMBIA
TAH389,Carro,Oficial,TUNJA
FAQ651,Carro,Oficial,IBAGUE
UMX83S,Moto,Motocicleta,COLOMBIA
WZU82Y,Moto,Motocicleta,COLOMBIA
DLZ282,Carro,Publico,CALI
RNF07B,Moto,Motocicleta,COLOMBIA
PXR590,Carro,Particular,ENVIGADO
KWI559,Carro,Particular,PEREIRA
HVQ855,Carro,Oficial,PEREIRA
IWI76X,Moto,Motocicleta,COLOMBIA
IUD919,Carro,Particular,MEDELLIN
RWK153,Carro,Particular,BARRANQUILLA
KUC69Z,Moto,Motocicleta,COLOMBIA
CYB47V,Moto,Motocicleta,COLOMBIA
AID05W,Moto,Motocicleta,COLOMBIA
ASP964,Carro,Oficial,CALI
UXU454,Carro,Publico,BOGOTA D.C.
DPB120,Carro,Publico,BUCARAMANGA
JRL00M,Moto,Motocicleta,COLOMBIA
NEJ75J,Moto,Motocicleta,COLOMBIA
ZFT590,Carro,Publico,CALI
JPX33M,Moto,Motocicleta,COLOMBIA
DNL581,Carro,Publico,MEDELLIN
VWL508,Carro,Oficial,ENVIGADO
BVZ684,Carro,Particular,PEREIRA
BVW708,Carro,Oficial,CUCUTA
TJV585,Carro,Publico,TUNJA
WUQ656,Carro,Particular,CALI
EKJ629,Carro,Oficial,CUCUTA
YUH840,Carro,Oficial,IBAGUE
ADV89G,Moto,Motocicleta,COLOMBIA
BXF23T,Moto,Motocicleta,COLOMBIA
IQI87M,Moto,Motocicleta,COLOMBIA
KLZ285,Carro,Particular,TUNJA
IKE104,Carro,Publico,ENVIGADO
CJB73P,Moto,Motocicleta,COLOMBIA
WQP352,Carro,Oficial,MANIZALES
UPF50K,Moto,Motocicleta,COLOMBIA
KGV20D,Moto,Motocicleta,COLOMBIA
HDU940,Carro,Publico,BOGOTA D.C.
XMX572,Carro,Oficial,BOGOTA D.C.
QJY702,Carro,Publico,MEDELLIN
ZIE69P,Moto,Motocicleta,COLOMBIA
SXD872,Carro,Publico,BARRANQUILLA
YWS889,Carro,Oficial,TUNJA
GNC886,Carro,Particular,IBAGUE
RLF462,Carro,Particular,TUNJA
IYG080,Carro,Particular,CALI
CHX275,Carro,Oficial,TUNJA
TZJ27G,Moto,Motocicleta,COLOMBIA
CEH894,Carro,Oficial,IBAGUE
BNY814,Carro,Particular,BUCARAMANGA
NVA553,Carro,Publico,BOGOTA D.C.
TWP61U,Moto,Motocicleta,COLOMBIA
HWD22M,Moto,Motocicleta,COLOMBIA
MUQ94R,Moto,Motocicleta,COLOMBIA
IBU31J,Moto,Motocicleta,COLOMBIA
ABG502,Carro,Particular,PASTO
EQJ37H,Moto,Motocicleta,COLOMBIA
UZR344,Carro,Oficial,BARRANQUILLA
GCG497,Carro,Oficial,CUCUTA
ZLP269,Carro,Particular,MEDELLIN
YVU512,Carro,Particular,PEREIRA
FQL025,Carro,Oficial,CUCUTA
NHA187,Carro,Particular,MANIZALES
BPU190,Carro,Particular,MEDELLIN
ZBU661,Carro,Oficial,MANIZALES
TZI698,Carro,Publico,CUCUTA
KBM083,Carro,Particular,ENVIGADO
CAZ803,Carro,Publico,CUCUTA
ZZF097,Carro,Particular,ENVIGADO
JXT80M,Moto,Motocicleta,COLOMBIA
CBA85B,Moto,Motocicleta,COLOMBIA
TNT21A,Moto,Motocicleta,COLOMBIA
HFQ449,Carro,Oficial,PEREIRA
YGD05N,Moto,Motocicleta,COLOMBIA
TTP398,Carro,Particular,CUCUTA
JKY28B,Moto,Motocicleta,COLOMBIA
JSD726,Carro,Oficial,CUCUTA
KAK69Z,Moto,Motocicleta,COLOMBIA
JKZ07U,Moto,Motocicleta,COLOMBIA
IQA85F,Moto,Motocicleta,COLOMBIA
BFK96E,Moto,Motocicleta,COLOMBIA
ZFB84P,Moto,Motocicleta,COLOMBIA
VUY72F,Moto,Motocicleta,COLOMBIA
PXG92C,Moto,Motocicleta,COLOMBIA
ZHC55C,Moto,Motocicleta,COLOMBIA
EPV89C,Moto,Motocicleta,COLOMBIA
CVD20V,Moto,Motocicleta,COLOMBIA
LUI717,Carro,Oficial,MANIZALES
MFW32V,Moto,Motocicleta,COLOMBIA
QXI94E,Moto,Motocicleta,COLOMBIA
AJR124,Carro,Publico,MANIZALES
IQU17J,Moto,Motocicleta,COLOMBIA
LTN01U,Moto,Motocicleta,COLOMBIA
HSM272,Carro,Oficial,MANIZALES
PWI30X,Moto,Motocicleta,COLOMBIA
YVI226,Carro,Oficial,CUCUTA
SDT12F,Moto,Motocicleta,COLOMBIA
YJF11A,Moto,Motocicleta,COLOMBIA
BVX012,Carro,Publico,TUNJA
TRY66Q,Moto,Motocicleta,COLOMBIA
TAG54W,Moto,Motocicleta,COLOMBIA
JIH03P,Moto,Motocicleta,COLOMBIA
HKG163,Carro,Particular,TUNJA
NXF471,Carro,Particular,PASTO
FEG16H,Moto,Motocicleta,COLOMBIA
JDU316,Carro,Particular,MEDELLIN
WUC51U,Moto,Motocicleta,COLOMBIA
FNC46W,Moto,Motocicleta,COLOMBIA
AQR52R,Moto,Motocicleta,COLOMBIA
BYZ712,Carro,Publico,BOGOTA D.C.
ZPA323,Carro,Particular,BARRANQUILLA
GXH00C,Moto,Motocicleta,COLOMBIA
XES86W,Moto,Motocicleta,COLOMBIA
NEU42Q,Moto,Motocicleta,COLOMBIA
ZTB068,Carro,Publico,TUNJA
DXT10X,Moto,Motocicleta,COLOMBIA
GJJ33R,Moto,Motocicleta,COLOMBIA
SRM079,Carro,Oficial,CUCUTA
XUX87T,Moto,Motocicleta,COLOMBIA
PFK05G,Moto,Motocicleta,COLOMBIA
SGR444,Carro,Oficial,BUCARAMANGA
EHJ319,Carro,Particular,MEDELLIN
PER590,Carro,Oficial,PASTO
MRI44W,Moto,Motocicleta,COLOMBIA
DFE95B,Moto,Motocicleta,COLOMBIA
KPC71X,Moto,Motocicleta,COLOMBIA
FHY120,Carro,Particular,BARRANQUILLA
XEW22E,Moto,Motocicleta,COLOMBIA
SSJ84R,Moto,Motocicleta,COLOMBIA
MMA511,Carro,Oficial,BARRANQUILLA
BQG90B,Moto,Motocicleta,COLOMBIA
YLT72P,Moto,Motocicleta,COLOMBIA
BMN345,Carro,Particular,TUNJA
HLC240,Carro,Oficial,BUCARAMANGA
FZW425,Carro,Oficial,TUNJA
YDC34X,Moto,Motocicleta,COLOMBIA
DPG14L,Moto,Motocicleta,COLOMBIA
SUR002,Carro,Publico,IBAGUE
PXM37A,Moto,Motocicleta,COLOMBIA
YBR346,Carro,Oficial,PASTO
YVG73T,Moto,Motocicleta,COLOMBIA
PIK83L,Moto,Motocicleta,COLOMBIA
ZMR78X,Moto,Motocicleta,COLOMBIA
MLR080,Carro,Publico,PEREIRA
CTB99D,Moto,Motocicleta,COLOMBIA
BXS860,Carro,Publico,MANIZALES
XFM182,Carro,Publico,MANIZALES
NEP570,Carro,Oficial,BOGOTA D.C.
DAG157,Carro,Particular,PASTO
DXW22Y,Moto,Motocicleta,COLOMBIA
BBN33U,Moto,Motocicleta,COLOMBIA
CAV152,Carro,Publico,IBAGUE
IVI60Q,Moto,Motocicleta,COLOMBIA
KBY506,Carro,Particular,IBAGUE
QBE04F,Moto,Motocicleta,COLOMBIA
YSY509,Carro,Publico,TUNJA
DLX06F,Moto,Motocicleta,COLOMBIA
PGT687,Carro,Publico,IBAGUE
PNS22A,Moto,Motocicleta,COLOMBIA
MNL52W,Moto,Motocicleta,COLOMBIA
CSW877,Carro,Publico,ENVIGADO
EZR17G,Moto,Motocicleta,COLOMBIA
UBG39U,Moto,Motocicleta,COLOMBIA
UAY11L,Moto,Motocicleta,COLOMBIA
YXK30R,Moto,Motocicleta,COLOMBIA
TYY408,Carro,Publico,IBAGUE
WTD79A,Moto,Motocicleta,COLOMBIA
KHL015,Carro,Particular,BARRANQUILLA
XYZ62E,Moto,Motocicleta,COLOMBIA
FAV71I,Moto,Motocicleta,COLOMBIA
DBS39X,Moto,Motocicleta,COLOMBIA
XEH89F,Moto,Motocicleta,COLOMBIA
KZB032,Carro,Publico,MANIZALES
YQL35T,Moto,Motocicleta,COLOMBIA
TCV544,Carro,Particular,PASTO
IYI285,Carro,Publico,IBAGUE
AGF260,Carro,Publico,BUCARAMANGA
GEX884,Carro,Particular,PASTO
KXY997,Carro,Publico,BOGOTA D.C.
PAP357,Carro,Particular,PASTO
ICI33B,Moto,Motocicleta,COLOMBIA
VPE978,Carro,Publico,CUCUTA
QKL902,Carro,Particular,ENVIGADO
TYF08E,Moto,Motocicleta,COLOMBIA
EIF461,Carro,Oficial,MEDELLIN
LFK90A,Moto,Motocicleta,COLOMBIA
EJX035,Carro,Publico,BOGOTA D.C.
BRS69W,Moto,Motocicleta,COLOMBIA
PGS24G,Moto,Motocicleta,COLOMBIA
EAQ418,Carro,Particular,PASTO
BUX046,Carro,Particular,TUNJA
YBU036,Carro,Oficial,ENVIGADO
HZF82P,Moto,Motocicleta,COLOMBIA
GHZ72Y,Moto,Motocicleta,COLOMBIA
WGN01R,Moto,Motocicleta,COLOMBIA
WVF59C,Moto,Motocicleta,COLOMBIA
TZZ863,Carro,Particular,BOGOTA D.C.
BLY59U,Moto,Motocicleta,COLOMBIA
STY17D,Moto,Motocicleta,COLOMBIA
IVW40H,Moto,Motocicleta,COLOMBIA
IVH57F,Moto,Motocicleta,COLOMBIA
TKH108,Carro,Particular,MANIZALES
NII20D,Moto,Motocicleta,COLOMBIA
PVW860,Carro,Particular,TUNJA
NKP24P,Moto,Motocicleta,COLOMBIA
HUU33F,Moto,Motocicleta,COLOMBIA
UJD85A,Moto,Motocicleta,COLOMBIA
AKF46J,Moto,Motocicleta,COLOMBIA
CUW10T,Moto,Motocicleta,COLOMBIA
GIP89W,Moto,Motocicleta,COLOMBIA
KKU86H,Moto,Motocicleta,COLOMBIA
HPS030,Carro,Particular,PEREIRA
MKI42J,Moto,Motocicleta,COLOMBIA
IBZ294,Carro,Oficial,CALI
TCA95K,Moto,Motocicleta,COLOMBIA
LFY15C,Moto,Motocicleta,COLOMBIA
GFJ215,Carro,Oficial,PEREIRA
MGI10L,Moto,Motocicleta,COLOMBIA
CTZ503,Carro,Oficial,TUNJA
GJZ511,Carro,Publico,PASTO
FPE21T,Moto,Motocicleta,COLOMBIA
CNN27H,Moto,Motocicleta,COLOMBIA
QER87G,Moto,Motocicleta,COLOMBIA
ITF51Z,Moto,Motocicleta,COLOMBIA
INN059,Carro,Particular,BOGOTA D.C.
TME132,Carro,Particular,BOGOTA D.C.
DBV17H,Moto,Motocicleta,COLOMBIA
KHD427,Carro,Oficial,MEDELLIN
XMD758,Carro,Particular,MEDELLIN
VAD13F,Moto,Motocicleta,COLOMBIA
PSE15Y,Moto,Motocicleta,COLOMBIA
VKW316,Carro,Particular,BOGOTA D.C.
HMI414,Carro,Publico,PASTO
HGU175,Carro,Oficial,PEREIRA
ADU82D,Moto,Motocicleta,COLOMBIA
NPI847,Carro,Oficial,BARRANQUILLA
NHW49J,Moto,Motocicleta,COLOMBIA
KJD51Q,Moto,Motocicleta,COLOMBIA
TKE75I,Moto,Motocicleta,COLOMBIA
MUQ360,Carro,Oficial,CUCUTA
SNI76W,Moto,Motocicleta,COLOMBIA
YBB47V,Moto,Motocicleta,COLOMBIA
RFG27J,Moto,Motocicleta,COLOMBIA
ZWV40I,Moto,Motocicleta,COLOMBIA
GSH88S,Moto,Motocicleta,COLOMBIA
ZEF00F,Moto,Motocicleta,COLOMBIA
GUY437,Carro,Oficial,BARRANQUILLA
AYJ933,Carro,Publico,MANIZALES
IJT10D,Moto,Motocicleta,COLOMBIA
ELP832,Carro,Oficial,MANIZALES
WTZ493,Carro,Particular,ENVIGADO
QJD71N,Moto,Motocicleta,COLOMBIA
TUP092,Carro,Oficial,CALI
FIB03S,Moto,Motocicleta,COLOMBIA
TJT09P,Moto,Motocicleta,COLOMBIA
LZW78N,Moto,Motocicleta,COLOMBIA
UMG560,Carro,Publico,BUCARAMANGA
NJI857,Carro,Particular,BOGOTA D.C.
SQD57E,Moto,Motocicleta,COLOMBIA
LFX46J,Moto,Motocicleta,COLOMBIA
UVD59L,Moto,Motocicleta,COLOMBIA
IXI154,Carro,Publico,BARRANQUILLA
JLI24F,Moto,Motocicleta,COLOMBIA
VSK79E,Moto,Motocicleta,COLOMBIA
ADE542,Carro,Particular,TUNJA
NGD946,Carro,Particular,TUNJA
HYC989,Carro,Publico,IBAGUE
GSG849,Carro,Particular,BUCARAMANGA
PVM481,Carro,Publico,ENVIGADO
LYN98W,Moto,Motocicleta,COLOMBIA
NHY417,Carro,Oficial,MANIZALES
KKM21K,Moto,Motocicleta,COLOMBIA
CHU006,Carro,Oficial,MEDELLIN
BWD765,Carro,Particular,CALI
WSE975,Carro,Particular,ENVIGADO
GGA80J,Moto,Motocicleta,COLOMBIA
DLS997,Carro,Publico,CUCUTA
ZES028,Carro,Publico,ENVIGADO
JMN609,Carro,Particular,CUCUTA
UYK10X,Moto,Motocicleta,COLOMBIA
UEP28T,Moto,Motocicleta,COLOMBIA
RQS67L,Moto,Motocicleta,COLOMBIA
CBH15D,Moto,Motocicleta,COLOMBIA
LQW66S,Moto,Motocicleta,COLOMBIA
JTI05C,Moto,Motocicleta,COLOMBIA
GGZ81G,Moto,Motocicleta,COLOMBIA
VCB267,Carro,Particular,BUCARAMANGA
CRX232,Carro,Oficial,ENVIGADO
QWR46D,Moto,Motocicleta,COLOMBIA
GDM02D,Moto,Motocicleta,COLOMBIA
VEK294,Carro,Publico,TUNJA
UFS11D,Moto,Motocicleta,COLOMBIA
EDY542,Carro,Publico,MEDELLIN
SKV27B,Moto,Motocicleta,COLOMBIA
GXB46V,Moto,Motocicleta,COLOMBIA
VWE36W,Moto,Motocicleta,COLOMBIA
DUJ63W,Moto,Motocicleta,COLOMBIA
AMB767,Carro,Particular,BARRANQUILLA
QRF009,Carro,Particular,BOGOTA D.C.
HIX177,Carro,Publico,CUCUTA
QEB76S,Moto,Motocicleta,COLOMBIA
SCP88R,Moto,Motocicleta,COLOMBIA
TGH13X,Moto,Motocicleta,COLOMBIA
NEU639,Carro,Oficial,BUCARAMANGA
WXK22U,Moto,Motocicleta,COLOMBIA
ZRV97G,Moto,Motocicleta,COLOMBIA
HGL42Y,Moto,Motocicleta,COLOMBIA
XYF95I,Moto,Motocicleta,COLOMBIA
VRX16I,Moto,Motocicleta,COLOMBIA
VVA288,Carro,Particular,BUCARAMANGA
TDE998,Carro,Particular,PASTO
PLY522,Carro,Particular,BOGOTA D.C.
EDH359,Carro,Particular,MANIZALES
LWJ75X,Moto,Motocicleta,COLOMBIA
WBL234,Carro,Oficial,CUCUTA
IHC16U,Moto,Motocicleta,COLOMBIA
KEW99B,Moto,Motocicleta,COLOMBIA
BWI22Q,Moto,Motocicleta,COLOMBIA
BSR92Q,Moto,Motocicleta,COLOMBIA
HZK11S,Moto,Motocicleta,COLOMBIA
NQP66U,Moto,Motocicleta,COLOMBIA
RFP412,Carro,Particular,TUNJA
BBY902,Carro,Oficial,PEREIRA
TQB00E,Moto,Motocicleta,COLOMBIA
TFS95Z,Moto,Motocicleta,COLOMBIA
DCW166,Carro,Oficial,CUCUTA
FDI20E,Moto,Motocicleta,COLOMBIA
YGN973,Carro,Publico,TUNJA
CKL32Q,Moto,Motocicleta,COLOMBIA
VGQ158,Carro,Particular,BARRANQUILLA
FXR317,Carro,Publico,PEREIRA
CZX16R,Moto,Motocicleta,COLOMBIA
YAI868,Carro,Publico,TUNJA
XRX275,Carro,Publico,CUCUTA
UAR435,Carro,Oficial,PASTO
CJI64T,Moto,Motocicleta,COLOMBIA
INL830,Carro,Publico,ENVIGADO
KYA33M,Moto,Motocicleta,COLOMBIA
PGC622,Carro,Particular,BOGOTA D.C.
RTD056,Carro,Publico,PASTO
UEI672,Carro,Particular,PASTO
KHG638,Carro,Publico,CUCUTA
UAV315,Carro,Oficial,CUCUTA
QZE124,Carro,Particular,PEREIRA
WZX068,Carro,Publico,BUCARAMANGA
EXW73I,Moto,Motocicleta,COLOMBIA
GJD58C,Moto,Motocicleta,COLOMBIA
KPI109,Carro,Oficial,MANIZALES
ICS390,Carro,Oficial,CALI
QCF376,Carro,Oficial,MANIZALES
DDZ54I,Moto,Motocicleta,COLOMBIA
WEU912,Carro,Publico,CUCUTA
QWQ36D,Moto,Motocicleta,COLOMBIA
QYC43M,Moto,Motocicleta,COLOMBIA
KZS23U,Moto,Motocicleta,COLOMBIA
MUI179,Carro,Particular,IBAGUE
TCZ15I,Moto,Motocicleta,COLOMBIA
WSS456,Carro,Oficial,MEDELLIN
EUL51B,Moto,Motocicleta,COLOMBIA
QNN68Z,Moto,Motocicleta,COLOMBIA
JCF42Z,Moto,Motocicleta,COLOMBIA
LGM23B,Moto,Motocicleta,COLOMBIA
GUK59S,Moto,Motocicleta,COLOMBIA
PMC067,Carro,Publico,BUCARAMANGA
LST764,Carro,Oficial,IBAGUE
VUP76B,Moto,Motocicleta,COLOMBIA
SMA205,Carro,Particular,IBAGUE
QMX198,Carro,Oficial,ENVIGADO
LPQ89V,Moto,Motocicleta,COLOMBIA
NHT49Z,Moto,Motocicleta,COLOMBIA
JHA24E,Moto,Motocicleta,COLOMBIA
XYF059,Carro,Particular,TUNJA
ZXQ40K,Moto,Motocicleta,COLOMBIA
WQC074,Carro,Oficial,BOGOTA D.C.
YWT86G,Moto,Motocicleta,COLOMBIA
FTJ02D,Moto,Motocicleta,COLOMBIA
AEJ127,Carro,Particular,BUCARAMANGA
PQW62P,Moto,Motocicleta,COLOMBIA
QVN739,Carro,Publico,BARRANQUILLA
AGI23K,Moto,Motocicleta,COLOMBIA
QYL293,Carro,Particular,PEREIRA
MKR987,Carro,Particular,MEDELLIN
LRW565,Carro,Particular,TUNJA
JIB243,Carro,Publico,MEDELLIN
NVM151,Carro,Publico,CUCUTA
PLI99P,Moto,Motocicleta,COLOMBIA
YWZ625,Carro,Publico,CALI
NJJ11G,Moto,Motocicleta,COLOMBIA
YQV18C,Moto,Motocicleta,COLOMBIA
QLZ75V,Moto,Motocicleta,COLOMBIA
CSK55X,Moto,Motocicleta,COLOMBIA
RGB23P,Moto,Motocicleta,COLOMBIA
YYD870,Carro,Oficial,PEREIRA
WBZ811,Carro,Publico,CALI
UHT168,Carro,Particular,IBAGUE
ZAF78V,Moto,Motocicleta,COLOMBIA
ICT29H,Moto,Motocicleta,COLOMBIA
YMP634,Carro,Publico,BUCARAMANGA
XUW872,Carro,Particular,PEREIRA
CAB28U,Moto,Motocicleta,COLOMBIA
FAP603,Carro,Publico,ENVIGADO
VAB130,Carro,Particular,IBAGUE
ACE63X,Moto,Motocicleta,COLOMBIA
PSE82S,Moto,Motocicleta,COLOMBIA
TIV528,Carro,Particular,BOGOTA D.C.
RVL022,Carro,Publico,CALI
JTC931,Carro,Oficial,BUCARAMANGA
NVQ169,Carro,Oficial,BOGOTA D.C.
VCB20L,Moto,Motocicleta,COLOMBIA
SUM137,Carro,Oficial,ENVIGADO
KMU581,Carro,Publico,BUCARAMANGA
JIW23Z,Moto,Motocicleta,COLOMBIA
IZZ27W,Moto,Motocicleta,COLOMBIA
MAB12V,Moto,Motocicleta,COLOMBIA
YFT24L,Moto,Motocicleta,COLOMBIA
KFY985,Carro,Particular,PEREIRA
QVW27L,Moto,Motocicleta,COLOMBIA
AXD25T,Moto,Motocicleta,COLOMBIA
AJK628,Carro,Publico,BARRANQUILLA
JBX39X,Moto,Motocicleta,COLOMBIA
RYK478,Carro,Publico,IBAGUE
IID349,Carro,Particular,MANIZALES
PKU48E,Moto,Motocicleta,COLOMBIA
EXM511,Carro,Oficial,BOGOTA D.C.
GQZ57R,Moto,Motocicleta,COLOMBIA
PVY52B,Moto,Motocicleta,COLOMBIA
ZII927,Carro,Particular,BARRANQUILLA
ZLH598,Carro,Particular,IBAGUE
DKK20U,Moto,Motocicleta,COLOMBIA
FYN92H,Moto,Motocicleta,COLOMBIA
LWP47A,Moto,Motocicleta,COLOMBIA
ZDL522,Carro,Particular,CUCUTA
NRA990,Carro,Oficial,BOGOTA D.C.
PBF049,Carro,Oficial,PEREIRA
FZR163,Carro,Oficial,ENVIGADO
PJE96I,Moto,Motocicleta,COLOMBIA
ILG23R,Moto,Motocicleta,COLOMBIA
SLZ269,Carro,Particular,TUNJA
YNL904,Carro,Particular,ENVIGADO
NEW515,Carro,Publico,PEREIRA
EFW088,Carro,Oficial,BARRANQUILLA
FSS47E,Moto,Motocicleta,COLOMBIA
TJV062,Carro,Particular,BUCARAMANGA
CSC455,Carro,Oficial,PASTO
BZU84D,Moto,Motocicleta,COLOMBIA
ECS14D,Moto,Motocicleta,COLOMBIA
CYB410,Carro,Publico,BOGOTA D.C.
SHB53X,Moto,Motocicleta,COLOMBIA
TLN227,Carro,Oficial,PASTO
MZN19U,Moto,Motocicleta,COLOMBIA
HGG74D,Moto,Motocicleta,COLOMBIA
CXL38Q,Moto,Motocicleta,COLOMBIA
MCF13D,Moto,Motocicleta,COLOMBIA
TJX50J,Moto,Motocicleta,COLOMBIA
FEG47B,Moto,Motocicleta,COLOMBIA
ZKZ45J,Moto,Motocicleta,COLOMBIA
AIT95M,Moto,Motocicleta,COLOMBIA
FPY36X,Moto,Motocicleta,COLOMBIA
MWF01V,Moto,Motocicleta,COLOMBIA
USZ541,Carro,Oficial,BOGOTA D.C.
HUC138,Carro,Particular,BUCARAMANGA
HVG112,Carro,Publico,MANIZALES
XBS01D,Moto,Motocicleta,COLOMBIA
JVD47S,Moto,Motocicleta,COLOMBIA
FLF048,Carro,Oficial,PASTO
NQN04Y,Moto,Motocicleta,COLOMBIA
INJ907,Carro,Publico,ENVIGADO
UEI810,Carro,Oficial,PASTO
HLJ411,Carro,Particular,BOGOTA D.C.
UXX034,Carro,Publico,BARRANQUILLA
GIY988,Carro,Publico,BUCARAMANGA
PXJ192,Carro,Oficial,BARRANQUILLA
BIX10U,Moto,Motocicleta,COLOMBIA
MYQ56Q,Moto,Motocicleta,COLOMBIA
BBZ22T,Moto,Motocicleta,COLOMBIA
MZF07N,Moto,Motocicleta,COLOMBIA
SPM349,Carro,Particular,BARRANQUILLA
VGI620,Carro,Publico,MEDELLIN
YII56N,Moto,Motocicleta,COLOMBIA
QGJ045,Carro,Particular,IBAGUE
TZK71R,Moto,Motocicleta,COLOMBIA
BWH86K,Moto,Motocicleta,COLOMBIA
RRA28R,Moto,Motocicleta,COLOMBIA
KNA65C,Moto,Motocicleta,COLOMBIA
ZUT78I,Moto,Motocicleta,COLOMBIA
MNL390,Carro,Publico,PEREIRA
TAU202,Carro,Publico,CALI
KMC33N,Moto,Motocicleta,COLOMBIA
AAK020,Carro,Publico,PEREIRA
WBR763,Carro,Publico,MANIZALES
NVG700,Carro,Particular,BOGOTA D.C.
PRT22K,Moto,Motocicleta,COLOMBIA
YUZ14B,Moto,Motocicleta,COLOMBIA
UKK85C,Moto,Motocicleta,COLOMBIA
FTI05V,Moto,Motocicleta,COLOMBIA
BYL88G,Moto,Motocicleta,COLOMBIA
QUM39Y,Moto,Motocicleta,COLOMBIA
HHL589,Carro,Oficial,MANIZALES
WPW39B,Moto,Motocicleta,COLOMBIA
QKI188,Carro,Oficial,IBAGUE
LID95C,Moto,Motocicleta,COLOMBIA
DKL211,Carro,Publico,BOGOTA D.C.
YNW20X,Moto,Motocicleta,COLOMBIA
YGQ00I,Moto,Motocicleta,COLOMBIA
UYS066,Carro,Publico,BOGOTA D.C.
GWV37P,Moto,Motocicleta,COLOMBIA
JHQ357,Carro,Particular,MEDELLIN
LFF543,Carro,Publico,CALI
BMN72G,Moto,Motocicleta,COLOMBIA
VQH05M,Moto,Motocicleta,COLOMBIA
THG00P,Moto,Motocicleta,COLOMBIA
KMC079,Carro,Particular,IBAGUE
CGH00P,Moto,Motocicleta,COLOMBIA
CAT45R,Moto,Motocicleta,COLOMBIA
KTV532,Carro,Oficial,IBAGUE
IXP004,Carro,Oficial,BOGOTA D.C.
FYN320,Carro,Publico,BOGOTA D.C.
UHF85G,Moto,Motocicleta,COLOMBIA
ENL097,Carro,Publico,IBAGUE
PRX673,Carro,Oficial,CALI
HAB78N,Moto,Motocicleta,COLOMBIA
XDV119,Carro,Particular,PEREIRA
QIG984,Carro,Particular,IBAGUE
GDR009,Carro,Publico,ENVIGADO
ZDX771,Carro,Oficial,PEREIRA
DCK819,Carro,Particular,MEDELLIN
XHA10D,Moto,Motocicleta,COLOMBIA
FUK93Y,Moto,Motocicleta,COLOMBIA
BCB470,Carro,Oficial,PASTO
LUI221,Carro,Particular,PASTO
GCS696,Carro,Particular,MANIZALES
PEU754,Carro,Oficial,CUCUTA
MLC348,Carro,Publico,IBAGUE
VKS625,Carro,Oficial,PASTO
RXT49P,Moto,Motocicleta,COLOMBIA
FFD30K,Moto,Motocicleta,COLOMBIA
ZKN18Q,Moto,Motocicleta,COLOMBIA
AJW65B,Moto,Motocicleta,COLOMBIA
JUL96Y,Moto,Motocicleta,COLOMBIA
CSM17T,Moto,Motocicleta,COLOMBIA
NLG129,Carro,Publico,BARRANQUILLA
JQE93K,Moto,Motocicleta,COLOMBIA
NYC033,Carro,Oficial,BARRANQUILLA
FKW336,Carro,Publico,PASTO
XKQ86N,Moto,Motocicleta,COLOMBIA
QQZ26R,Moto,Motocicleta,COLOMBIA
MKU34T,Moto,Motocicleta,COLOMBIA
TBK433,Carro,Publico,ENVIGADO
IIX964,Carro,Oficial,IBAGUE
ERB08V,Moto,Motocicleta,COLOMBIA
UJF48M,Moto,Motocicleta,COLOMBIA
SZK06A,Moto,Motocicleta,COLOMBIA
JYV69W,Moto,Motocicleta,COLOMBIA
NSR326,Carro,Oficial,BOGOTA D.C.
LPF36V,Moto,Motocicleta,COLOMBIA
UFX85Z,Moto,Motocicleta,COLOMBIA
ITG701,Carro,Oficial,IBAGUE
PMH17N,Moto,Motocicleta,COLOMBIA
NGK909,Carro,Particular,CALI
IQD36W,Moto,Motocicleta,COLOMBIA
KBM81D,Moto,Motocicleta,COLOMBIA
NIA656,Carro,Oficial,BARRANQUILLA
NKW655,Carro,Oficial,BOGOTA D.C.
DJH63T,Moto,Motocicleta,COLOMBIA
HYR648,Carro,Oficial,TUNJA
WET92R,Moto,Motocicleta,COLOMBIA
ACY292,Carro,Oficial,TUNJA
KUW87L,Moto,Motocicleta,COLOMBIA
UCP21X,Moto,Motocicleta,COLOMBIA
JYT119,Carro,Publico,BUCARAMANGA
FBM98P,Moto,Motocicleta,COLOMBIA
UFT644,Carro,Particular,MANIZALES
WQB65M,Moto,Motocicleta,COLOMBIA
VZY38N,Moto,Motocicleta,COLOMBIA
EGA09G,Moto,Motocicleta,COLOMBIA
WIN311,Carro,Particular,CALI
ZJQ08F,Moto,Motocicleta,COLOMBIA
JQD22M,Moto,Motocicleta,COLOMBIA
WFN97V,Moto,Motocicleta,COLOMBIA
FRV186,Carro,Publico,CALI
YWF235,Carro,Oficial,BUCARAMANGA
MQY158,Carro,Oficial,IBAGUE
KKF871,Carro,Particular,ENVIGADO
STP76P,Moto,Motocicleta,COLOMBIA
MYQ12T,Moto,Motocicleta,COLOMBIA
QSS127,Carro,Publico,BUCARAMANGA
PGS07T,Moto,Motocicleta,COLOMBIA
GUD960,Carro,Publico,ENVIGADO
RCE78L,Moto,Motocicleta,COLOMBIA
NPA37Z,Moto,Motocicleta,COLOMBIA
NDJ98K,Moto,Motocicleta,COLOMBIA
KGP428,Carro,Particular,PASTO
PDX015,Carro,Oficial,PASTO
QQI536,Carro,Oficial,BUCARAMANGA
ITI860,Carro,Oficial,PASTO
ZQV60X,Moto,Motocicleta,COLOMBIA
GFK17T,Moto,Motocicleta,COLOMBIA
STD047,Carro,Publico,PEREIRA
DNF122,Carro,Particular,IBAGUE
XCA974,Carro,Oficial,MEDELLIN
YPZ423,Carro,Publico,CALI
RAY00A,Moto,Motocicleta,COLOMBIA
SRL28F,Moto,Motocicleta,COLOMBIA
KDZ84I,Moto,Motocicleta,COLOMBIA
MWR69M,Moto,Motocicleta,COLOMBIA
ELH27M,Moto,Motocicleta,COLOMBIA
NRP17X,Moto,Motocicleta,COLOMBIA
ISQ25F,Moto,Motocicleta,COLOMBIA
JWX499,Carro,Publico,IBAGUE
AFK56K,Moto,Motocicleta,COLOMBIA
GWR213,Carro,Particular,ENVIGADO
CPZ76W,Moto,Motocicleta,COLOMBIA
PSZ65K,Moto,Motocicleta,COLOMBIA
VMD755,Carro,Particular,MEDELLIN
URN032,Carro,Oficial,ENVIGADO
FKP998,Carro,Particular,PEREIRA
FQW71X,Moto,Motocicleta,COLOMBIA
LPJ75X,Moto,Motocicleta,COLOMBIA
XJC954,Carro,Particular,BARRANQUILLA
GCL760,Carro,Particular,MEDELLIN
GKJ503,Carro,Oficial,IBAGUE
HGP422,Carro,Oficial,MEDELLIN
MJQ521,Carro,Oficial,MANIZALES
CUC68A,Moto,Motocicleta,COLOMBIA
DSU33C,Moto,Motocicleta,COLOMBIA
QVB30X,Moto,Motocicleta,COLOMBIA
VDA728,Carro,Publico,IBAGUE
CIW289,Carro,Publico,CALI
YJE700,Carro,Publico,CALI
SNQ053,Carro,Publico,BOGOTA D.C.
AVL65T,Moto,Motocicleta,COLOMBIA
KQQ44L,Moto,Motocicleta,COLOMBIA
RBT69B,Moto,Motocicleta,COLOMBIA
YMM805,Carro,Particular,PASTO
EGI396,Carro,Particular,BOGOTA D.C.
ZFL92U,Moto,Motocicleta,COLOMBIA
SXH883,Carro,Publico,CUCUTA
RGZ685,Carro,Publico,PASTO
FTX45L,Moto,Motocicleta,COLOMBIA
LXY49P,Moto,Motocicleta,COLOMBIA
TUW245,Carro,Publico,PASTO
BYP801,Carro,Particular,PEREIRA
WIM99M,Moto,Motocicleta,COLOMBIA
KWG293,Carro,Oficial,MEDELLIN
TCE10L,Moto,Motocicleta,COLOMBIA
FHG44S,Moto,Motocicleta,COLOMBIA
RDJ421,Carro,Particular,CUCUTA
IRK268,Carro,Publico,BOGOTA D.C.
QJQ573,Carro,Particular,PEREIRA
KPF730,Carro,Particular,MEDELLIN
ZIV397,Carro,Publico,PEREIRA
XBD49F,Moto,Motocicleta,COLOMBIA
FLE16U,Moto,Motocicleta,COLOMBIA
JLE77X,Moto,Motocicleta,COLOMBIA
IEX53L,Moto,Motocicleta,COLOMBIA
RMH675,Carro,Particular,MEDELLIN
CBQ003,Carro,Publico,MEDELLIN
RRE403,Carro,Particular,CALI
TTI87Q,Moto,Motocicleta,COLOMBIA
GZW52G,Moto,Motocicleta,COLOMBIA
MRA16V,Moto,Motocicleta,COLOMBIA
XGP77F,Moto,Motocicleta,COLOMBIA
DCB94C,Moto,Motocicleta,COLOMBIA
QZX19N,Moto,Motocicleta,COLOMBIA
JCE438,Carro,Oficial,BOGOTA D.C.
MLX378,Carro,Particular,MEDELLIN
SLM400,Carro,Oficial,PASTO
QUS801,Carro,Particular,TUNJA
EMY25L,Moto,Motocicleta,COLOMBIA
NUT799,Carro,Publico,BUCARAMANGA
LUJ466,Carro,Publico,TUNJA
HKD60C,Moto,Motocicleta,COLOMBIA
XYD905,Carro,Particular,BARRANQUILLA
LJN71J,Moto,Motocicleta,COLOMBIA
IMW71M,Moto,Motocicleta,COLOMBIA
MKI76Z,Moto,Motocicleta,COLOMBIA
RQC142,Carro,Publico,MEDELLIN
ZKE82U,Moto,Motocicleta,COLOMBIA
ZIL38F,Moto,Motocicleta,COLOMBIA
RLD122,Carro,Publico,BUCARAMANGA
LKW072,Carro,Oficial,MEDELLIN
HBS29I,Moto,Motocicleta,COLOMBIA
RRD370,Carro,Particular,BOGOTA D.C.
MRB414,Carro,Oficial,TUNJA
VNT698,Carro,Publico,TUNJA
SZB251,Carro,Publico,MANIZALES
LAG89H,Moto,Motocicleta,COLOMBIA
JNU593,Carro,Publico,BARRANQUILLA
NWE733,Carro,Publico,CALI
LEM55Y,Moto,Motocicleta,COLOMBIA
GQE09Q,Moto,Motocicleta,COLOMBIA
IAK26B,Moto,Motocicleta,COLOMBIA
EYI667,Carro,Particular,CALI
SZG383,Carro,Publico,PASTO
SMZ47J,Moto,Motocicleta,COLOMBIA
IER505,Carro,Particular,ENVIGADO
EFR669,Carro,Particular,CUCUTA
QVY77C,Moto,Motocicleta,COLOMBIA
LAK627,Carro,Oficial,PASTO
ALZ768,Carro,Oficial,BUCARAMANGA
KHL37W,Moto,Motocicleta,COLOMBIA
LWT81T,Moto,Motocicleta,COLOMBIA
NJS23X,Moto,Motocicleta,COLOMBIA
CNQ012,Carro,Particular,MANIZALES
WPV150,Carro,Publico,BOGOTA D.C.
STX817,Carro,Particular,CUCUTA
BSZ804,Carro,Oficial,BARRANQUILLA
IUZ493,Carro,Particular,PASTO
ANA586,Carro,Oficial,MANIZALES
ACC74B,Moto,Motocicleta,COLOMBIA
RYQ01M,Moto,Motocicleta,COLOMBIA
DUS53S,Moto,Motocicleta,COLOMBIA
NNX49L,Moto,Motocicleta,COLOMBIA
ZJY96E,Moto,Motocicleta,COLOMBIA
KBD71Q,Moto,Motocicleta,COLOMBIA
MRK044,Carro,Publico,PEREIRA
GRL882,Carro,Particular,CALI
HQF68P,Moto,Motocicleta,COLOMBIA
TWW38D,Moto,Motocicleta,COLOMBIA
API17S,Moto,Motocicleta,COLOMBIA
ELV686,Carro,Particular,BARRANQUILLA
FMC07E,Moto,Motocicleta,COLOMBIA
TUW68M,Moto,Motocicleta,COLOMBIA
BRJ058,Carro,Publico,CUCUTA
PSH14Z,Moto,Motocicleta,COLOMBIA
CED70T,Moto,Motocicleta,COLOMBIA
FAX86T,Moto,Motocicleta,COLOMBIA
RKM26Q,Moto,Motocicleta,COLOMBIA
LKC90D,Moto,Motocicleta,COLOMBIA
WWN83V,Moto,Motocicleta,COLOMBIA
DEJ981,Carro,Publico,CALI
CGW20T,Moto,Motocicleta,COLOMBIA
LYF763,Carro,Oficial,MEDELLIN
PZS280,Carro,Oficial,TUNJA
SLS202,Carro,Publico,BUCARAMANGA
FYA80S,Moto,Motocicleta,COLOMBIA
VDG323,Carro,Particular,PASTO
CFX55F,Moto,Motocicleta,COLOMBIA
EFP57W,Moto,Motocicleta,COLOMBIA
SAK66M,Moto,Motocicleta,COLOMBIA
FJS680,Carro,Publico,MANIZALES
SBU19H,Moto,Motocicleta,COLOMBIA
BUK54X,Moto,Motocicleta,COLOMBIA
PKW96K,Moto,Motocicleta,COLOMBIA
GBJ051,Carro,Publico,PEREIRA
HGK21E,Moto,Motocicleta,COLOMBIA
HEC88T,Moto,Motocicleta,COLOMBIA
GAD659,Carro,Publico,ENVIGADO
QIF280,Carro,Particular,TUNJA
WVS45A,Moto,Motocicleta,COLOMBIA
QNZ49T,Moto,Motocicleta,COLOMBIA
MXT869,Carro,Oficial,CUCUTA
XHY03T,Moto,Motocicleta,COLOMBIA
SPY10E,Moto,Motocicleta,COLOMBIA
ZNE319,Carro,Publico,MANIZALES
RZW20P,Moto,Motocicleta,COLOMBIA
AKN907,Carro,Publico,BOGOTA D.C.
QPB155,Carro,Oficial,IBAGUE
DHE476,Carro,Oficial,ENVIGADO
ABE326,Carro,Publico,TUNJA
XNP63I,Moto,Motocicleta,COLOMBIA
AJT374,Carro,Publico,CALI
CPB32P,Moto,Motocicleta,COLOMBIA
YAH383,Carro,Publico,BOGOTA D.C.
ZNP213,Carro,Oficial,CALI
JUJ359,Carro,Publico,PASTO
YQQ177,Carro,Oficial,ENVIGADO
RXG487,Carro,Publico,CALI
GZB58W,Moto,Motocicleta,COLOMBIA
MYU59Q,Moto,Motocicleta,COLOMBIA
SEV818,Carro,Particular,BUCARAMANGA
HFD027,Carro,Oficial,MEDELLIN
USP081,Carro,Publico,PEREIRA
PNW94N,Moto,Motocicleta,COLOMBIA
CFA377,Carro,Particular,ENVIGADO
FWV671,Carro,Particular,TUNJA
PCC53V,Moto,Motocicleta,COLOMBIA
QWF18M,Moto,Motocicleta,COLOMBIA
PKP13R,Moto,Motocicleta,COLOMBIA
YMY048,Carro,Oficial,MANIZALES
KRH342,Carro,Publico,IBAGUE
BMX962,Carro,Publico,PEREIRA
AWK584,Carro,Oficial,CALI
KUV82T,Moto,Motocicleta,COLOMBIA
RPY628,Carro,Publico,MEDELLIN
NTW87U,Moto,Motocicleta,COLOMBIA
BXW229,Carro,Publico,BOGOTA D.C.
XCB054,Carro,Oficial,PASTO
AJI62P,Moto,Motocicleta,COLOMBIA
XPZ49L,Moto,Motocicleta,COLOMBIA
CAV931,Carro,Particular,CALI
MJC12J,Moto,Motocicleta,COLOMBIA
UCF957,Carro,Oficial,MEDELLIN
EKK23B,Moto,Motocicleta,COLOMBIA
ZPL207,Carro,Publico,BARRANQUILLA
HTZ21C,Moto,Motocicleta,COLOMBIA
URL41J,Moto,Motocicleta,COLOMBIA
IBN73Z,Moto,Motocicleta,COLOMBIA
UFP004,Carro,Publico,CALI
IWU57P,Moto,Motocicleta,COLOMBIA
YSH882,Carro,Publico,IBAGUE
RKH57F,Moto,Motocicleta,COLOMBIA
SPD47R,Moto,Motocicleta,COLOMBIA
HAV19Q,Moto,Motocicleta,COLOMBIA
YKC54P,Moto,Motocicleta,COLOMBIA
UAF542,Carro,Particular,ENVIGADO
PXU23H,Moto,Motocicleta,COLOMBIA
MRL23T,Moto,Motocicleta,COLOMBIA
KZI05U,Moto,Motocicleta,COLOMBIA
PMY52B,Moto,Motocicleta,COLOMBIA
BUW652,Carro,Particular,BOGOTA D.C.
UIF197,Carro,Particular,ENVIGADO
UGJ745,Carro,Oficial,PEREIRA
DTD09A,Moto,Motocicleta,COLOMBIA
XUN732,Carro,Particular,BARRANQUILLA
APY885,Carro,Particular,PASTO
MBY04R,Moto,Motocicleta,COLOMBIA
SIG89V,Moto,Motocicleta,COLOMBIA
QDI00Q,Moto,Motocicleta,COLOMBIA
JHF210,Carro,Oficial,PEREIRA
FTN67N,Moto,Motocicleta,COLOMBIA
GYM39A,Moto,Motocicleta,COLOMBIA
VJZ044,Carro,Particular,ENVIGADO
UDE871,Carro,Oficial,CUCUTA
EXE08U,Moto,Motocicleta,COLOMBIA
BFL245,Carro,Publico,IBAGUE
TKW87D,Moto,Motocicleta,COLOMBIA
YMY708,Carro,Particular,CALI
STF597,Carro,Particular,MANIZALES
RFK108,Carro,Publico,CALI
WXP75B,Moto,Motocicleta,COLOMBIA
LKN946,Carro,Oficial,BARRANQUILLA
UXP469,Carro,Oficial,CALI
FGN413,Carro,Particular,CUCUTA
VGC48B,Moto,Motocicleta,COLOMBIA
ZGQ689,Carro,Particular,MEDELLIN
QUV714,Carro,Oficial,MEDELLIN
AUK495,Carro,Oficial,MEDELLIN
GNK07A,Moto,Motocicleta,COLOMBIA
LTF75S,Moto,Motocicleta,COLOMBIA
LZA826,Carro,Publico,CUCUTA
YAA466,Carro,Oficial,CALI
MMT044,Carro,Publico,MANIZALES
ELD90X,Moto,Motocicleta,COLOMBIA
KIW87R,Moto,Motocicleta,COLOMBIA
LSA86D,Moto,Motocicleta,COLOMBIA
WRR71L,Moto,Motocicleta,COLOMBIA
LCA02Y,Moto,Motocicleta,COLOMBIA
ICP47R,Moto,Motocicleta,COLOMBIA
FYJ02F,Moto,Motocicleta,COLOMBIA
RCU671,Carro,Oficial,BUCARAMANGA
GCU893,Carro,Oficial,CUCUTA
KLD638,Carro,Particular,CALI
QFU14Z,Moto,Motocicleta,COLOMBIA
VSY531,Carro,Oficial,PASTO
FMG94N,Moto,Motocicleta,COLOMBIA
NAL48U,Moto,Motocicleta,COLOMBIA
GBB323,Carro,Particular,CUCUTA
WMY21E,Moto,Motocicleta,COLOMBIA
UKQ32E,Moto,Motocicleta,COLOMBIA
DLR10K,Moto,Motocicleta,COLOMBIA
RDR51R,Moto,Motocicleta,COLOMBIA
MUK666,Carro,Particular,PEREIRA
ALJ69L,Moto,Motocicleta,COLOMBIA
QUU785,Carro,Oficial,PASTO
JXE909,Carro,Particular,MANIZALES
VXG15A,Moto,Motocicleta,COLOMBIA
GWC210,Carro,Publico,BOGOTA D.C.
XEE870,Carro,Publico,PEREIRA
EYT104,Carro,Publico,ENVIGADO
TCW47L,Moto,Motocicleta,COLOMBIA
HIS738,Carro,Oficial,TUNJA
DHK58U,Moto,Motocicleta,COLOMBIA
MFR338,Carro,Publico,CALI
CVJ75I,Moto,Motocicleta,COLOMBIA
VGU107,Carro,Oficial,TUNJA
DNB423,Carro,Oficial,BARRANQUILLA
CXD832,Carro,Oficial,CALI
EBN811,Carro,Oficial,MEDELLIN
WDB13R,Moto,Motocicleta,COLOMBIA
UAQ777,Carro,Publico,CALI
UKL24Z,Moto,Motocicleta,COLOMBIA
YTZ34H,Moto,Motocicleta,COLOMBIA
CUY41B,Moto,Motocicleta,COLOMBIA
CAU712,Carro,Publico,MANIZALES
FVG418,Carro,Publico,IBAGUE
XZI24S,Moto,Motocicleta,COLOMBIA
KMG84P,Moto,Motocicleta,COLOMBIA
KTH989,Carro,Publico,BUCARAMANGA
WSL523,Carro,Publico,TUNJA
GJI682,Carro,Particular,MANIZALES
XRM66L,Moto,Motocicleta,COLOMBIA
LBG36N,Moto,Motocicleta,COLOMBIA
EGY269,Carro,Publico,BUCARAMANGA
GDW06G,Moto,Motocicleta,COLOMBIA
VKA643,Carro,Oficial,PEREIRA
FBL11T,Moto,Motocicleta,COLOMBIA
HLG95N,Moto,Motocicleta,COLOMBIA
QEK003,Carro,Particular,CUCUTA
MEL659,Carro,Oficial,PASTO
VZQ47S,Moto,Motocicleta,COLOMBIA
AJQ74J,Moto,Motocicleta,COLOMBIA
YFZ63H,Moto,Motocicleta,COLOMBIA
FTY85A,Moto,Motocicleta,COLOMBIA
FCI739,Carro,Publico,ENVIGADO
XPI39V,Moto,Motocicleta,COLOMBIA
AVS754,Carro,Oficial,CALI
LDD479,Carro,Oficial,BUCARAMANGA
XPT99P,Moto,Motocicleta,COLOMBIA
CNA19C,Moto,Motocicleta,COLOMBIA
QAE711,Carro,Oficial,CALI
LSN04L,Moto,Motocicleta,COLOMBIA
IZL865,Carro,Particular,ENVIGADO
XBT35K,Moto,Motocicleta,COLOMBIA
RXM80Z,Moto,Motocicleta,COLOMBIA
HSZ729,Carro,Oficial,MEDELLIN
NCY99Q,Moto,Motocicleta,COLOMBIA
UEU46D,Moto,Motocicleta,COLOMBIA
TCC83P,Moto,Motocicleta,COLOMBIA
UID572,Carro,Particular,PEREIRA
YSG84A,Moto,Motocicleta,COLOMBIA
QSC14C,Moto,Motocicleta,COLOMBIA
UZJ472,Carro,Oficial,MANIZALES
YNM77R,Moto,Motocicleta,COLOMBIA
GMP922,Carro,Particular,CALI
WYG038,Carro,Oficial,PASTO
FPV04U,Moto,Motocicleta,COLOMBIA
XPN45F,Moto,Motocicleta,COLOMBIA
WZI202,Carro,Oficial,CUCUTA
DWN88B,Moto,Motocicleta,COLOMBIA
CKQ494,Carro,Oficial,BARRANQUILLA
RUG36A,Moto,Motocicleta,COLOMBIA
HPJ32P,Moto,Motocicleta,COLOMBIA
AVJ01X,Moto,Motocicleta,COLOMBIA
KSJ225,Carro,Publico,PASTO
IQB982,Carro,Oficial,PASTO
DIB114,Carro,Particular,PASTO
VFQ842,Carro,Publico,MEDELLIN
TKE803,Carro,Publico,MANIZALES
KDS09M,Moto,Motocicleta,COLOMBIA
RYP956,Carro,Particular,CUCUTA
JWC559,Carro,Oficial,MANIZALES
NWY99E,Moto,Motocicleta,COLOMBIA
UDD816,Carro,Oficial,BOGOTA D.C.
JUA34N,Moto,Motocicleta,COLOMBIA
FKI61P,Moto,Motocicleta,COLOMBIA
FPI89T,Moto,Motocicleta,COLOMBIA
QZV923,Carro,Oficial,ENVIGADO
XAW846,Carro,Oficial,BARRANQUILLA
VVA432,Carro,Particular,PASTO
MHA50I,Moto,Motocicleta,COLOMBIA
TGI324,Carro,Oficial,MANIZALES
NVA867,Carro,Particular,PASTO
HNB357,Carro,Oficial,BUCARAMANGA
YDZ995,Carro,Oficial,ENVIGADO
UFW294,Carro,Publico,BUCARAMANGA
GYH705,Carro,Publico,PEREIRA
VAH502,Carro,Publico,MEDELLIN
BKW309,Carro,Publico,MANIZALES
KNA77J,Moto,Motocicleta,COLOMBIA
IDM04A,Moto,Motocicleta,COLOMBIA
KLB82B,Moto,Motocicleta,COLOMBIA
ULC15J,Moto,Motocicleta,COLOMBIA
IZQ02X,Moto,Motocicleta,COLOMBIA
NDP878,Carro,Oficial,CUCUTA
ATA643,Carro,Publico,MANIZALES
FDP827,Carro,Publico,CALI
GAF49P,Moto,Motocicleta,COLOMBIA
NSZ430,Carro,Publico,ENVIGADO
TRS094,Carro,Oficial,MEDELLIN
THV714,Carro,Publico,BOGOTA D.C.
MGB854,Carro,Oficial,BOGOTA D.C.
YQL872,Carro,Publico,MEDELLIN
DTY931,Carro,Oficial,TUNJA
HMB905,Carro,Particular,MEDELLIN
LXA416,Carro,Publico,BARRANQUILLA
NMR408,Carro,Oficial,ENVIGADO
XHI52K,Moto,Motocicleta,COLOMBIA
JJY851,Carro,Publico,MANIZALES
SNS943,Carro,Oficial,BARRANQUILLA
ILY34W,Moto,Motocicleta,COLOMBIA
GZZ371,Carro,Oficial,TUNJA
NNC067,Carro,Oficial,BARRANQUILLA
VHB888,Carro,Particular,PASTO
GVM671,Carro,Publico,BOGOTA D.C.
WHT159,Carro,Oficial,BUCARAMANGA
HEJ72N,Moto,Motocicleta,COLOMBIA
FMS903,Carro,Oficial,BOGOTA D.C.
TFB149,Carro,Oficial,PEREIRA
BSG704,Carro,Publico,TUNJA
DBI605,Carro,Particular,BARRANQUILLA
NWR59T,Moto,Motocicleta,COLOMBIA
DFI478,Carro,Publico,MEDELLIN
VRC896,Carro,Particular,BARRANQUILLA
CNM436,Carro,Publico,BARRANQUILLA
JCU90T,Moto,Motocicleta,COLOMBIA
IDX92M,Moto,Motocicleta,COLOMBIA
WLJ02C,Moto,Motocicleta,COLOMBIA
XSR024,Carro,Oficial,BOGOTA D.C.
BEG29C,Moto,Motocicleta,COLOMBIA
GZQ21R,Moto,Motocicleta,COLOMBIA
BDH67Q,Moto,Motocicleta,COLOMBIA
LAW999,Carro,Publico,ENVIGADO
QBW91S,Moto,Motocicleta,COLOMBIA
LXI02L,Moto,Motocicleta,COLOMBIA
IRN38G,Moto,Motocicleta,COLOMBIA
JTH75S,Moto,Motocicleta,COLOMBIA
ZXI382,Carro,Particular,BOGOTA D.C.
FLK039,Carro,Publico,BOGOTA D.C.
KXX06H,Moto,Motocicleta,COLOMBIA
LXL892,Carro,Publico,PEREIRA
ZRX39P,Moto,Motocicleta,COLOMBIA
BEV24S,Moto,Motocicleta,COLOMBIA
GTV13A,Moto,Motocicleta,COLOMBIA
RMG86Q,Moto,Motocicleta,COLOMBIA
JSL42Z,Moto,Motocicleta,COLOMBIA
FIU98A,Moto,Motocicleta,COLOMBIA
RVS965,Carro,Particular,PASTO
UAQ391,Carro,Particular,IBAGUE
IQM41P,Moto,Motocicleta,COLOMBIA
MJS042,Carro,Particular,TUNJA
JHS18G,Moto,Motocicleta,COLOMBIA
BTQ25A,Moto,Motocicleta,COLOMBIA
UJB12T,Moto,Motocicleta,COLOMBIA
EQS07T,Moto,Motocicleta,COLOMBIA
BFY082,Carro,Publico,ENVIGADO
IPB19P,Moto,Motocicleta,COLOMBIA
NNB439,Carro,Oficial,MANIZALES
ASL092,Carro,Oficial,TUNJA
AXB04A,Moto,Motocicleta,COLOMBIA
MLG73G,Moto,Motocicleta,COLOMBIA
JDY37H,Moto,Motocicleta,COLOMBIA
RAY61L,Moto,Motocicleta,COLOMBIA
WSZ14D,Moto,Motocicleta,COLOMBIA
ZJG730,Carro,Oficial,BUCARAMANGA
TKY823,Carro,Publico,BUCARAMANGA
MWT67X,Moto,Motocicleta,COLOMBIA
NLY73A,Moto,Motocicleta,COLOMBIA
PPR48P,Moto,Motocicleta,COLOMBIA
MII31Z,Moto,Motocicleta,COLOMBIA
PVM00N,Moto,Motocicleta,COLOMBIA
BQS53Y,Moto,Motocicleta,COLOMBIA
ELQ93K,Moto,Motocicleta,COLOMBIA
BHN781,Carro,Publico,PASTO
DYH15V,Moto,Motocicleta,COLOMBIA
AGD12E,Moto,Motocicleta,COLOMBIA
REL70V,Moto,Motocicleta,COLOMBIA
TED569,Carro,Oficial,TUNJA
SXR169,Carro,Oficial,MANIZALES
QGM79S,Moto,Motocicleta,COLOMBIA
HTE808,Carro,Oficial,MEDELLIN
GDR19B,Moto,Motocicleta,COLOMBIA
GZB19K,Moto,Motocicleta,COLOMBIA
SZF65N,Moto,Motocicleta,COLOMBIA
LVT48U,Moto,Motocicleta,COLOMBIA
YIJ81X,Moto,Motocicleta,COLOMBIA
XLK005,Carro,Particular,MANIZALES
JCM19R,Moto,Motocicleta,COLOMBIA
ZCW62F,Moto,Motocicleta,COLOMBIA
YNK91M,Moto,Motocicleta,COLOMBIA
QRT45K,Moto,Motocicleta,COLOMBIA
SBJ164,Carro,Oficial,CALI
ARI108,Carro,Oficial,BOGOTA D.C.
TKJ514,Carro,Oficial,IBAGUE
IUY91A,Moto,Motocicleta,COLOMBIA
QIV070,Carro,Oficial,MEDELLIN
JBB956,Carro,Publico,ENVIGADO
WUW940,Carro,Oficial,TUNJA
ZPT27W,Moto,Motocicleta,COLOMBIA
KHQ21V,Moto,Motocicleta,COLOMBIA
TYY669,Carro,Publico,BARRANQUILLA
AMK269,Carro,Publico,CUCUTA
WWM24S,Moto,Motocicleta,COLOMBIA
ZSA59C,Moto,Motocicleta,COLOMBIA
MSP94S,Moto,Motocicleta,COLOMBIA
QWK98L,Moto,Motocicleta,COLOMBIA
HZH69S,Moto,Motocicleta,COLOMBIA
EDN16E,Moto,Motocicleta,COLOMBIA
CHU07C,Moto,Motocicleta,COLOMBIA
ZPQ182,Carro,Particular,MEDELLIN
UBT251,Carro,Oficial,BOGOTA D.C.
QJF92J,Moto,Motocicleta,COLOMBIA
STW50Q,Moto,Motocicleta,COLOMBIA
NAZ358,Carro,Particular,MANIZALES
BDN81L,Moto,Motocicleta,COLOMBIA
LDU35U,Moto,Motocicleta,COLOMBIA
XNI32C,Moto,Motocicleta,COLOMBIA
FUY75C,Moto,Motocicleta,COLOMBIA
RMI635,Carro,Particular,BARRANQUILLA
LSL35Z,Moto,Motocicleta,COLOMBIA
CPE87W,Moto,Motocicleta,COLOMBIA
NMP087,Carro,Publico,BOGOTA D.C.
YLN327,Carro,Publico,BUCARAMANGA
MWW599,Carro,Publico,MEDELLIN
GUS849,Carro,Oficial,CALI
QZY873,Carro,Particular,PASTO
YTP35E,Moto,Motocicleta,COLOMBIA
CZD97K,Moto,Motocicleta,COLOMBIA
HMN747,Carro,Particular,BOGOTA D.C.
UNL92R,Moto,Motocicleta,COLOMBIA
JZI73I,Moto,Motocicleta,COLOMBIA
QIQ90A,Moto,Motocicleta,COLOMBIA
EBZ348,Carro,Particular,MANIZALES
VKR258,Carro,Particular,TUNJA
IXI26Z,Moto,Motocicleta,COLOMBIA
NPW26G,Moto,Motocicleta,COLOMBIA
ZHU798,Carro,Oficial,BUCARAMANGA
CLZ155,Carro,Publico,CALI
JDQ01T,Moto,Motocicleta,COLOMBIA
NHD74X,Moto,Motocicleta,COLOMBIA
WVP67U,Moto,Motocicleta,COLOMBIA
TZP76X,Moto,Motocicleta,COLOMBIA
PBT60V,Moto,Motocicleta,COLOMBIA
UHU284,Carro,Particular,PASTO
LRW359,Carro,Publico,BARRANQUILLA
RBM454,Carro,Particular,PASTO
ZEP34K,Moto,Motocicleta,COLOMBIA
TTN20V,Moto,Motocicleta,COLOMBIA
GKF391,Carro,Particular,MEDELLIN
YQS65J,Moto,Motocicleta,COLOMBIA
DGN964,Carro,Oficial,BARRANQUILLA
GFR059,Carro,Publico,BOGOTA D.C.
ACP670,Carro,Oficial,MANIZALES
FMC83W,Moto,Motocicleta,COLOMBIA
DLQ103,Carro,Oficial,BARRANQUILLA
TLG13I,Moto,Motocicleta,COLOMBIA
NGB840,Carro,Oficial,CALI
GNQ12U,Moto,Motocicleta,COLOMBIA
UZT97T,Moto,Motocicleta,COLOMBIA
XFL55A,Moto,Motocicleta,COLOMBIA
NCJ714,Carro,Publico,MEDELLIN
MHY804,Carro,Oficial,CALI
YKI62I,Moto,Motocicleta,COLOMBIA
IPG929,Carro,Particular,CUCUTA
VXZ848,Carro,Oficial,BARRANQUILLA
SLE993,Carro,Publico,BARRANQUILLA
UJF397,Carro,Oficial,CALI
LWI75D,Moto,Motocicleta,COLOMBIA
VPL18C,Moto,Motocicleta,COLOMBIA
MUR816,Carro,Particular,PASTO
JMJ675,Carro,Publico,BUCARAMANGA
MPH046,Carro,Particular,MEDELLIN
PDI402,Carro,Oficial,ENVIGADO
PRS304,Carro,Oficial,MANIZALES
PLF77H,Moto,Motocicleta,COLOMBIA
RXN53J,Moto,Motocicleta,COLOMBIA
HYD66I,Moto,Motocicleta,COLOMBIA
AYN483,Carro,Publico,MANIZALES
HFG55J,Moto,Motocicleta,COLOMBIA
SYL729,Carro,Particular,ENVIGADO
MPJ63Z,Moto,Motocicleta,COLOMBIA
LHF131,Carro,Particular,PASTO
LFW19A,Moto,Motocicleta,COLOMBIA
LST57U,Moto,Motocicleta,COLOMBIA
DQT97K,Moto,Motocicleta,COLOMBIA
RST559,Carro,Oficial,MANIZALES
NPG28F,Moto,Motocicleta,COLOMBIA
GAN12G,Moto,Motocicleta,COLOMBIA
PAW814,Carro,Oficial,PASTO
EVC377,Carro,Oficial,PASTO
XUU863,Carro,Oficial,BOGOTA D.C.
ESB87C,Moto,Motocicleta,COLOMBIA
XGS417,Carro,Oficial,CUCUTA
GQC99C,Moto,Motocicleta,COLOMBIA
ZZB201,Carro,Particular,MEDELLIN
DBD627,Carro,Oficial,IBAGUE
XWE019,Carro,Particular,CUCUTA
FIK298,Carro,Publico,CUCUTA
LMC59H,Moto,Motocicleta,COLOMBIA
DUV717,Carro,Particular,TUNJA
JFL63Q,Moto,Motocicleta,COLOMBIA
HIM200,Carro,Particular,ENVIGADO
MTY50D,Moto,Motocicleta,COLOMBIA
MXL05G,Moto,Motocicleta,COLOMBIA
HDH485,Carro,Particular,MANIZALES
UFR26R,Moto,Motocicleta,COLOMBIA
ZHN77B,Moto,Motocicleta,COLOMBIA
XUB976,Carro,Oficial,MANIZALES
JLM049,Carro,Particular,PASTO
EVI73H,Moto,Motocicleta,COLOMBIA
LEE41J,Moto,Motocicleta,COLOMBIA
ALR851,Carro,Particular,PASTO
VRU64B,Moto,Motocicleta,COLOMBIA
VZW975,Carro,Publico,PASTO
ZIL976,Carro,Oficial,TUNJA
ATZ547,Carro,Particular,MEDELLIN
DXN62I,Moto,Motocicleta,COLOMBIA
EGX510,Carro,Oficial,IBAGUE
JSF410,Carro,Particular,IBAGUE
AEG173,Carro,Publico,BARRANQUILLA
WVF418,Carro,Particular,BOGOTA D.C.
XLZ682,Carro,Publico,ENVIGADO
VNW974,Carro,Particular,ENVIGADO
IHQ53D,Moto,Motocicleta,COLOMBIA
XJB123,Carro,Particular,CUCUTA
YDU007,Carro,Particular,MEDELLIN
PFJ180,Carro,Oficial,BOGOTA D.C.
PRZ498,Carro,Publico,IBAGUE
VWV803,Carro,Publico,BARRANQUILLA
QSS22Y,Moto,Motocicleta,COLOMBIA
AQL558,Carro,Oficial,BUCARAMANGA
FUR38A,Moto,Motocicleta,COLOMBIA
EKX229,Carro,Particular,MANIZALES
TQP843,Carro,Publico,CUCUTA
USL80M,Moto,Motocicleta,COLOMBIA
QYB35I,Moto,Motocicleta,COLOMBIA
EMT75U,Moto,Motocicleta,COLOMBIA
DDU52H,Moto,Motocicleta,COLOMBIA
UNS152,Carro,Publico,BOGOTA D.C.
PTN866,Carro,Particular,BARRANQUILLA
JWA999,Carro,Particular,BOGOTA D.C.
WRK68E,Moto,Motocicleta,COLOMBIA
XWI37A,Moto,Motocicleta,COLOMBIA
DIA657,Carro,Oficial,TUNJA
GYY442,Carro,Publico,PEREIRA
QNT49V,Moto,Motocicleta,COLOMBIA
JTY632,Carro,Publico,PASTO
QJH30X,Moto,Motocicleta,COLOMBIA
KPP011,Carro,Particular,BARRANQUILLA
HRQ748,Carro,Particular,CUCUTA
LNM516,Carro,Publico,IBAGUE
LVE481,Carro,Particular,BOGOTA D.C.
REA741,Carro,Oficial,MEDELLIN
HYC95U,Moto,Motocicleta,COLOMBIA
KPP924,Carro,Oficial,BOGOTA D.C.
UPA708,Carro,Particular,MEDELLIN
YXC126,Carro,Oficial,PEREIRA
BVX626,Carro,Particular,BOGOTA D.C.
ZXK52M,Moto,Motocicleta,COLOMBIA
AZV15T,Moto,Motocicleta,COLOMBIA
YPT01Q,Moto,Motocicleta,COLOMBIA
UJD25U,Moto,Motocicleta,COLOMBIA
LDV154,Carro,Particular,CUCUTA
YFC293,Carro,Particular,MEDELLIN
PLA003,Carro,Publico,BARRANQUILLA
IKK10L,Moto,Motocicleta,COLOMBIA
SVQ81T,Moto,Motocicleta,COLOMBIA
PWT01G,Moto,Motocicleta,COLOMBIA
GRV955,Carro,Oficial,BUCARAMANGA
XAR365,Carro,Publico,BUCARAMANGA
GBS980,Carro,Publico,ENVIGADO
IRF216,Carro,Oficial,IBAGUE
IBP05M,Moto,Motocicleta,COLOMBIA
CUU051,Carro,Particular,BARRANQUILLA
VHQ49Y,Moto,Motocicleta,COLOMBIA
BBT401,Carro,Oficial,TUNJA
XEC236,Carro,Particular,MANIZALES
JHG30D,Moto,Motocicleta,COLOMBIA
VMR47S,Moto,Motocicleta,COLOMBIA
IID044,Carro,Publico,MANIZALES
XGN436,Carro,Oficial,PASTO
PQX09Y,Moto,Motocicleta,COLOMBIA
XPI970,Carro,Publico,MEDELLIN
GYT55G,Moto,Motocicleta,COLOMBIA
BEM94G,Moto,Motocicleta,COLOMBIA
FDL397,Carro,Oficial,PASTO
CML25K,Moto,Motocicleta,COLOMBIA
UIU08X,Moto,Motocicleta,COLOMBIA
BPR19K,Moto,Motocicleta,COLOMBIA
ZKL265,Carro,Publico,CALI
FAZ69Z,Moto,Motocicleta,COLOMBIA
HTD11U,Moto,Motocicleta,COLOMBIA
FBN609,Carro,Publico,PEREIRA
HHC739,Carro,Particular,BUCARAMANGA
CUJ808,Carro,Publico,BARRANQUILLA
JPM25T,Moto,Motocicleta,COLOMBIA
ZBR68E,Moto,Motocicleta,COLOMBIA
LIR994,Carro,Publico,MANIZALES
JCB69I,Moto,Motocicleta,COLOMBIA
TWZ93Y,Moto,Motocicleta,COLOMBIA
ZXN275,Carro,Publico,TUNJA
HQD116,Carro,Oficial,MANIZALES
TLU20E,Moto,Motocicleta,COLOMBIA
WFL043,Carro,Oficial,PASTO
NHJ420,Carro,Particular,PEREIRA
RHA831,Carro,Publico,MEDELLIN
SPE459,Carro,Particular,IBAGUE
TXC73H,Moto,Motocicleta,COLOMBIA
XVH63F,Moto,Motocicleta,COLOMBIA
FUZ31C,Moto,Motocicleta,COLOMBIA
JBU270,Carro,Publico,PEREIRA
CRT608,Carro,Oficial,TUNJA
ZUZ588,Carro,Publico,IBAGUE
BMH725,Carro,Particular,BOGOTA D.C.
TDC04C,Moto,Motocicleta,COLOMBIA
MHN75D,Moto,Motocicleta,COLOMBIA
KXW288,Carro,Particular,MEDELLIN
RGK45W,Moto,Motocicleta,COLOMBIA
UMQ65Q,Moto,Motocicleta,COLOMBIA
JAD75L,Moto,Motocicleta,COLOMBIA
PGB32C,Moto,Motocicleta,COLOMBIA
XUF77A,Moto,Motocicleta,COLOMBIA
BMM74U,Moto,Motocicleta,COLOMBIA
QKB53P,Moto,Motocicleta,COLOMBIA
JGD87L,Moto,Motocicleta,COLOMBIA
GBM57R,Moto,Motocicleta,COLOMBIA
UNL107,Carro,Publico,BUCARAMANGA
DZP625,Carro,Publico,BUCARAMANGA
WEM423,Carro,Particular,TUNJA
MJF040,Carro,Publico,PEREIRA
EUS687,Carro,Oficial,PEREIRA
DQN06N,Moto,Motocicleta,COLOMBIA
FBE92S,Moto,Motocicleta,COLOMBIA
DVA98V,Moto,Motocicleta,COLOMBIA
ZWD71Y,Moto,Motocicleta,COLOMBIA
NVD122,Carro,Oficial,MANIZALES
BUT685,Carro,Particular,BARRANQUILLA
DEI814,Carro,Publico,PASTO
VQT809,Carro,Oficial,PASTO
QGG34D,Moto,Motocicleta,COLOMBIA
MNG77F,Moto,Motocicleta,COLOMBIA
IWR258,Carro,Particular,BUCARAMANGA
LZS62I,Moto,Motocicleta,COLOMBIA
KTQ20K,Moto,Motocicleta,COLOMBIA
CXW900,Carro,Publico,IBAGUE
QEJ59S,Moto,Motocicleta,COLOMBIA
LJX844,Carro,Particular,PASTO
XNJ914,Carro,Particular,BOGOTA D.C.
EHE308,Carro,Publico,BARRANQUILLA
UJM748,Carro,Oficial,BUCARAMANGA
RDK190,Carro,Oficial,PASTO
KMB571,Carro,Publico,PEREIRA
QKF068,Carro,Oficial,IBAGUE
AIM94J,Moto,Motocicleta,COLOMBIA
GQT36P,Moto,Motocicleta,COLOMBIA
LDU04M,Moto,Motocicleta,COLOMBIA
HIH981,Carro,Oficial,ENVIGADO
AJA69R,Moto,Motocicleta,COLOMBIA
ZHS49C,Moto,Motocicleta,COLOMBIA
DNH53W,Moto,Motocicleta,COLOMBIA
WAF06E,Moto,Motocicleta,COLOMBIA
YTR10S,Moto,Motocicleta,COLOMBIA
CAV881,Carro,Particular,TUNJA
KGS87R,Moto,Motocicleta,COLOMBIA
IGL10S,Moto,Motocicleta,COLOMBIA
RUN007,Carro,Particular,BOGOTA D.C.
IVT835,Carro,Publico,ENVIGADO
WDQ008,Carro,Publico,BUCARAMANGA
WUT91W,Moto,Motocicleta,COLOMBIA
AEV143,Carro,Oficial,BOGOTA D.C.
HGE30M,Moto,Motocicleta,COLOMBIA
YIF700,Carro,Publico,PEREIRA
PYU912,Carro,Oficial,PASTO
VLW60D,Moto,Motocicleta,COLOMBIA
XCA308,Carro,Oficial,BUCARAMANGA
QIS317,Carro,Oficial,CALI
KKA10B,Moto,Motocicleta,COLOMBIA
ZCD484,Carro,Particular,MEDELLIN
CUI14J,Moto,Motocicleta,COLOMBIA
KML37P,Moto,Motocicleta,COLOMBIA
ECC662,Carro,Oficial,CALI
NJL008,Carro,Particular,CALI
YBL540,Carro,Publico,MEDELLIN
IKZ14X,Moto,Motocicleta,COLOMBIA
JPF03P,Moto,Motocicleta,COLOMBIA
MPT96S,Moto,Motocicleta,COLOMBIA
MCF52J,Moto,Motocicleta,COLOMBIA
UNM980,Carro,Publico,MEDELLIN
WAS62E,Moto,Motocicleta,COLOMBIA
PHQ870,Carro,Particular,ENVIGADO
MGN407,Carro,Particular,IBAGUE
ZUV580,Carro,Oficial,CUCUTA
ZUC49E,Moto,Motocicleta,COLOMBIA
PZN203,Carro,Publico,PEREIRA
ZAA176,Carro,Oficial,MANIZALES
CVI750,Carro,Publico,MEDELLIN
DBI64T,Moto,Motocicleta,COLOMBIA
ZMB293,Carro,Oficial,PASTO
EPY549,Carro,Particular,BOGOTA D.C.
MFU85P,Moto,Motocicleta,COLOMBIA
FNK14C,Moto,Motocicleta,COLOMBIA
UHP92N,Moto,Motocicleta,COLOMBIA
BGG624,Carro,Particular,ENVIGADO
HGA191,Carro,Publico,BUCARAMANGA
VEY604,Carro,Oficial,CALI
QWH74X,Moto,Motocicleta,COLOMBIA
UKP694,Carro,Publico,BARRANQUILLA
VSU63V,Moto,Motocicleta,COLOMBIA
KGB262,Carro,Particular,CUCUTA
VPL960,Carro,Oficial,IBAGUE
MVK58K,Moto,Motocicleta,COLOMBIA
KMI092,Carro,Particular,CALI
LMJ207,Carro,Publico,CUCUTA
UYV02W,Moto,Motocicleta,COLOMBIA
VRT350,Carro,Particular,MANIZALES
YXQ864,Carro,Publico,IBAGUE
FBL835,Carro,Publico,IBAGUE
DGT222,Carro,Particular,TUNJA
ZXV95N,Moto,Motocicleta,COLOMBIA
XID04Q,Moto,Motocicleta,COLOMBIA
AAZ319,Carro,Particular,ENVIGADO
PPD631,Carro,Publico,BARRANQUILLA
SEW243,Carro,Oficial,TUNJA
PED260,Carro,Particular,CALI
MIZ65F,Moto,Motocicleta,COLOMBIA
UAW95V,Moto,Motocicleta,COLOMBIA
ZMK41Q,Moto,Motocicleta,COLOMBIA
TAU017,Carro,Particular,BOGOTA D.C.
JTL54P,Moto,Motocicleta,COLOMBIA
APQ80Y,Moto,Motocicleta,COLOMBIA
DUR74R,Moto,Motocicleta,COLOMBIA
SBH29W,Moto,Motocicleta,COLOMBIA
MRE582,Carro,Publico,PEREIRA
RTV23E,Moto,Motocicleta,COLOMBIA
DUJ24K,Moto,Motocicleta,COLOMBIA
NCU42F,Moto,Motocicleta,COLOMBIA
CRI22H,Moto,Motocicleta,COLOMBIA
BZG897,Carro,Particular,BOGOTA D.C.
FIG286,Carro,Particular,MEDELLIN
WFK225,Carro,Oficial,BUCARAMANGA
SVR64Y,Moto,Motocicleta,COLOMBIA
JVF559,Carro,Oficial,TUNJA
PMB266,Carro,Publico,PEREIRA
XGR677,Carro,Oficial,CUCUTA
RAS120,Carro,Oficial,BUCARAMANGA
YRD425,Carro,Oficial,CALI
MSX72T,Moto,Motocicleta,COLOMBIA
KFU01Z,Moto,Motocicleta,COLOMBIA
KWU347,Carro,Publico,BOGOTA D.C.
LLS84G,Moto,Motocicleta,COLOMBIA
QQM808,Carro,Oficial,TUNJA
IUT025,Carro,Oficial,ENVIGADO
FFR485,Carro,Oficial,BARRANQUILLA
NBH38X,Moto,Motocicleta,COLOMBIA
DNH663,Carro,Oficial,BUCARAMANGA
VNI70B,Moto,Motocicleta,COLOMBIA
QLJ671,Carro,Publico,PASTO
LSI146,Carro,Oficial,MEDELLIN
KLA61P,Moto,Motocicleta,COLOMBIA
WUF243,Carro,Publico,TUNJA
FTY27Q,Moto,Motocicleta,COLOMBIA
QCU071,Carro,Particular,MANIZALES
DEA55P,Moto,Motocicleta,COLOMBIA
VMU79M,Moto,Motocicleta,COLOMBIA
AVT157,Carro,Particular,ENVIGADO
NYY46H,Moto,Motocicleta,COLOMBIA
YRH282,Carro,Particular,MANIZALES
IWZ803,Carro,Particular,PASTO
XLS85D,Moto,Motocicleta,COLOMBIA
PYT91H,Moto,Motocicleta,COLOMBIA
DQU19E,Moto,Motocicleta,COLOMBIA
LWS99L,Moto,Motocicleta,COLOMBIA
KSF241,Carro,Oficial,BUCARAMANGA
KCU03D,Moto,Motocicleta,COLOMBIA
XCT67P,Moto,Motocicleta,COLOMBIA
PZF66W,Moto,Motocicleta,COLOMBIA
GYZ29U,Moto,Motocicleta,COLOMBIA
UKS981,Carro,Publico,MEDELLIN
CBU15Y,Moto,Motocicleta,COLOMBIA
RYK081,Carro,Publico,TUNJA
JBY018,Carro,Publico,CUCUTA
CIL154,Carro,Oficial,BARRANQUILLA
NXR927,Carro,Particular,PASTO
PDH238,Carro,Publico,PASTO
JWU26U,Moto,Motocicleta,COLOMBIA
BIG493,Carro,Oficial,PASTO
HTJ77A,Moto,Motocicleta,COLOMBIA
CNM85C,Moto,Motocicleta,COLOMBIA
LRK59Z,Moto,Motocicleta,COLOMBIA
NBM749,Carro,Particular,MANIZALES
JXU839,Carro,Particular,MANIZALES
VQZ82I,Moto,Motocicleta,COLOMBIA
KBZ401,Carro,Particular,MANIZALES
LDJ313,Carro,Oficial,CUCUTA
VSJ194,Carro,Publico,MANIZALES
LIK40W,Moto,Motocicleta,COLOMBIA
KFZ433,Carro,Oficial,MANIZALES
PPM661,Carro,Publico,ENVIGADO
TWS74R,Moto,Motocicleta,COLOMBIA
VXM395,Carro,Oficial,PASTO
HTE37R,Moto,Motocicleta,COLOMBIA
JBB19V,Moto,Motocicleta,COLOMBIA
QYA82P,Moto,Motocicleta,COLOMBIA
WQL573,Carro,Oficial,TUNJA
DCU189,Carro,Oficial,BUCARAMANGA
DFK38F,Moto,Motocicleta,COLOMBIA
CJW66E,Moto,Motocicleta,COLOMBIA
LNH73R,Moto,Motocicleta,COLOMBIA
DBS466,Carro,Particular,MANIZALES
TUJ199,Carro,Particular,CUCUTA
PST69W,Moto,Motocicleta,COLOMBIA
PQG97K,Moto,Motocicleta,COLOMBIA
GFK073,Carro,Particular,CALI
ELC252,Carro,Particular,CUCUTA
SCB797,Carro,Particular,BARRANQUILLA
QPL276,Carro,Publico,PASTO
BAG600,Carro,Particular,TUNJA
PMN32L,Moto,Motocicleta,COLOMBIA
SXF173,Carro,Particular,IBAGUE
QQZ74K,Moto,Motocicleta,COLOMBIA
SUD484,Carro,Oficial,BOGOTA D.C.
DSS77E,Moto,Motocicleta,COLOMBIA
MPC978,Carro,Oficial,CALI
GDP72I,Moto,Motocicleta,COLOMBIA
JPC979,Carro,Oficial,CALI
UPN369,Carro,Oficial,PEREIRA
XIM362,Carro,Publico,TUNJA
NRN76A,Moto,Motocicleta,COLOMBIA
FES14G,Moto,Motocicleta,COLOMBIA
RSE483,Carro,Particular,PASTO
DSF70H,Moto,Motocicleta,COLOMBIA
QLB068,Carro,Particular,MEDELLIN
TUV95H,Moto,Motocicleta,COLOMBIA
UFE653,Carro,Particular,BUCARAMANGA
XGD208,Carro,Particular,ENVIGADO
RPA06C,Moto,Motocicleta,COLOMBIA
DBU474,Carro,Publico,BOGOTA D.C.
ESG782,Carro,Oficial,MANIZALES
ZVK74J,Moto,Motocicleta,COLOMBIA
CVM17K,Moto,Motocicleta,COLOMBIA
JNI45L,Moto,Motocicleta,COLOMBIA
RDE68P,Moto,Motocicleta,COLOMBIA
DKA51I,Moto,Motocicleta,COLOMBIA
YMI39D,Moto,Motocicleta,COLOMBIA
UMF996,Carro,Publico,MEDELLIN
JLA69H,Moto,Motocicleta,COLOMBIA
XMC331,Carro,Oficial,MANIZALES
QGM22V,Moto,Motocicleta,COLOMBIA
YVY056,Carro,Particular,PASTO
THP26T,Moto,Motocicleta,COLOMBIA
FEK683,Carro,Oficial,PEREIRA
KDE63P,Moto,Motocicleta,COLOMBIA
VZY80W,Moto,Motocicleta,COLOMBIA
VKA89S,Moto,Motocicleta,COLOMBIA
LFW64L,Moto,Motocicleta,COLOMBIA
VZP838,Carro,Oficial,CALI
VZM67N,Moto,Motocicleta,COLOMBIA
KUQ27N,Moto,Motocicleta,COLOMBIA
ZPE27X,Moto,Motocicleta,COLOMBIA
PAY690,Carro,Oficial,ENVIGADO
NER288,Carro,Particular,PEREIRA
AAK30S,Moto,Motocicleta,COLOMBIA
SWA876,Carro,Publico,PASTO
AJH57K,Moto,Motocicleta,COLOMBIA
QGL032,Carro,Publico,PASTO
NWD106,Carro,Particular,BUCARAMANGA
RZQ71X,Moto,Motocicleta,COLOMBIA
UIB387,Carro,Publico,ENVIGADO
HUL67D,Moto,Motocicleta,COLOMBIA
RAR491,Carro,Publico,MANIZALES
SEA36P,Moto,Motocicleta,COLOMBIA
ULM048,Carro,Oficial,BOGOTA D.C.
TNP943,Carro,Publico,PASTO
BYW62K,Moto,Motocicleta,COLOMBIA
BDS22Z,Moto,Motocicleta,COLOMBIA
YWL05Z,Moto,Motocicleta,COLOMBIA
YKZ332,Carro,Oficial,TUNJA
DEL996,Carro,Particular,PEREIRA
LMT361,Carro,Publico,PEREIRA
JKY10E,Moto,Motocicleta,COLOMBIA
KUC87H,Moto,Motocicleta,COLOMBIA
RQZ563,Carro,Publico,BARRANQUILLA
NXW409,Carro,Particular,ENVIGADO
FMF849,Carro,Oficial,MEDELLIN
YES071,Carro,Particular,MANIZALES
FMF74U,Moto,Motocicleta,COLOMBIA
WHG90Q,Moto,Motocicleta,COLOMBIA
FFU223,Carro,Oficial,IBAGUE
BWS28Y,Moto,Motocicleta,COLOMBIA
AQC491,Carro,Publico,TUNJA
YPB49X,Moto,Motocicleta,COLOMBIA
SEQ279,Carro,Oficial,BUCARAMANGA
QWJ209,Carro,Oficial,CALI
WZU51N,Moto,Motocicleta,COLOMBIA
YGW60X,Moto,Motocicleta,COLOMBIA
NAZ26L,Moto,Motocicleta,COLOMBIA
ZGC548,Carro,Oficial,MANIZALES
TNJ63E,Moto,Motocicleta,COLOMBIA
TQX24V,Moto,Motocicleta,COLOMBIA
PGA102,Carro,Oficial,MEDELLIN
ZIC883,Carro,Oficial,CUCUTA
ZEZ48E,Moto,Motocicleta,COLOMBIA
VJT837,Carro,Particular,IBAGUE
PAB070,Carro,Oficial,MEDELLIN
PFB646,Carro,Particular,MEDELLIN
KBN812,Carro,Particular,MANIZALES
FLL12J,Moto,Motocicleta,COLOMBIA
EGG57R,Moto,Motocicleta,COLOMBIA
PBJ43S,Moto,Motocicleta,COLOMBIA
KKL877,Carro,Particular,MANIZALES
DQC12L,Moto,Motocicleta,COLOMBIA
KDT278,Carro,Particular,BUCARAMANGA
UNK878,Carro,Particular,MEDELLIN
RQW330,Carro,Particular,TUNJA
TZI64T,Moto,Motocicleta,COLOMBIA
YQT640,Carro,Publico,PASTO
SSW38N,Moto,Motocicleta,COLOMBIA
EEE971,Carro,Oficial,PASTO
ZKU225,Carro,Publico,TUNJA
BRI718,Carro,Oficial,CALI
JYZ249,Carro,Particular,BARRANQUILLA
TQX89P,Moto,Motocicleta,COLOMBIA
HFB64M,Moto,Motocicleta,COLOMBIA
BBV90D,Moto,Motocicleta,COLOMBIA
UQA767,Carro,Oficial,BUCARAMANGA
DME526,Carro,Oficial,PEREIRA
IDU34R,Moto,Motocicleta,COLOMBIA
SZH16U,Moto,Motocicleta,COLOMBIA
HGR92W,Moto,Motocicleta,COLOMBIA
GFR25K,Moto,Motocicleta,COLOMBIA
GCP01U,Moto,Motocicleta,COLOMBIA
PEN038,Carro,Oficial,CUCUTA
XPQ22T,Moto,Motocicleta,COLOMBIA
VUI84Q,Moto,Motocicleta,COLOMBIA
XJT91B,Moto,Motocicleta,COLOMBIA
VXT641,Carro,Particular,BUCARAMANGA
EJU36P,Moto,Motocicleta,COLOMBIA
WCQ802,Carro,Publico,PASTO
UEV63I,Moto,Motocicleta,COLOMBIA
QID275,Carro,Publico,TUNJA
FQT63B,Moto,Motocicleta,COLOMBIA
VBV165,Carro,Publico,CALI
GVZ63K,Moto,Motocicleta,COLOMBIA
VSH96B,Moto,Motocicleta,COLOMBIA
QYN99N,Moto,Motocicleta,COLOMBIA
YXT47J,Moto,Motocicleta,COLOMBIA
ZAR063,Carro,Oficial,CUCUTA
TDS98D,Moto,Motocicleta,COLOMBIA
MJI912,Carro,Particular,ENVIGADO
IIJ60N,Moto,Motocicleta,COLOMBIA
RRV051,Carro,Particular,MANIZALES
NYV311,Carro,Publico,PASTO
III717,Carro,Publico,MEDELLIN
DRJ81P,Moto,Motocicleta,COLOMBIA
GAZ589,Carro,Particular,PASTO
TGJ714,Carro,Particular,CALI
LCG268,Carro,Oficial,BOGOTA D.C.
BAC132,Carro,Oficial,PASTO
LAI727,Carro,Publico,BUCARAMANGA
ITA70Y,Moto,Motocicleta,COLOMBIA
JTN931,Carro,Particular,BUCARAMANGA
TFR066,Carro,Particular,MEDELLIN
ZTA812,Carro,Particular,CUCUTA
QTT887,Carro,Oficial,MANIZALES
ABF804,Carro,Particular,PASTO
TRR55P,Moto,Motocicleta,COLOMBIA
KMN45K,Moto,Motocicleta,COLOMBIA
WWY13M,Moto,Motocicleta,COLOMBIA
KCY002,Carro,Publico,BOGOTA D.C.
GZW388,Carro,Particular,MANIZALES
UWW67B,Moto,Motocicleta,COLOMBIA
BYU09D,Moto,Motocicleta,COLOMBIA
XQA913,Carro,Publico,BUCARAMANGA
CPT623,Carro,Publico,BUCARAMANGA
TSW595,Carro,Publico,CUCUTA
DBZ64M,Moto,Motocicleta,COLOMBIA
JLR436,Carro,Publico,PEREIRA
AIL456,Carro,Oficial,MANIZALES
ISB474,Carro,Particular,TUNJA
IQE408,Carro,Publico,BARRANQUILLA
UPD632,Carro,Particular,BOGOTA D.C.
NVQ251,Carro,Oficial,CUCUTA
PYX46B,Moto,Motocicleta,COLOMBIA
YRL964,Carro,Particular,PASTO
ZPD87F,Moto,Motocicleta,COLOMBIA
DEL394,Carro,Publico,PEREIRA
FPC897,Carro,Publico,TUNJA
FQV13C,Moto,Motocicleta,COLOMBIA
DQG799,Carro,Publico,PEREIRA
WQP06D,Moto,Motocicleta,COLOMBIA
RXT20Y,Moto,Motocicleta,COLOMBIA
CNY10E,Moto,Motocicleta,COLOMBIA
RAD97U,Moto,Motocicleta,COLOMBIA
VFR85K,Moto,Motocicleta,COLOMBIA
MNR60X,Moto,Motocicleta,COLOMBIA
QKT245,Carro,Oficial,ENVIGADO
LXN99G,Moto,Motocicleta,COLOMBIA
BQC81D,Moto,Motocicleta,COLOMBIA
GRR52T,Moto,Motocicleta,COLOMBIA
KVU39D,Moto,Motocicleta,COLOMBIA
UHZ389,Carro,Oficial,PASTO
MNP924,Carro,Publico,BOGOTA D.C.
IVI01Z,Moto,Motocicleta,COLOMBIA
VAE055,Carro,Particular,ENVIGADO
PFQ76Q,Moto,Motocicleta,COLOMBIA
AIE479,Carro,Particular,TUNJA
LFY151,Carro,Particular,BUCARAMANGA
CMP55X,Moto,Motocicleta,COLOMBIA
GWW623,Carro,Oficial,BUCARAMANGA
WTP492,Carro,Particular,PEREIRA
RJU589,Carro,Oficial,TUNJA
ZSC074,Carro,Publico,ENVIGADO
RJP568,Carro,Publico,MANIZALES
WEI89H,Moto,Motocicleta,COLOMBIA
GXQ625,Carro,Publico,IBAGUE
PWQ95X,Moto,Motocicleta,COLOMBIA
AFI939,Carro,Particular,BOGOTA D.C.
DJF751,Carro,Oficial,BUCARAMANGA
VZA701,Carro,Oficial,MANIZALES
IEH942,Carro,Publico,CALI
KHF83N,Moto,Motocicleta,COLOMBIA
PFZ30V,Moto,Motocicleta,COLOMBIA
IMD501,Carro,Particular,ENVIGADO
BMA66J,Moto,Motocicleta,COLOMBIA
SAT654,Carro,Publico,ENVIGADO
PWA59L,Moto,Motocicleta,COLOMBIA
WTR92U,Moto,Motocicleta,COLOMBIA
IPF26N,Moto,Motocicleta,COLOMBIA
JBD294,Carro,Particular,BUCARAMANGA
ZQH408,Carro,Publico,CALI
UNU95C,Moto,Motocicleta,COLOMBIA
RDH17H,Moto,Motocicleta,COLOMBIA
FNG878,Carro,Oficial,BOGOTA D.C.
DFG25B,Moto,Motocicleta,COLOMBIA
RWL440,Carro,Oficial,BUCARAMANGA
BNW108,Carro,Particular,PASTO
CKE52D,Moto,Motocicleta,COLOMBIA
YVX983,Carro,Oficial,MEDELLIN
DJA931,Carro,Publico,PASTO
WHX066,Carro,Particular,CALI
QZQ909,Carro,Publico,BUCARAMANGA
NKP86F,Moto,Motocicleta,COLOMBIA
AGA976,Carro,Particular,PASTO
ARW508,Carro,Publico,PASTO
DBU121,Carro,Particular,BARRANQUILLA
CJW71A,Moto,Motocicleta,COLOMBIA
EJN27I,Moto,Motocicleta,COLOMBIA
DZJ77J,Moto,Motocicleta,COLOMBIA
FJC18U,Moto,Motocicleta,COLOMBIA
DHT961,Carro,Oficial,PASTO
XIN650,Carro,Particular,ENVIGADO
SCB72T,Moto,Motocicleta,COLOMBIA
JIQ30M,Moto,Motocicleta,COLOMBIA
JET97X,Moto,Motocicleta,COLOMBIA
DQM359,Carro,Oficial,CUCUTA
MDA65B,Moto,Motocicleta,COLOMBIA
HNW73L,Moto,Motocicleta,COLOMBIA
ZHN55R,Moto,Motocicleta,COLOMBIA
DYP02S,Moto,Motocicleta,COLOMBIA
STC271,Carro,Publico,TUNJA
XBI222,Carro,Particular,PEREIRA
JNB62Z,Moto,Motocicleta,COLOMBIA
ZRG54L,Moto,Motocicleta,COLOMBIA
APR99H,Moto,Motocicleta,COLOMBIA
QRX836,Carro,Publico,CUCUTA
LLD429,Carro,Publico,IBAGUE
YEE00U,Moto,Motocicleta,COLOMBIA
ANH062,Carro,Publico,IBAGUE
KGE461,Carro,Publico,CUCUTA
XMS54F,Moto,Motocicleta,COLOMBIA
XXX41H,Moto,Motocicleta,COLOMBIA
XWZ93C,Moto,Motocicleta,COLOMBIA
FRD598,Carro,Oficial,BOGOTA D.C.
TVN56T,Moto,Motocicleta,COLOMBIA
ASS996,Carro,Publico,BOGOTA D.C.
DZT047,Carro,Publico,PASTO
YNY327,Carro,Oficial,PEREIRA
DGC256,Carro,Publico,CUCUTA
GVM814,Carro,Publico,PEREIRA
BLX35I,Moto,Motocicleta,COLOMBIA
CQM184,Carro,Publico,IBAGUE
FWK821,Carro,Publico,TUNJA
KTC092,Carro,Particular,CALI
KPC91I,Moto,Motocicleta,COLOMBIA
SVW38S,Moto,Motocicleta,COLOMBIA
AIN744,Carro,Publico,BOGOTA D.C.
QBF865,Carro,Oficial,MANIZALES
XVF06T,Moto,Motocicleta,COLOMBIA
XUK13G,Moto,Motocicleta,COLOMBIA
EMI76B,Moto,Motocicleta,COLOMBIA
MYV638,Carro,Particular,MEDELLIN
VSI771,Carro,Particular,MANIZALES
FZS58U,Moto,Motocicleta,COLOMBIA
TJX58K,Moto,Motocicleta,COLOMBIA
MZZ64W,Moto,Motocicleta,COLOMBIA
ECH231,Carro,Particular,TUNJA
EAP182,Carro,Particular,ENVIGADO
XGB18Z,Moto,Motocicleta,COLOMBIA
UDZ74N,Moto,Motocicleta,COLOMBIA
UAD78Z,Moto,Motocicleta,COLOMBIA
HZE60D,Moto,Motocicleta,COLOMBIA
QZL35P,Moto,Motocicleta,COLOMBIA
XRW452,Carro,Publico,MANIZALES
NDJ293,Carro,Particular,CALI
UBL385,Carro,Publico,BOGOTA D.C.
KXX71X,Moto,Motocicleta,COLOMBIA
VUI612,Carro,Publico,BUCARAMANGA
BSQ60J,Moto,Motocicleta,COLOMBIA
ATI384,Carro,Oficial,CALI
PEK50S,Moto,Motocicleta,COLOMBIA
LVT944,Carro,Publico,ENVIGADO
HNE46V,Moto,Motocicleta,COLOMBIA
WVC644,Carro,Particular,PASTO
ZJE433,Carro,Particular,ENVIGADO
PUX21Y,Moto,Motocicleta,COLOMBIA
NVG01S,Moto,Motocicleta,COLOMBIA
ZVJ34E,Moto,Motocicleta,COLOMBIA
CYK31A,Moto,Motocicleta,COLOMBIA
FDG17L,Moto,Motocicleta,COLOMBIA
YTK45L,Moto,Motocicleta,COLOMBIA
MWJ86K,Moto,Motocicleta,COLOMBIA
XRH75G,Moto,Motocicleta,COLOMBIA
RDH48H,Moto,Motocicleta,COLOMBIA
RBE594,Carro,Particular,MEDELLIN
ZMI866,Carro,Oficial,TUNJA
TNZ50S,Moto,Motocicleta,COLOMBIA
ARZ033,Carro,Oficial,BUCARAMANGA
JRN204,Carro,Publico,BUCARAMANGA
VHR853,Carro,Publico,PASTO
IDC168,Carro,Publico,BUCARAMANGA
JNK53X,Moto,Motocicleta,COLOMBIA
LRN575,Carro,Particular,MEDELLIN
CYQ54X,Moto,Motocicleta,COLOMBIA
TDI12N,Moto,Motocicleta,COLOMBIA
SIK88N,Moto,Motocicleta,COLOMBIA
SRX74L,Moto,Motocicleta,COLOMBIA
USX949,Carro,Particular,TUNJA
YKM083,Carro,Publico,CALI
ZRB35H,Moto,Motocicleta,COLOMBIA
JCW978,Carro,Oficial,PASTO
SDB183,Carro,Oficial,IBAGUE
GIH58I,Moto,Motocicleta,COLOMBIA
HTU931,Carro,Publico,MEDELLIN
IRA85Y,Moto,Motocicleta,COLOMBIA
RTW545,Carro,Particular,CUCUTA
VQW757,Carro,Particular,ENVIGADO
PZF07Z,Moto,Motocicleta,COLOMBIA
YFL049,Carro,Publico,CALI
CSU811,Carro,Particular,PASTO
LPU352,Carro,Oficial,CALI
HEU574,Carro,Particular,BOGOTA D.C.
WIU10N,Moto,Motocicleta,COLOMBIA
ACM18N,Moto,Motocicleta,COLOMBIA
QRJ68Z,Moto,Motocicleta,COLOMBIA
JGY84M,Moto,Motocicleta,COLOMBIA
QTP831,Carro,Publico,TUNJA
WCJ029,Carro,Publico,MEDELLIN
JZT424,Carro,Oficial,CUCUTA
MPA092,Carro,Oficial,PASTO
WTD943,Carro,Oficial,CUCUTA
VVI58Z,Moto,Motocicleta,COLOMBIA
LAW133,Carro,Oficial,CUCUTA
FIY722,Carro,Oficial,ENVIGADO
KJA620,Carro,Oficial,MEDELLIN
GKT48L,Moto,Motocicleta,COLOMBIA
XYQ26G,Moto,Motocicleta,COLOMBIA
YFI518,Carro,Oficial,BOGOTA D.C.
ZKR07K,Moto,Motocicleta,COLOMBIA
DGW145,Carro,Oficial,ENVIGADO
EJG344,Carro,Publico,IBAGUE
VNA056,Carro,Particular,MEDELLIN
QIX597,Carro,Oficial,IBAGUE
CBW43G,Moto,Motocicleta,COLOMBIA
SNW40H,Moto,Motocicleta,COLOMBIA
ESZ289,Carro,Particular,PEREIRA
VTH443,Carro,Oficial,PASTO
EME97C,Moto,Motocicleta,COLOMBIA
LHC167,Carro,Particular,ENVIGADO
TMF323,Carro,Particular,CALI
MPA46C,Moto,Motocicleta,COLOMBIA
FZX255,Carro,Publico,IBAGUE
FJX27H,Moto,Motocicleta,COLOMBIA
TDZ24C,Moto,Motocicleta,COLOMBIA
THZ104,Carro,Particular,BOGOTA D.C.
YHC767,Carro,Publico,BUCARAMANGA
FEV782,Carro,Particular,MEDELLIN
JAZ083,Carro,Oficial,BARRANQUILLA
YDL32A,Moto,Motocicleta,COLOMBIA
HCK81T,Moto,Motocicleta,COLOMBIA
HMX35H,Moto,Motocicleta,COLOMBIA
XDL735,Carro,Oficial,CUCUTA
AYR056,Carro,Publico,BOGOTA D.C.
UHS61F,Moto,Motocicleta,COLOMBIA
MGD219,Carro,Oficial,BOGOTA D.C.
ERS72P,Moto,Motocicleta,COLOMBIA
EHT37E,Moto,Motocicleta,COLOMBIA
JVM479,Carro,Oficial,PEREIRA
BTK935,Carro,Oficial,BUCARAMANGA
QRU970,Carro,Oficial,PASTO
ZZY99K,Moto,Motocicleta,COLOMBIA
XTU063,Carro,Oficial,IBAGUE
BHP71Y,Moto,Motocicleta,COLOMBIA
INC12L,Moto,Motocicleta,COLOMBIA
TBM35V,Moto,Motocicleta,COLOMBIA
CYV932,Carro,Publico,MANIZALES
BJW24J,Moto,Motocicleta,COLOMBIA
VRB57E,Moto,Motocicleta,COLOMBIA
NZZ969,Carro,Particular,IBAGUE
XAI562,Carro,Oficial,BARRANQUILLA
SPY77S,Moto,Motocicleta,COLOMBIA
EBX766,Carro,Publico,TUNJA
HLG636,Carro,Particular,PASTO
LWT159,Carro,Particular,CALI
SVV34S,Moto,Motocicleta,COLOMBIA
AVZ691,Carro,Particular,BOGOTA D.C.
FKT758,Carro,Particular,BOGOTA D.C.
QEB12S,Moto,Motocicleta,COLOMBIA
RZW601,Carro,Oficial,CALI
DCV85U,Moto,Motocicleta,COLOMBIA
AGI89D,Moto,Motocicleta,COLOMBIA
SJB62G,Moto,Motocicleta,COLOMBIA
WTM07Z,Moto,Motocicleta,COLOMBIA
KHR41F,Moto,Motocicleta,COLOMBIA
RBK069,Carro,Particular,PASTO
GGS895,Carro,Oficial,MANIZALES
YMU78Y,Moto,Motocicleta,COLOMBIA
ENY18P,Moto,Motocicleta,COLOMBIA
ZFX851,Carro,Publico,PASTO
PRZ147,Carro,Particular,CUCUTA
PAB16M,Moto,Motocicleta,COLOMBIA
ABH823,Carro,Publico,ENVIGADO
CXU19X,Moto,Motocicleta,COLOMBIA
TKY10R,Moto,Motocicleta,COLOMBIA
ZGH41L,Moto,Motocicleta,COLOMBIA
GDN52Y,Moto,Motocicleta,COLOMBIA
WEV193,Carro,Particular,BOGOTA D.C.
YLX738,Carro,Publico,CALI
UWA95E,Moto,Motocicleta,COLOMBIA
UZX25W,Moto,Motocicleta,COLOMBIA
PED45R,Moto,Motocicleta,COLOMBIA
JVG053,Carro,Publico,BUCARAMANGA
INX95L,Moto,Motocicleta,COLOMBIA
RDX90E,Moto,Motocicleta,COLOMBIA
NYZ27W,Moto,Motocicleta,COLOMBIA
UVX878,Carro,Publico,TUNJA
IEH99R,Moto,Motocicleta,COLOMBIA
IRG143,Carro,Publico,MEDELLIN
XZN561,Carro,Oficial,MEDELLIN
HWI77W,Moto,Motocicleta,COLOMBIA
HHS78M,Moto,Motocicleta,COLOMBIA
DBN79P,Moto,Motocicleta,COLOMBIA
YAW29V,Moto,Motocicleta,COLOMBIA
MYZ91Q,Moto,Motocicleta,COLOMBIA
TFT67C,Moto,Motocicleta,COLOMBIA
FHS69J,Moto,Motocicleta,COLOMBIA
BVP438,Carro,Publico,CALI
RKM630,Carro,Publico,ENVIGADO
GTZ381,Carro,Publico,IBAGUE
SDZ48Q,Moto,Motocicleta,COLOMBIA
SWU34Y,Moto,Motocicleta,COLOMBIA
GZJ88B,Moto,Motocicleta,COLOMBIA
YRI68S,Moto,Motocicleta,COLOMBIA
JNR472,Carro,Particular,MANIZALES
FLP51X,Moto,Motocicleta,COLOMBIA
MXE79T,Moto,Motocicleta,COLOMBIA
FMN866,Carro,Particular,PEREIRA
GVQ31V,Moto,Motocicleta,COLOMBIA
XBV855,Carro,Oficial,PASTO
ECU723,Carro,Publico,TUNJA
KFN60U,Moto,Motocicleta,COLOMBIA
TLF612,Carro,Publico,ENVIGADO
HSG259,Carro,Particular,CUCUTA
RFE300,Carro,Publico,MANIZALES
KTE077,Carro,Publico,CALI
XXM65Z,Moto,Motocicleta,COLOMBIA
YIH50F,Moto,Motocicleta,COLOMBIA
TCP66G,Moto,Motocicleta,COLOMBIA
QZS29V,Moto,Motocicleta,COLOMBIA
ULA38D,Moto,Motocicleta,COLOMBIA
RGV117,Carro,Particular,MANIZALES
SLT47F,Moto,Motocicleta,COLOMBIA
IKX725,Carro,Particular,IBAGUE
KEY33L,Moto,Motocicleta,COLOMBIA
LCB158,Carro,Publico,BOGOTA D.C.
LZM75C,Moto,Motocicleta,COLOMBIA
LVZ68V,Moto,Motocicleta,COLOMBIA
TTE437,Carro,Particular,BOGOTA D.C.
GVM36E,Moto,Motocicleta,COLOMBIA
ZCJ00D,Moto,Motocicleta,COLOMBIA
CMV26P,Moto,Motocicleta,COLOMBIA
UND45R,Moto,Motocicleta,COLOMBIA
LLZ407,Carro,Particular,MANIZALES
AAT951,Carro,Publico,PASTO
MJJ044,Carro,Publico,BUCARAMANGA
JLW151,Carro,Particular,PASTO
UAQ445,Carro,Publico,BOGOTA D.C.
XQK352,Carro,Particular,CALI
RMC97K,Moto,Motocicleta,COLOMBIA
GVG33T,Moto,Motocicleta,COLOMBIA
BUH43K,Moto,Motocicleta,COLOMBIA
KLR473,Carro,Particular,MEDELLIN
HDY85M,Moto,Motocicleta,COLOMBIA
GMR96B,Moto,Motocicleta,COLOMBIA
HED13Z,Moto,Motocicleta,COLOMBIA
RXU41X,Moto,Motocicleta,COLOMBIA
WIE446,Carro,Particular,BOGOTA D.C.
QRL472,Carro,Oficial,PASTO
DLG73H,Moto,Motocicleta,COLOMBIA
DXM987,Carro,Particular,PEREIRA
UDS949,Carro,Oficial,MEDELLIN
SKW453,Carro,Particular,CALI
CZU772,Carro,Particular,TUNJA
DVB68Q,Moto,Motocicleta,COLOMBIA
MEL165,Carro,Oficial,BOGOTA D.C.
DNK907,Carro,Publico,IBAGUE
TMI30Z,Moto,Motocicleta,COLOMBIA
SNV12T,Moto,Motocicleta,COLOMBIA
ADS33E,Moto,Motocicleta,COLOMBIA
LVG73E,Moto,Motocicleta,COLOMBIA
TLP597,Carro,Publico,BARRANQUILLA
SPG735,Carro,Oficial,PASTO
ABI911,Carro,Particular,BOGOTA D.C.
LRS919,Carro,Oficial,PEREIRA
VCJ65Z,Moto,Motocicleta,COLOMBIA
NAQ946,Carro,Particular,BUCARAMANGA
VUI21H,Moto,Motocicleta,COLOMBIA
KLL16N,Moto,Motocicleta,COLOMBIA
IRU60E,Moto,Motocicleta,COLOMBIA
FZX970,Carro,Particular,CUCUTA
VQK26G,Moto,Motocicleta,COLOMBIA
JJR813,Carro,Publico,BUCARAMANGA
APV437,Carro,Oficial,CALI
UHJ489,Carro,Particular,BOGOTA D.C.
BZG24D,Moto,Motocicleta,COLOMBIA
UEJ42M,Moto,Motocicleta,COLOMBIA
XSU87L,Moto,Motocicleta,COLOMBIA
SJG912,Carro,Publico,BOGOTA D.C.
REH24Y,Moto,Motocicleta,COLOMBIA
XMX533,Carro,Particular,MEDELLIN
YGT957,Carro,Particular,BARRANQUILLA
FNK21I,Moto,Motocicleta,COLOMBIA
TIC73B,Moto,Motocicleta,COLOMBIA
PMN459,Carro,Particular,IBAGUE
JPD11N,Moto,Motocicleta,COLOMBIA
GPG727,Carro,Particular,PEREIRA
VNV91L,Moto,Motocicleta,COLOMBIA
MBS73F,Moto,Motocicleta,COLOMBIA
FFA56P,Moto,Motocicleta,COLOMBIA
XMZ43L,Moto,Motocicleta,COLOMBIA
VRN969,Carro,Oficial,ENVIGADO
GWL64B,Moto,Motocicleta,COLOMBIA
KJS16P,Moto,Motocicleta,COLOMBIA
DZE527,Carro,Particular,BOGOTA D.C.
GDJ96L,Moto,Motocicleta,COLOMBIA
NSJ04B,Moto,Motocicleta,COLOMBIA
RUK30H,Moto,Motocicleta,COLOMBIA
WWM38T,Moto,Motocicleta,COLOMBIA
YLV190,Carro,Particular,BARRANQUILLA
DGQ431,Carro,Oficial,IBAGUE
SEY593,Carro,Oficial,CALI
GCI04A,Moto,Motocicleta,COLOMBIA
RGV150,Carro,Oficial,MANIZALES
HTE108,Carro,Oficial,BOGOTA D.C.
SVH252,Carro,Particular,MANIZALES
KZG704,Carro,Oficial,BARRANQUILLA
ZSL654,Carro,Publico,MANIZALES
UEU999,Carro,Publico,TUNJA
IBA657,Carro,Oficial,PASTO
BJI958,Carro,Oficial,CUCUTA
RPZ12Y,Moto,Motocicleta,COLOMBIA
RNN95S,Moto,Motocicleta,COLOMBIA
FFS41Y,Moto,Motocicleta,COLOMBIA
WIM008,Carro,Publico,CUCUTA
KMQ508,Carro,Particular,MEDELLIN
MIS30B,Moto,Motocicleta,COLOMBIA
CTW80J,Moto,Motocicleta,COLOMBIA
YEU02C,Moto,Motocicleta,COLOMBIA
GIX497,Carro,Publico,CUCUTA
GMQ788,Carro,Particular,ENVIGADO
TPS580,Carro,Oficial,TUNJA
MZI084,Carro,Publico,MANIZALES
ISA95Y,Moto,Motocicleta,COLOMBIA
ILX436,Carro,Particular,CUCUTA
MTG51G,Moto,Motocicleta,COLOMBIA
FWZ707,Carro,Publico,ENVIGADO
GUH776,Carro,Particular,CUCUTA
GQT917,Carro,Oficial,CUCUTA
DIF175,Carro,Oficial,PASTO
YNF107,Carro,Particular,CALI
RBE69B,Moto,Motocicleta,COLOMBIA
TZV85D,Moto,Motocicleta,COLOMBIA
XNU288,Carro,Particular,TUNJA
PEF759,Carro,Particular,CUCUTA
PEZ927,Carro,Particular,PEREIRA
IWY691,Carro,Particular,ENVIGADO
XTJ993,Carro,Oficial,BUCARAMANGA
SJB77L,Moto,Motocicleta,COLOMBIA
XFY15R,Moto,Motocicleta,COLOMBIA
LFF272,Carro,Oficial,CALI
UKT708,Carro,Particular,BARRANQUILLA
ITK60H,Moto,Motocicleta,COLOMBIA
IVC30Z,Moto,Motocicleta,COLOMBIA
BJE68J,Moto,Motocicleta,COLOMBIA
CXN583,Carro,Oficial,CUCUTA
FDH79V,Moto,Motocicleta,COLOMBIA
LFX067,Carro,Publico,MANIZALES
BAK79R,Moto,Motocicleta,COLOMBIA
LKC73E,Moto,Motocicleta,COLOMBIA
BSA493,Carro,Oficial,CALI
KKV32Q,Moto,Motocicleta,COLOMBIA
EQI92X,Moto,Motocicleta,COLOMBIA
RAG08A,Moto,Motocicleta,COLOMBIA
BDL274,Carro,Particular,IBAGUE
QUA81D,Moto,Motocicleta,COLOMBIA
PDK031,Carro,Particular,BOGOTA D.C.
NSL43E,Moto,Motocicleta,COLOMBIA
ZXZ10Y,Moto,Motocicleta,COLOMBIA
WTC67V,Moto,Motocicleta,COLOMBIA
MGU04G,Moto,Motocicleta,COLOMBIA
BEF360,Carro,Oficial,ENVIGADO
LUS422,Carro,Particular,BUCARAMANGA
JPB71V,Moto,Motocicleta,COLOMBIA
IXI995,Carro,Particular,BUCARAMANGA
EVM305,Carro,Publico,CALI
GUF381,Carro,Particular,PEREIRA
NJH690,Carro,Publico,MANIZALES
RQB830,Carro,Oficial,ENVIGADO
WDD568,Carro,Oficial,CUCUTA
TMS793,Carro,Publico,IBAGUE
GGX570,Carro,Particular,ENVIGADO
SNN32X,Moto,Motocicleta,COLOMBIA
UJN42B,Moto,Motocicleta,COLOMBIA
BKD86W,Moto,Motocicleta,COLOMBIA
BQQ38Q,Moto,Motocicleta,COLOMBIA
FGW07E,Moto,Motocicleta,COLOMBIA
FQM148,Carro,Particular,BUCARAMANGA
UDE957,Carro,Oficial,MANIZALES
PNS885,Carro,Oficial,PEREIRA
NGU709,Carro,Publico,PASTO
SDZ732,Carro,Particular,BUCARAMANGA
WKZ60D,Moto,Motocicleta,COLOMBIA
FRK09X,Moto,Motocicleta,COLOMBIA
TNL376,Carro,Publico,PASTO
EPL390,Carro,Publico,ENVIGADO
EGS67L,Moto,Motocicleta,COLOMBIA
ZZB07Y,Moto,Motocicleta,COLOMBIA
KRM435,Carro,Publico,MEDELLIN
VNU931,Carro,Particular,IBAGUE
VYT68E,Moto,Motocicleta,COLOMBIA
WDI315,Carro,Oficial,PASTO
BYK07X,Moto,Motocicleta,COLOMBIA
GVB276,Carro,Publico,CALI
NYX37P,Moto,Motocicleta,COLOMBIA
MJR570,Carro,Particular,CALI
JHP823,Carro,Particular,BUCARAMANGA
VHY13P,Moto,Motocicleta,COLOMBIA
CAL50Z,Moto,Motocicleta,COLOMBIA
GYA455,Carro,Oficial,CUCUTA
RDR559,Carro,Oficial,ENVIGADO
BUK173,Carro,Particular,PASTO
GAR306,Carro,Oficial,BUCARAMANGA
TEP68R,Moto,Motocicleta,COLOMBIA
CXJ325,Carro,Publico,BUCARAMANGA
SKK271,Carro,Particular,IBAGUE
NWB792,Carro,Particular,MANIZALES
YFE37V,Moto,Motocicleta,COLOMBIA
RXL048,Carro,Oficial,TUNJA
GPD49L,Moto,Motocicleta,COLOMBIA
UJJ734,Carro,Oficial,PASTO
LIS376,Carro,Particular,PEREIRA
LDV619,Carro,Oficial,CALI
NME17E,Moto,Motocicleta,COLOMBIA
FQU49L,Moto,Motocicleta,COLOMBIA
FBE034,Carro,Particular,CUCUTA
UYU546,Carro,Oficial,BOGOTA D.C.
LKK04C,Moto,Motocicleta,COLOMBIA
XRY716,Carro,Oficial,MEDELLIN
XRU70Z,Moto,Motocicleta,COLOMBIA
XQJ213,Carro,Publico,BOGOTA D.C.
JUZ97S,Moto,Motocicleta,COLOMBIA
YFN30R,Moto,Motocicleta,COLOMBIA
UEA50E,Moto,Motocicleta,COLOMBIA
DQA081,Carro,Particular,PASTO
WMQ721,Carro,Oficial,BARRANQUILLA
CGN185,Carro,Oficial,TUNJA
ZLQ55R,Moto,Motocicleta,COLOMBIA
SYB020,Carro,Publico,PEREIRA
BUE131,Carro,Oficial,MEDELLIN
LVD67X,Moto,Motocicleta,COLOMBIA
RQB200,Carro,Oficial,ENVIGADO
PCT367,Carro,Particular,BOGOTA D.C.
JMK93X,Moto,Motocicleta,COLOMBIA
YWI456,Carro,Particular,ENVIGADO
XNU353,Carro,Oficial,BUCARAMANGA
MMU840,Carro,Publico,BUCARAMANGA
AQA93Y,Moto,Motocicleta,COLOMBIA
WND22I,Moto,Motocicleta,COLOMBIA
YZN34C,Moto,Motocicleta,COLOMBIA
NSW10I,Moto,Motocicleta,COLOMBIA
ITJ40T,Moto,Motocicleta,COLOMBIA
BCU16L,Moto,Motocicleta,COLOMBIA
GCS177,Carro,Oficial,PASTO
VDV179,Carro,Oficial,TUNJA
NYM04B,Moto,Motocicleta,COLOMBIA
JGE114,Carro,Publico,TUNJA
WPG036,Carro,Publico,MANIZALES
VSY13E,Moto,Motocicleta,COLOMBIA
VQX93G,Moto,Motocicleta,COLOMBIA
NMI610,Carro,Particular,MEDELLIN
CCI358,Carro,Oficial,BOGOTA D.C.
XQQ56H,Moto,Motocicleta,COLOMBIA
WQM916,Carro,Particular,BUCARAMANGA
NVK30G,Moto,Motocicleta,COLOMBIA
XRQ00M,Moto,Motocicleta,COLOMBIA
QSV94V,Moto,Motocicleta,COLOMBIA
EHP663,Carro,Oficial,ENVIGADO
SCC501,Carro,Publico,BOGOTA D.C.
UNZ47Y,Moto,Motocicleta,COLOMBIA
PRH74D,Moto,Motocicleta,COLOMBIA
AFI785,Carro,Particular,BOGOTA D.C.
QSK01X,Moto,Motocicleta,COLOMBIA
XVL278,Carro,Particular,TUNJA
QMC333,Carro,Particular,PEREIRA
LVH694,Carro,Particular,MANIZALES
AFG14J,Moto,Motocicleta,COLOMBIA
WXR87C,Moto,Motocicleta,COLOMBIA
KXQ524,Carro,Oficial,PASTO
PKX30B,Moto,Motocicleta,COLOMBIA
HCU24Z,Moto,Motocicleta,COLOMBIA
ZCW74W,Moto,Motocicleta,COLOMBIA
BGV923,Carro,Publico,BARRANQUILLA
EKV166,Carro,Oficial,PEREIRA
WQX97D,Moto,Motocicleta,COLOMBIA
MJD458,Carro,Publico,PEREIRA
WBT824,Carro,Publico,TUNJA
CTE115,Carro,Particular,BARRANQUILLA
MGG447,Carro,Particular,BUCARAMANGA
CDR741,Carro,Publico,MANIZALES
VFM76Z,Moto,Motocicleta,COLOMBIA
GSP356,Carro,Publico,MEDELLIN
WFM83L,Moto,Motocicleta,COLOMBIA
VVK171,Carro,Particular,PEREIRA
IMQ61E,Moto,Motocicleta,COLOMBIA
TXC24C,Moto,Motocicleta,COLOMBIA
WZQ85E,Moto,Motocicleta,COLOMBIA
GZE426,Carro,Oficial,ENVIGADO
MCR36T,Moto,Motocicleta,COLOMBIA
ZII14F,Moto,Motocicleta,COLOMBIA
DTR350,Carro,Oficial,ENVIGADO
QIZ626,Carro,Particular,PASTO
KKJ84I,Moto,Motocicleta,COLOMBIA
YXT263,Carro,Oficial,MEDELLIN
KPT11J,Moto,Motocicleta,COLOMBIA
FRH08V,Moto,Motocicleta,COLOMBIA
FDZ97R,Moto,Motocicleta,COLOMBIA
XYP90G,Moto,Motocicleta,COLOMBIA
FEA86E,Moto,Motocicleta,COLOMBIA
UDH89E,Moto,Motocicleta,COLOMBIA
TAD80D,Moto,Motocicleta,COLOMBIA
KCY48V,Moto,Motocicleta,COLOMBIA
ZEJ82Z,Moto,Motocicleta,COLOMBIA
GZU809,Carro,Oficial,BOGOTA D.C.
DAP641,Carro,Publico,ENVIGADO
BFG127,Carro,Particular,BOGOTA D.C.
VCB917,Carro,Particular,MEDELLIN
GVU417,Carro,Publico,IBAGUE
RSB835,Carro,Publico,TUNJA
MPX989,Carro,Oficial,IBAGUE
WTZ103,Carro,Oficial,MEDELLIN
GAS113,Carro,Publico,TUNJA
CTG407,Carro,Oficial,IBAGUE
PGT30G,Moto,Motocicleta,COLOMBIA
DYU233,Carro,Publico,MEDELLIN
ADR602,Carro,Particular,MEDELLIN
SDG78S,Moto,Motocicleta,COLOMBIA
FLL05M,Moto,Motocicleta,COLOMBIA
GXJ00W,Moto,Motocicleta,COLOMBIA
GDD01G,Moto,Motocicleta,COLOMBIA
ERA824,Carro,Oficial,BOGOTA D.C.
DPT427,Carro,Particular,ENVIGADO
DXJ39R,Moto,Motocicleta,COLOMBIA
YXH702,Carro,Oficial,PASTO
XNF622,Carro,Publico,CUCUTA
BIJ566,Carro,Particular,BARRANQUILLA
MQV85J,Moto,Motocicleta,COLOMBIA
UJL69F,Moto,Motocicleta,COLOMBIA
CJQ617,Carro,Publico,PEREIRA
NXY208,Carro,Publico,PASTO
JRV47J,Moto,Motocicleta,COLOMBIA
JNV18L,Moto,Motocicleta,COLOMBIA
RVY08G,Moto,Motocicleta,COLOMBIA
JLH649,Carro,Oficial,PASTO
LNW25K,Moto,Motocicleta,COLOMBIA
VXS85X,Moto,Motocicleta,COLOMBIA
STT89R,Moto,Motocicleta,COLOMBIA
IAN97J,Moto,Motocicleta,COLOMBIA
QRI01L,Moto,Motocicleta,COLOMBIA
ZBA54P,Moto,Motocicleta,COLOMBIA
CSL47X,Moto,Motocicleta,COLOMBIA
WYT70B,Moto,Motocicleta,COLOMBIA
MPA224,Carro,Publico,MANIZALES
NCA26J,Moto,Motocicleta,COLOMBIA
IAU739,Carro,Oficial,ENVIGADO
TFB448,Carro,Particular,IBAGUE
QYF525,Carro,Oficial,TUNJA
LVW429,Carro,Particular,IBAGUE
NQP357,Carro,Particular,ENVIGADO
JVZ343,Carro,Publico,BUCARAMANGA
MQJ54G,Moto,Motocicleta,COLOMBIA
UFA675,Carro,Particular,PASTO
RJY819,Carro,Oficial,MANIZALES
CAK31P,Moto,Motocicleta,COLOMBIA
XMA86K,Moto,Motocicleta,COLOMBIA
DVQ346,Carro,Oficial,BOGOTA D.C.
VMA80Q,Moto,Motocicleta,COLOMBIA
XQC492,Carro,Oficial,IBAGUE
BQB95R,Moto,Motocicleta,COLOMBIA
YCH31Y,Moto,Motocicleta,COLOMBIA
NFS041,Carro,Particular,BARRANQUILLA
HEB80D,Moto,Motocicleta,COLOMBIA
XXM88M,Moto,Motocicleta,COLOMBIA
PEG824,Carro,Oficial,MANIZALES
QJY946,Carro,Publico,BARRANQUILLA
VNR775,Carro,Publico,PASTO
NTX182,Carro,Publico,MEDELLIN
CFA270,Carro,Oficial,ENVIGADO
RXS742,Carro,Particular,PASTO
JDT15L,Moto,Motocicleta,COLOMBIA
XZZ255,Carro,Oficial,MEDELLIN
RNC66C,Moto,Motocicleta,COLOMBIA
KYQ703,Carro,Particular,TUNJA
WCE18B,Moto,Motocicleta,COLOMBIA
JIA53L,Moto,Motocicleta,COLOMBIA
CDL58P,Moto,Motocicleta,COLOMBIA
QHT40H,Moto,Motocicleta,COLOMBIA
SWN127,Carro,Publico,CUCUTA
EFZ795,Carro,Oficial,BUCARAMANGA
YFE70Q,Moto,Motocicleta,COLOMBIA
IFI378,Carro,Oficial,BARRANQUILLA
HJI203,Carro,Oficial,PEREIRA
MWN347,Carro,Oficial,BOGOTA D.C.
ETJ47E,Moto,Motocicleta,COLOMBIA
XMU85D,Moto,Motocicleta,COLOMBIA
NPK25D,Moto,Motocicleta,COLOMBIA
TFH61T,Moto,Motocicleta,COLOMBIA
TJJ305,Carro,Publico,MEDELLIN
ZAQ25E,Moto,Motocicleta,COLOMBIA
ADV129,Carro,Publico,BUCARAMANGA
SBN39P,Moto,Motocicleta,COLOMBIA
QEY775,Carro,Oficial,BUCARAMANGA
RJX333,Carro,Particular,CUCUTA
RQX344,Carro,Publico,BUCARAMANGA
LKE76S,Moto,Motocicleta,COLOMBIA
YQJ63K,Moto,Motocicleta,COLOMBIA
GNH646,Carro,Oficial,CALI
VKC565,Carro,Oficial,CALI
WIN25V,Moto,Motocicleta,COLOMBIA
ZQG293,Carro,Oficial,IBAGUE
KGY92D,Moto,Motocicleta,COLOMBIA
PHV780,Carro,Oficial,BARRANQUILLA
WJA66K,Moto,Motocicleta,COLOMBIA
RXZ57Y,Moto,Motocicleta,COLOMBIA
NQH61A,Moto,Motocicleta,COLOMBIA
HBH24G,Moto,Motocicleta,COLOMBIA
SLP81A,Moto,Motocicleta,COLOMBIA
CYT042,Carro,Oficial,CUCUTA
JXR79A,Moto,Motocicleta,COLOMBIA
EGE045,Carro,Oficial,BOGOTA D.C.
ZFS59A,Moto,Motocicleta,COLOMBIA
XLC58M,Moto,Motocicleta,COLOMBIA
JEU78E,Moto,Motocicleta,COLOMBIA
JXM874,Carro,Oficial,PASTO
ZAH876,Carro,Oficial,BUCARAMANGA
SBC89E,Moto,Motocicleta,COLOMBIA
KCP236,Carro,Particular,PASTO
MLP16I,Moto,Motocicleta,COLOMBIA
TXZ68C,Moto,Motocicleta,COLOMBIA
WWM04H,Moto,Motocicleta,COLOMBIA
GMU73Q,Moto,Motocicleta,COLOMBIA
DBQ54M,Moto,Motocicleta,COLOMBIA
BZB003,Carro,Oficial,ENVIGADO
FIV182,Carro,Particular,ENVIGADO
SKD10G,Moto,Motocicleta,COLOMBIA
DMC521,Carro,Oficial,BOGOTA D.C.
RRM01Z,Moto,Motocicleta,COLOMBIA
GVS265,Carro,Oficial,MEDELLIN
CXM50F,Moto,Motocicleta,COLOMBIA
XJX846,Carro,Particular,BUCARAMANGA
ENE89G,Moto,Motocicleta,COLOMBIA
GSA688,Carro,Particular,ENVIGADO
ZZV74B,Moto,Motocicleta,COLOMBIA
HZG729,Carro,Oficial,IBAGUE
RWE84T,Moto,Motocicleta,COLOMBIA
ICR487,Carro,Particular,PEREIRA
DNA753,Carro,Publico,MEDELLIN
FVZ78C,Moto,Motocicleta,COLOMBIA
EBQ90U,Moto,Motocicleta,COLOMBIA
JBF786,Carro,Publico,PEREIRA
FUN39B,Moto,Motocicleta,COLOMBIA
PZP53P,Moto,Motocicleta,COLOMBIA
XYI041,Carro,Particular,TUNJA
WGJ976,Carro,Particular,BARRANQUILLA
NDC74F,Moto,Motocicleta,COLOMBIA
LGZ406,Carro,Particular,CUCUTA
HAD097,Carro,Publico,ENVIGADO
YLI538,Carro,Publico,IBAGUE
MBI10K,Moto,Motocicleta,COLOMBIA
HBJ981,Carro,Publico,BUCARAMANGA
NUT36R,Moto,Motocicleta,COLOMBIA
NFV21S,Moto,Motocicleta,COLOMBIA
JJN322,Carro,Particular,BARRANQUILLA
FHQ43Y,Moto,Motocicleta,COLOMBIA
PTH76C,Moto,Motocicleta,COLOMBIA
NBF928,Carro,Particular,TUNJA
NBM357,Carro,Particular,TUNJA
EGU17E,Moto,Motocicleta,COLOMBIA
ZSA906,Carro,Publico,BUCARAMANGA
NYY17P,Moto,Motocicleta,COLOMBIA
VEZ44M,Moto,Motocicleta,COLOMBIA
JIN10S,Moto,Motocicleta,COLOMBIA
FHU471,Carro,Particular,BARRANQUILLA
MEK48B,Moto,Motocicleta,COLOMBIA
EVH99E,Moto,Motocicleta,COLOMBIA
IJI305,Carro,Publico,CALI
EWT30I,Moto,Motocicleta,COLOMBIA
SKB189,Carro,Particular,IBAGUE
DAI104,Carro,Publico,IBAGUE
UFM449,Carro,Oficial,CALI
WEH745,Carro,Particular,PEREIRA
CBM34Q,Moto,Motocicleta,COLOMBIA
UVR91H,Moto,Motocicleta,COLOMBIA
ENM106,Carro,Oficial,BOGOTA D.C.
MJC703,Carro,Particular,IBAGUE
FCR141,Carro,Particular,MANIZALES
XNA49U,Moto,Motocicleta,COLOMBIA
YSP71V,Moto,Motocicleta,COLOMBIA
DRM116,Carro,Publico,CALI
SJQ927,Carro,Particular,ENVIGADO
SDB61L,Moto,Motocicleta,COLOMBIA
LFT47P,Moto,Motocicleta,COLOMBIA
TFI53C,Moto,Motocicleta,COLOMBIA
SEB119,Carro,Oficial,IBAGUE
RBG658,Carro,Oficial,BUCARAMANGA
KNS37Q,Moto,Motocicleta,COLOMBIA
LJL543,Carro,Publico,BUCARAMANGA
PFR66M,Moto,Motocicleta,COLOMBIA
QCG55S,Moto,Motocicleta,COLOMBIA
FWW671,Carro,Publico,CUCUTA
BVQ70G,Moto,Motocicleta,COLOMBIA
FKH939,Carro,Particular,CALI
SBA27Z,Moto,Motocicleta,COLOMBIA
ASA35R,Moto,Motocicleta,COLOMBIA
LVV61B,Moto,Motocicleta,COLOMBIA
IDG334,Carro,Oficial,BARRANQUILLA
ZPT145,Carro,Particular,PASTO
MVU06P,Moto,Motocicleta,COLOMBIA
TCC69F,Moto,Motocicleta,COLOMBIA
LQU687,Carro,Publico,IBAGUE
VQF25D,Moto,Motocicleta,COLOMBIA
FEY222,Carro,Publico,TUNJA
LTP40L,Moto,Motocicleta,COLOMBIA
PZX58X,Moto,Motocicleta,COLOMBIA
BWZ061,Carro,Publico,MANIZALES
TTP61V,Moto,Motocicleta,COLOMBIA
VIW01W,Moto,Motocicleta,COLOMBIA
KWK88X,Moto,Motocicleta,COLOMBIA
KXZ67V,Moto,Motocicleta,COLOMBIA
KNY15J,Moto,Motocicleta,COLOMBIA
NLV730,Carro,Oficial,PASTO
EPH00K,Moto,Motocicleta,COLOMBIA
LWR912,Carro,Oficial,IBAGUE
YNP918,Carro,Oficial,CUCUTA
GBU199,Carro,Publico,CUCUTA
AEH00I,Moto,Motocicleta,COLOMBIA
WZC73W,Moto,Motocicleta,COLOMBIA
NYV99L,Moto,Motocicleta,COLOMBIA
HIR558,Carro,Particular,MANIZALES
GLB52M,Moto,Motocicleta,COLOMBIA
QTW794,Carro,Oficial,PEREIRA
GYE89V,Moto,Motocicleta,COLOMBIA
KYF758,Carro,Oficial,IBAGUE
UNG685,Carro,Publico,TUNJA
RLM646,Carro,Oficial,TUNJA
UAM80D,Moto,Motocicleta,COLOMBIA
SMR656,Carro,Publico,CALI
UMT329,Carro,Oficial,CALI
EXE15Q,Moto,Motocicleta,COLOMBIA
NKH58X,Moto,Motocicleta,COLOMBIA
NDE222,Carro,Particular,CALI
NGK97C,Moto,Motocicleta,COLOMBIA
IUA60P,Moto,Motocicleta,COLOMBIA
YYF129,Carro,Oficial,TUNJA
KNR547,Carro,Particular,IBAGUE
JKI321,Carro,Oficial,CUCUTA
CWN46B,Moto,Motocicleta,COLOMBIA
TUD268,Carro,Particular,PASTO
VDJ48R,Moto,Motocicleta,COLOMBIA
UMP024,Carro,Oficial,BARRANQUILLA
KZD66C,Moto,Motocicleta,COLOMBIA
JRU316,Carro,Particular,ENVIGADO
IJV37P,Moto,Motocicleta,COLOMBIA
WID624,Carro,Publico,ENVIGADO
JKE033,Carro,Publico,BOGOTA D.C.
CLQ332,Carro,Publico,CALI
SNF862,Carro,Particular,PEREIRA
KNK559,Carro,Oficial,TUNJA
DLU29H,Moto,Motocicleta,COLOMBIA
USJ666,Carro,Publico,BOGOTA D.C.
VUY73L,Moto,Motocicleta,COLOMBIA
QWH37F,Moto,Motocicleta,COLOMBIA
FWE741,Carro,Particular,IBAGUE
FYP12Y,Moto,Motocicleta,COLOMBIA
VQV08U,Moto,Motocicleta,COLOMBIA
ZBL085,Carro,Particular,IBAGUE
LXT702,Carro,Publico,TUNJA
YUV77L,Moto,Motocicleta,COLOMBIA
KIB19S,Moto,Motocicleta,COLOMBIA
RLM208,Carro,Particular,CALI
NDQ754,Carro,Particular,CALI
AWL491,Carro,Particular,CALI
MLG37V,Moto,Motocicleta,COLOMBIA
IEZ849,Carro,Particular,PEREIRA
LZQ27X,Moto,Motocicleta,COLOMBIA
DIE90T,Moto,Motocicleta,COLOMBIA
WEV84Y,Moto,Motocicleta,COLOMBIA
CZA253,Carro,Particular,MANIZALES
RKE22E,Moto,Motocicleta,COLOMBIA
IID72G,Moto,Motocicleta,COLOMBIA
QLZ333,Carro,Particular,ENVIGADO
TSY477,Carro,Oficial,BOGOTA D.C.
EVZ17V,Moto,Motocicleta,COLOMBIA
NZV083,Carro,Particular,MEDELLIN
CNX503,Carro,Publico,ENVIGADO
IBN295,Carro,Publico,TUNJA
NFS94M,Moto,Motocicleta,COLOMBIA
DAF846,Carro,Oficial,BUCARAMANGA
LMM62R,Moto,Motocicleta,COLOMBIA
JZK502,Carro,Oficial,BUCARAMANGA
SKE85U,Moto,Motocicleta,COLOMBIA
JEX787,Carro,Particular,BARRANQUILLA
BFD12B,Moto,Motocicleta,COLOMBIA
CMS113,Carro,Publico,CUCUTA
QMN617,Carro,Particular,PEREIRA
FBW442,Carro,Oficial,IBAGUE
JYV19B,Moto,Motocicleta,COLOMBIA
FMN75D,Moto,Motocicleta,COLOMBIA
SZJ62K,Moto,Motocicleta,COLOMBIA
EBR85W,Moto,Motocicleta,COLOMBIA
DXN62D,Moto,Motocicleta,COLOMBIA
ANW584,Carro,Particular,PASTO
NEQ42X,Moto,Motocicleta,COLOMBIA
LRK41E,Moto,Motocicleta,COLOMBIA
LLK526,Carro,Particular,MANIZALES
DBN848,Carro,Particular,CALI
BTN604,Carro,Oficial,BUCARAMANGA
HAJ93R,Moto,Motocicleta,COLOMBIA
KYN663,Carro,Particular,CALI
BBI06P,Moto,Motocicleta,COLOMBIA
NWT059,Carro,Publico,MEDELLIN
MBQ201,Carro,Publico,IBAGUE
ERD21C,Moto,Motocicleta,COLOMBIA
NPT164,Carro,Particular,MEDELLIN
SBY632,Carro,Particular,CALI
JEM98D,Moto,Motocicleta,COLOMBIA
LGJ63C,Moto,Motocicleta,COLOMBIA
GVX184,Carro,Oficial,ENVIGADO
PDR65W,Moto,Motocicleta,COLOMBIA
MEU594,Carro,Oficial,TUNJA
VZI901,Carro,Oficial,CUCUTA
VSW531,Carro,Publico,IBAGUE
LBG843,Carro,Particular,ENVIGADO
YBQ28H,Moto,Motocicleta,COLOMBIA
WQV101,Carro,Oficial,ENVIGADO
FBJ113,Carro,Publico,CALI
PQS567,Carro,Particular,IBAGUE
MQA545,Carro,Oficial,MANIZALES
XML53D,Moto,Motocicleta,COLOMBIA
YQP01P,Moto,Motocicleta,COLOMBIA
JXK485,Carro,Publico,MANIZALES
NSF158,Carro,Oficial,CALI
TUY83X,Moto,Motocicleta,COLOMBIA
HXQ85M,Moto,Motocicleta,COLOMBIA
YND641,Carro,Oficial,MANIZALES
QTI57G,Moto,Motocicleta,COLOMBIA
CYK85X,Moto,Motocicleta,COLOMBIA
BRY82L,Moto,Motocicleta,COLOMBIA
PQP329,Carro,Publico,PASTO
MDN236,Carro,Particular,BOGOTA D.C.
VXT155,Carro,Oficial,MANIZALES
UWB38J,Moto,Motocicleta,COLOMBIA
QXF459,Carro,Oficial,BARRANQUILLA
WYX59L,Moto,Motocicleta,COLOMBIA
ZPN269,Carro,Particular,CUCUTA
BAH23A,Moto,Motocicleta,COLOMBIA
XZV94D,Moto,Motocicleta,COLOMBIA
VRT03Z,Moto,Motocicleta,COLOMBIA
DHB002,Carro,Particular,MANIZALES
QZV53D,Moto,Motocicleta,COLOMBIA
PNI409,Carro,Publico,PEREIRA
CHL360,Carro,Particular,IBAGUE
WKG79F,Moto,Motocicleta,COLOMBIA
FJP58S,Moto,Motocicleta,COLOMBIA
ZAK36E,Moto,Motocicleta,COLOMBIA
AEE60K,Moto,Motocicleta,COLOMBIA
DWB508,Carro,Oficial,CALI
WQQ51D,Moto,Motocicleta,COLOMBIA
VIB11B,Moto,Motocicleta,COLOMBIA
KRJ017,Carro,Particular,PASTO
FGF08P,Moto,Motocicleta,COLOMBIA
NFA10A,Moto,Motocicleta,COLOMBIA
CUH35W,Moto,Motocicleta,COLOMBIA
ATZ48A,Moto,Motocicleta,COLOMBIA
CZM316,Carro,Oficial,MEDELLIN
TFU473,Carro,Particular,MANIZALES
IVY893,Carro,Publico,PEREIRA
LYV17W,Moto,Motocicleta,COLOMBIA
XIH627,Carro,Particular,IBAGUE
MVI514,Carro,Publico,PEREIRA
IZB20K,Moto,Motocicleta,COLOMBIA
JRA522,Carro,Publico,CUCUTA
VUE150,Carro,Oficial,MEDELLIN
GHM866,Carro,Publico,BUCARAMANGA
KZH810,Carro,Oficial,PASTO
DGV79C,Moto,Motocicleta,COLOMBIA
IYU133,Carro,Publico,MEDELLIN
TKU08Y,Moto,Motocicleta,COLOMBIA
TDF223,Carro,Publico,TUNJA
PWI118,Carro,Particular,ENVIGADO
WQR22H,Moto,Motocicleta,COLOMBIA
BLK32Y,Moto,Motocicleta,COLOMBIA
ZMS349,Carro,Publico,TUNJA
UPA34M,Moto,Motocicleta,COLOMBIA
DUP74U,Moto,Motocicleta,COLOMBIA
TZM42U,Moto,Motocicleta,COLOMBIA
NUB251,Carro,Oficial,MEDELLIN
MIB361,Carro,Particular,MANIZALES
UCI936,Carro,Particular,PEREIRA
AWY87N,Moto,Motocicleta,COLOMBIA
PVJ05E,Moto,Motocicleta,COLOMBIA
WXW751,Carro,Oficial,IBAGUE
PJD880,Carro,Particular,PEREIRA
FJA514,Carro,Publico,PASTO
UHN774,Carro,Particular,CALI
IVG040,Carro,Oficial,CUCUTA
FZX98K,Moto,Motocicleta,COLOMBIA
CAG779,Carro,Oficial,PEREIRA
CPJ080,Carro,Publico,CUCUTA
YWG74F,Moto,Motocicleta,COLOMBIA
AJZ865,Carro,Publico,ENVIGADO
PCP62X,Moto,Motocicleta,COLOMBIA
FHF12S,Moto,Motocicleta,COLOMBIA
SRQ904,Carro,Particular,IBAGUE
SZK39V,Moto,Motocicleta,COLOMBIA
XYZ580,Carro,Particular,TUNJA
KKS923,Carro,Publico,MEDELLIN
TKM92A,Moto,Motocicleta,COLOMBIA
DBM326,Carro,Publico,BUCARAMANGA
PLK25T,Moto,Motocicleta,COLOMBIA
FSF35B,Moto,Motocicleta,COLOMBIA
FYQ643,Carro,Particular,ENVIGADO
FBT866,Carro,Oficial,MEDELLIN
MHE34R,Moto,Motocicleta,COLOMBIA
ULI15Q,Moto,Motocicleta,COLOMBIA
BBD65V,Moto,Motocicleta,COLOMBIA
APZ13Q,Moto,Motocicleta,COLOMBIA
UPK554,Carro,Publico,TUNJA
YVK728,Carro,Particular,BOGOTA D.C.
VHZ17J,Moto,Motocicleta,COLOMBIA
NLD31J,Moto,Motocicleta,COLOMBIA
XVZ250,Carro,Particular,BARRANQUILLA
KKV545,Carro,Particular,CALI
JYN924,Carro,Oficial,TUNJA
URH80Q,Moto,Motocicleta,COLOMBIA
HKV31K,Moto,Motocicleta,COLOMBIA
QDK447,Carro,Oficial,CALI
LAP065,Carro,Publico,PEREIRA
EFS71T,Moto,Motocicleta,COLOMBIA
SZZ412,Carro,Particular,MANIZALES
BEW261,Carro,Publico,PEREIRA
PFM07P,Moto,Motocicleta,COLOMBIA
TSA57B,Moto,Motocicleta,COLOMBIA
GNX14W,Moto,Motocicleta,COLOMBIA
WWR253,Carro,Oficial,PASTO
EQH997,Carro,Oficial,CUCUTA
SNV215,Carro,Particular,ENVIGADO
KSY22K,Moto,Motocicleta,COLOMBIA
SLS400,Carro,Particular,ENVIGADO
EJA82Z,Moto,Motocicleta,COLOMBIA
WKN92D,Moto,Motocicleta,COLOMBIA
RXT11G,Moto,Motocicleta,COLOMBIA
ZUR47B,Moto,Motocicleta,COLOMBIA
HVT786,Carro,Publico,PASTO
YIX59M,Moto,Motocicleta,COLOMBIA
LTT10W,Moto,Motocicleta,COLOMBIA
VHG859,Carro,Oficial,CUCUTA
CJG746,Carro,Particular,MANIZALES
IZN56U,Moto,Motocicleta,COLOMBIA
SNQ63F,Moto,Motocicleta,COLOMBIA
CZF162,Carro,Publico,BUCARAMANGA
SIQ896,Carro,Publico,PEREIRA
KLA97N,Moto,Motocicleta,COLOMBIA
ZSR338,Carro,Particular,BUCARAMANGA
CTI00Q,Moto,Motocicleta,COLOMBIA
SWW960,Carro,Particular,CALI
YLN184,Carro,Oficial,BOGOTA D.C.
FMN93M,Moto,Motocicleta,COLOMBIA
WJW52E,Moto,Motocicleta,COLOMBIA
MVN810,Carro,Oficial,BUCARAMANGA
LME193,Carro,Particular,CUCUTA
LQK869,Carro,Oficial,BARRANQUILLA
FNS588,Carro,Oficial,MANIZALES
ZTV120,Carro,Oficial,PEREIRA
PYK946,Carro,Publico,ENVIGADO
BNC88E,Moto,Motocicleta,COLOMBIA
XDW24C,Moto,Motocicleta,COLOMBIA
BRT36Z,Moto,Motocicleta,COLOMBIA
BBN466,Carro,Particular,MANIZALES
YVQ91D,Moto,Motocicleta,COLOMBIA
BPM928,Carro,Particular,ENVIGADO
KGW19Y,Moto,Motocicleta,COLOMBIA
XDJ821,Carro,Particular,BARRANQUILLA
INT091,Carro,Publico,TUNJA
CWU17A,Moto,Motocicleta,COLOMBIA
DQS49P,Moto,Motocicleta,COLOMBIA
JAA42D,Moto,Motocicleta,COLOMBIA
IJC63C,Moto,Motocicleta,COLOMBIA
XEA675,Carro,Oficial,TUNJA
YRL26T,Moto,Motocicleta,COLOMBIA
PGB252,Carro,Particular,BARRANQUILLA
IDP426,Carro,Oficial,MEDELLIN
AHU05J,Moto,Motocicleta,COLOMBIA
LYH13E,Moto,Motocicleta,COLOMBIA
VGN673,Carro,Oficial,MEDELLIN
UAN77Y,Moto,Motocicleta,COLOMBIA
ECP86L,Moto,Motocicleta,COLOMBIA
LWT60U,Moto,Motocicleta,COLOMBIA
BLV930,Carro,Particular,TUNJA
HCQ238,Carro,Oficial,CALI
WJJ323,Carro,Particular,BUCARAMANGA
ZEB56S,Moto,Motocicleta,COLOMBIA
FPV05C,Moto,Motocicleta,COLOMBIA
KYB61L,Moto,Motocicleta,COLOMBIA
WAR559,Carro,Publico,MEDELLIN
VFL99S,Moto,Motocicleta,COLOMBIA
VZC73M,Moto,Motocicleta,COLOMBIA
THB94G,Moto,Motocicleta,COLOMBIA
GMC390,Carro,Oficial,BOGOTA D.C.
EBP420,Carro,Oficial,PASTO
NBH378,Carro,Particular,TUNJA
NZK063,Carro,Publico,BUCARAMANGA
EPU415,Carro,Oficial,BOGOTA D.C.
UQI32X,Moto,Motocicleta,COLOMBIA
ZEF14Q,Moto,Motocicleta,COLOMBIA
QNZ277,Carro,Oficial,TUNJA
TDH968,Carro,Oficial,TUNJA
VFF635,Carro,Oficial,PEREIRA
HQM87B,Moto,Motocicleta,COLOMBIA
FJX14F,Moto,Motocicleta,COLOMBIA
DGB375,Carro,Publico,BUCARAMANGA
FSX92Y,Moto,Motocicleta,COLOMBIA
TFQ55N,Moto,Motocicleta,COLOMBIA
AIR23S,Moto,Motocicleta,COLOMBIA
RIH929,Carro,Oficial,BARRANQUILLA
DKV863,Carro,Oficial,TUNJA
RUZ393,Carro,Particular,TUNJA
VHD60K,Moto,Motocicleta,COLOMBIA
NUJ28C,Moto,Motocicleta,COLOMBIA
GWZ949,Carro,Publico,PASTO
IFM31E,Moto,Motocicleta,COLOMBIA
ZKK25Q,Moto,Motocicleta,COLOMBIA
WBS017,Carro,Particular,ENVIGADO
CQP43Q,Moto,Motocicleta,COLOMBIA
MIJ776,Carro,Particular,BUCARAMANGA
EMD843,Carro,Oficial,CUCUTA
NAI783,Carro,Oficial,TUNJA
ZRM80H,Moto,Motocicleta,COLOMBIA
MWW21D,Moto,Motocicleta,COLOMBIA
GVL31J,Moto,Motocicleta,COLOMBIA
BNE50X,Moto,Motocicleta,COLOMBIA
QCS260,Carro,Oficial,CUCUTA
MLQ67Y,Moto,Motocicleta,COLOMBIA
IAV95S,Moto,Motocicleta,COLOMBIA
QEL105,Carro,Particular,BARRANQUILLA
XEJ114,Carro,Publico,BUCARAMANGA
QDU35I,Moto,Motocicleta,COLOMBIA
LTI13Y,Moto,Motocicleta,COLOMBIA
JTN305,Carro,Publico,PASTO
YBK68C,Moto,Motocicleta,COLOMBIA
ZTQ686,Carro,Publico,BUCARAMANGA
CIC319,Carro,Oficial,BUCARAMANGA
VQI46W,Moto,Motocicleta,COLOMBIA
JAN210,Carro,Particular,PEREIRA
PLL935,Carro,Oficial,MANIZALES
TIM63X,Moto,Motocicleta,COLOMBIA
YWN192,Carro,Publico,TUNJA
ADR49N,Moto,Motocicleta,COLOMBIA
YFA88E,Moto,Motocicleta,COLOMBIA
UXU849,Carro,Particular,BUCARAMANGA
JTK992,Carro,Publico,MANIZALES
XSQ102,Carro,Oficial,BOGOTA D.C.
GKY73K,Moto,Motocicleta,COLOMBIA
TLH68V,Moto,Motocicleta,COLOMBIA
JFX94E,Moto,Motocicleta,COLOMBIA
ESA286,Carro,Publico,BARRANQUILLA
RCY00U,Moto,Motocicleta,COLOMBIA
HVL058,Carro,Oficial,BUCARAMANGA
EQI05A,Moto,Motocicleta,COLOMBIA
YPM07S,Moto,Motocicleta,COLOMBIA
DRK687,Carro,Oficial,CALI
YMH266,Carro,Oficial,MEDELLIN
ZLA87P,Moto,Motocicleta,COLOMBIA
SYB535,Carro,Publico,CUCUTA
IYA42Q,Moto,Motocicleta,COLOMBIA
EDN562,Carro,Oficial,IBAGUE
FID87L,Moto,Motocicleta,COLOMBIA
AUJ448,Carro,Particular,ENVIGADO
JXL36X,Moto,Motocicleta,COLOMBIA
BWQ80W,Moto,Motocicleta,COLOMBIA
BZV91M,Moto,Motocicleta,COLOMBIA
IVS62W,Moto,Motocicleta,COLOMBIA
QQY04F,Moto,Motocicleta,COLOMBIA
JUK654,Carro,Particular,BARRANQUILLA
NIN040,Carro,Particular,BUCARAMANGA
RQK05W,Moto,Motocicleta,COLOMBIA
WLB45M,Moto,Motocicleta,COLOMBIA
KFI39R,Moto,Motocicleta,COLOMBIA
NMH66H,Moto,Motocicleta,COLOMBIA
HUC615,Carro,Particular,CALI
IRX250,Carro,Oficial,BOGOTA D.C.
SWF909,Carro,Particular,PEREIRA
FPG20M,Moto,Motocicleta,COLOMBIA
GKC25M,Moto,Motocicleta,COLOMBIA
GSD973,Carro,Publico,MEDELLIN
PVK280,Carro,Oficial,CUCUTA
FYR914,Carro,Oficial,IBAGUE
UNA312,Carro,Particular,TUNJA
ZZL993,Carro,Particular,TUNJA
WXX62B,Moto,Motocicleta,COLOMBIA
IDG95V,Moto,Motocicleta,COLOMBIA
ABJ432,Carro,Oficial,CUCUTA
DIF228,Carro,Publico,ENVIGADO
KIU98X,Moto,Motocicleta,COLOMBIA
SYM190,Carro,Publico,BOGOTA D.C.
GAR563,Carro,Publico,PEREIRA
SDK561,Carro,Particular,MEDELLIN
JCT116,Carro,Oficial,ENVIGADO
YSZ34Q,Moto,Motocicleta,COLOMBIA
ZKS124,Carro,Publico,MEDELLIN
GXA336,Carro,Oficial,CUCUTA
GHW596,Carro,Publico,IBAGUE
BRX14C,Moto,Motocicleta,COLOMBIA
ICP314,Carro,Oficial,BUCARAMANGA
PRB504,Carro,Particular,IBAGUE
CFU50J,Moto,Motocicleta,COLOMBIA
BCH61S,Moto,Motocicleta,COLOMBIA
MXF168,Carro,Particular,BOGOTA D.C.
VAG13H,Moto,Motocicleta,COLOMBIA
GQI947,Carro,Particular,TUNJA
ITW035,Carro,Oficial,MANIZALES
SZX329,Carro,Particular,MEDELLIN
XFJ45C,Moto,Motocicleta,COLOMBIA
HLB53Q,Moto,Motocicleta,COLOMBIA
GME19T,Moto,Motocicleta,COLOMBIA
XTK71S,Moto,Motocicleta,COLOMBIA
SDF222,Carro,Oficial,IBAGUE
AYH89B,Moto,Motocicleta,COLOMBIA
XAU51T,Moto,Motocicleta,COLOMBIA
YZK716,Carro,Oficial,BUCARAMANGA
YNP89B,Moto,Motocicleta,COLOMBIA
FUR92H,Moto,Motocicleta,COLOMBIA
VJX755,Carro,Publico,MEDELLIN
BSQ43T,Moto,Motocicleta,COLOMBIA
ZMW40C,Moto,Motocicleta,COLOMBIA
XIB873,Carro,Particular,BARRANQUILLA
TCW72X,Moto,Motocicleta,COLOMBIA
HJQ103,Carro,Publico,MANIZALES
RMT174,Carro,Particular,IBAGUE
SGV49D,Moto,Motocicleta,COLOMBIA
ERX68K,Moto,Motocicleta,COLOMBIA
GGG932,Carro,Publico,BOGOTA D.C.
TTN45F,Moto,Motocicleta,COLOMBIA
DQW40U,Moto,Motocicleta,COLOMBIA
GZC624,Carro,Publico,MANIZALES
EJE383,Carro,Particular,TUNJA
QAF27W,Moto,Motocicleta,COLOMBIA
VJG40T,Moto,Motocicleta,COLOMBIA
TMB48S,Moto,Motocicleta,COLOMBIA
QID39V,Moto,Motocicleta,COLOMBIA
WXI44V,Moto,Motocicleta,COLOMBIA
KPW126,Carro,Oficial,BUCARAMANGA
CIQ03D,Moto,Motocicleta,COLOMBIA
UJW22Q,Moto,Motocicleta,COLOMBIA
YVH74E,Moto,Motocicleta,COLOMBIA
XKB362,Carro,Oficial,PASTO
UNQ111,Carro,Oficial,TUNJA
MLU17J,Moto,Motocicleta,COLOMBIA
PWZ453,Carro,Particular,PEREIRA
AEE24K,Moto,Motocicleta,COLOMBIA
SCW874,Carro,Oficial,TUNJA
GSV032,Carro,Publico,CALI
WSZ047,Carro,Publico,TUNJA
NSI540,Carro,Publico,PEREIRA
HKJ05U,Moto,Motocicleta,COLOMBIA
TQW75I,Moto,Motocicleta,COLOMBIA
PBK01E,Moto,Motocicleta,COLOMBIA
JFM74P,Moto,Motocicleta,COLOMBIA
JPG67E,Moto,Motocicleta,COLOMBIA
VPP45Q,Moto,Motocicleta,COLOMBIA
HWE109,Carro,Publico,MEDELLIN
NQM06X,Moto,Motocicleta,COLOMBIA
KUB12W,Moto,Motocicleta,COLOMBIA
QSM626,Carro,Publico,MEDELLIN
JWP953,Carro,Oficial,TUNJA
PVB739,Carro,Particular,PASTO
PMX110,Carro,Publico,PEREIRA
XZL977,Carro,Publico,BARRANQUILLA
CLD34Q,Moto,Motocicleta,COLOMBIA
WPD701,Carro,Oficial,BUCARAMANGA
MED66S,Moto,Motocicleta,COLOMBIA
ACP61Z,Moto,Motocicleta,COLOMBIA
WKK16N,Moto,Motocicleta,COLOMBIA
KPH389,Carro,Particular,PEREIRA
LZW11C,Moto,Motocicleta,COLOMBIA
JME537,Carro,Publico,ENVIGADO
ZUV672,Carro,Oficial,MANIZALES
TUA16Y,Moto,Motocicleta,COLOMBIA
HAN464,Carro,Particular,BARRANQUILLA
GHD801,Carro,Particular,TUNJA
ZJD046,Carro,Oficial,CUCUTA
CLD33F,Moto,Motocicleta,COLOMBIA
MAC23X,Moto,Motocicleta,COLOMBIA
YTC046,Carro,Publico,BARRANQUILLA
UGA26K,Moto,Motocicleta,COLOMBIA
CFQ22B,Moto,Motocicleta,COLOMBIA
HLE59S,Moto,Motocicleta,COLOMBIA
SMZ49T,Moto,Motocicleta,COLOMBIA
CFF70B,Moto,Motocicleta,COLOMBIA
QNH96A,Moto,Motocicleta,COLOMBIA
NAR49L,Moto,Motocicleta,COLOMBIA
JLI095,Carro,Particular,PEREIRA
CRL54W,Moto,Motocicleta,COLOMBIA
DED306,Carro,Particular,MEDELLIN
RSY25C,Moto,Motocicleta,COLOMBIA
RZW419,Carro,Oficial,IBAGUE
NDR237,Carro,Particular,PEREIRA
VEE859,Carro,Oficial,PEREIRA
ZAZ531,Carro,Publico,PASTO
QNV90W,Moto,Motocicleta,COLOMBIA
HDN92W,Moto,Motocicleta,COLOMBIA
HVH94U,Moto,Motocicleta,COLOMBIA
WCU032,Carro,Publico,CUCUTA
NIG017,Carro,Oficial,BARRANQUILLA
VAM02C,Moto,Motocicleta,COLOMBIA
TIV619,Carro,Publico,PASTO
YMG77S,Moto,Motocicleta,COLOMBIA
MJL592,Carro,Publico,MEDELLIN
TMF231,Carro,Publico,IBAGUE
CXJ072,Carro,Oficial,IBAGUE
UDB417,Carro,Oficial,ENVIGADO
DJD871,Carro,Publico,IBAGUE
PFK88A,Moto,Motocicleta,COLOMBIA
NAA03Z,Moto,Motocicleta,COLOMBIA
GAQ069,Carro,Oficial,CALI
MVB22V,Moto,Motocicleta,COLOMBIA
CBF40N,Moto,Motocicleta,COLOMBIA
WVA050,Carro,Publico,BARRANQUILLA
XRK427,Carro,Publico,CUCUTA
BTI474,Carro,Publico,BOGOTA D.C.
AFK276,Carro,Particular,PASTO
GZX17V,Moto,Motocicleta,COLOMBIA
PNP699,Carro,Oficial,BUCARAMANGA
NNN32R,Moto,Motocicleta,COLOMBIA
DYB92B,Moto,Motocicleta,COLOMBIA
XRT21M,Moto,Motocicleta,COLOMBIA
JXH875,Carro,Particular,PEREIRA
FZM913,Carro,Publico,PEREIRA
IUU01A,Moto,Motocicleta,COLOMBIA
BJE735,Carro,Oficial,PASTO
BQC82K,Moto,Motocicleta,COLOMBIA
DMH015,Carro,Particular,MEDELLIN
YCS230,Carro,Particular,PASTO
BAX895,Carro,Publico,PEREIRA
WPD059,Carro,Oficial,CUCUTA
TAS093,Carro,Oficial,ENVIGADO
WWH05F,Moto,Motocicleta,COLOMBIA
MRQ657,Carro,Publico,PEREIRA
JVI53R,Moto,Motocicleta,COLOMBIA
WCI65C,Moto,Motocicleta,COLOMBIA
AIE526,Carro,Particular,PASTO
JYA040,Carro,Particular,CUCUTA
XBZ016,Carro,Oficial,TUNJA
UBD16Y,Moto,Motocicleta,COLOMBIA
DKM60G,Moto,Motocicleta,COLOMBIA
AHE656,Carro,Oficial,CUCUTA
PNF39S,Moto,Motocicleta,COLOMBIA
NVV006,Carro,Oficial,CUCUTA
MCA60B,Moto,Motocicleta,COLOMBIA
SYR957,Carro,Publico,BUCARAMANGA
EUU857,Carro,Particular,PASTO
KBS49M,Moto,Motocicleta,COLOMBIA
BKX15K,Moto,Motocicleta,COLOMBIA
UGS254,Carro,Particular,CUCUTA
JBD986,Carro,Oficial,CALI
BYA66Q,Moto,Motocicleta,COLOMBIA
APM296,Carro,Oficial,BARRANQUILLA
HZQ755,Carro,Particular,CALI
UDD84T,Moto,Motocicleta,COLOMBIA
VKT23G,Moto,Motocicleta,COLOMBIA
MUK72W,Moto,Motocicleta,COLOMBIA
UKJ650,Carro,Oficial,BUCARAMANGA
WTD04G,Moto,Motocicleta,COLOMBIA
JED086,Carro,Particular,BUCARAMANGA
QNP164,Carro,Oficial,MEDELLIN
KZR804,Carro,Publico,MEDELLIN
UNR46M,Moto,Motocicleta,COLOMBIA
KBQ154,Carro,Particular,PASTO
ZUY89V,Moto,Motocicleta,COLOMBIA
SWL37C,Moto,Motocicleta,COLOMBIA
CWY54B,Moto,Motocicleta,COLOMBIA
FUH27B,Moto,Motocicleta,COLOMBIA
ABI362,Carro,Publico,CALI
AZT11Z,Moto,Motocicleta,COLOMBIA
GPH076,Carro,Oficial,ENVIGADO
BUC95T,Moto,Motocicleta,COLOMBIA
NDR528,Carro,Oficial,TUNJA
VXL297,Carro,Publico,BUCARAMANGA
JSG052,Carro,Particular,CUCUTA
KGY04F,Moto,Motocicleta,COLOMBIA
MTQ085,Carro,Particular,ENVIGADO
BMF203,Carro,Particular,ENVIGADO
SPR302,Carro,Oficial,PASTO
NNK980,Carro,Oficial,PEREIRA
ITS057,Carro,Particular,IBAGUE
WHJ23N,Moto,Motocicleta,COLOMBIA
DGQ797,Carro,Publico,BUCARAMANGA
BRD988,Carro,Publico,CUCUTA
RSQ57I,Moto,Motocicleta,COLOMBIA
WQC84X,Moto,Motocicleta,COLOMBIA
JFJ915,Carro,Publico,CALI
HFJ863,Carro,Publico,BOGOTA D.C.
KAI77A,Moto,Motocicleta,COLOMBIA
HNQ576,Carro,Particular,CUCUTA
BDB23G,Moto,Motocicleta,COLOMBIA
RQD11Y,Moto,Motocicleta,COLOMBIA
LFA77E,Moto,Motocicleta,COLOMBIA
JVQ17W,Moto,Motocicleta,COLOMBIA
ELE520,Carro,Publico,PASTO
LWQ97A,Moto,Motocicleta,COLOMBIA
UZM10F,Moto,Motocicleta,COLOMBIA
CLX78C,Moto,Motocicleta,COLOMBIA
TGR87B,Moto,Motocicleta,COLOMBIA
WVX523,Carro,Oficial,MEDELLIN
ZRY70B,Moto,Motocicleta,COLOMBIA
TFN348,Carro,Particular,MEDELLIN
HDU565,Carro,Particular,PASTO
LMK226,Carro,Oficial,IBAGUE
BQL728,Carro,Particular,IBAGUE
YZK125,Carro,Oficial,MANIZALES
ATU44V,Moto,Motocicleta,COLOMBIA
CKI267,Carro,Publico,MANIZALES
BWQ66M,Moto,Motocicleta,COLOMBIA
RST35L,Moto,Motocicleta,COLOMBIA
WAT35W,Moto,Motocicleta,COLOMBIA
AWY759,Carro,Oficial,TUNJA
MCC578,Carro,Oficial,CALI
NDP439,Carro,Publico,MEDELLIN
JLI78W,Moto,Motocicleta,COLOMBIA
TNL46T,Moto,Motocicleta,COLOMBIA
DLX35E,Moto,Motocicleta,COLOMBIA
DBR15Y,Moto,Motocicleta,COLOMBIA
PRR28Z,Moto,Motocicleta,COLOMBIA
DLJ48K,Moto,Motocicleta,COLOMBIA
LZT928,Carro,Publico,CALI
IWX65Y,Moto,Motocicleta,COLOMBIA
DEQ27E,Moto,Motocicleta,COLOMBIA
KIJ23D,Moto,Motocicleta,COLOMBIA
NCG24U,Moto,Motocicleta,COLOMBIA
CTD492,Carro,Publico,ENVIGADO
HGJ05N,Moto,Motocicleta,COLOMBIA
CTC99T,Moto,Motocicleta,COLOMBIA
MUR176,Carro,Particular,CUCUTA
PVI81T,Moto,Motocicleta,COLOMBIA
ZFC069,Carro,Publico,PASTO
XBE031,Carro,Oficial,ENVIGADO
HHU327,Carro,Oficial,CUCUTA
WQL290,Carro,Oficial,BARRANQUILLA
ESI43C,Moto,Motocicleta,COLOMBIA
CQD540,Carro,Oficial,MEDELLIN
YNP670,Carro,Publico,MEDELLIN
GAJ74R,Moto,Motocicleta,COLOMBIA
KDW35E,Moto,Motocicleta,COLOMBIA
RUL094,Carro,Publico,PEREIRA
UKP21E,Moto,Motocicleta,COLOMBIA
BLD85Y,Moto,Motocicleta,COLOMBIA
UBL890,Carro,Particular,TUNJA
TZJ53H,Moto,Motocicleta,COLOMBIA
DEM41V,Moto,Motocicleta,COLOMBIA
UIB69D,Moto,Motocicleta,COLOMBIA
ZPU176,Carro,Particular,BOGOTA D.C.
SNH33S,Moto,Motocicleta,COLOMBIA
BGG16Q,Moto,Motocicleta,COLOMBIA
NIT400,Carro,Publico,BUCARAMANGA
WYH44F,Moto,Motocicleta,COLOMBIA
BDI456,Carro,Oficial,PASTO
CUL802,Carro,Particular,IBAGUE
ZGR887,Carro,Oficial,IBAGUE
SJP19D,Moto,Motocicleta,COLOMBIA
QRJ52G,Moto,Motocicleta,COLOMBIA
TXH40X,Moto,Motocicleta,COLOMBIA
RPW105,Carro,Particular,PASTO
WZQ76K,Moto,Motocicleta,COLOMBIA
GIL212,Carro,Particular,MEDELLIN
XYP76R,Moto,Motocicleta,COLOMBIA
LLQ750,Carro,Publico,PEREIRA
KWG15J,Moto,Motocicleta,COLOMBIA
BTF892,Carro,Particular,BOGOTA D.C.
YDS220,Carro,Oficial,MANIZALES
PLL361,Carro,Oficial,BOGOTA D.C.
DNB015,Carro,Publico,TUNJA
HFV374,Carro,Particular,PASTO
MUR187,Carro,Publico,PASTO
YPA87Q,Moto,Motocicleta,COLOMBIA
TFH856,Carro,Publico,PASTO
HQG048,Carro,Particular,BUCARAMANGA
HNB97H,Moto,Motocicleta,COLOMBIA
BXH127,Carro,Oficial,BOGOTA D.C.
EEE29T,Moto,Motocicleta,COLOMBIA
BGP995,Carro,Publico,CALI
PRT47T,Moto,Motocicleta,COLOMBIA
YZZ297,Carro,Oficial,ENVIGADO
ZYL56F,Moto,Motocicleta,COLOMBIA
GRI93M,Moto,Motocicleta,COLOMBIA
WVW548,Carro,Publico,CALI
LBF368,Carro,Oficial,TUNJA
GFP88B,Moto,Motocicleta,COLOMBIA
PMR360,Carro,Publico,CALI
CSR15F,Moto,Motocicleta,COLOMBIA
DJM07M,Moto,Motocicleta,COLOMBIA
IHW749,Carro,Oficial,MEDELLIN
PYA71W,Moto,Motocicleta,COLOMBIA
DXW853,Carro,Publico,MEDELLIN
RGD713,Carro,Publico,CALI
JNC62Z,Moto,Motocicleta,COLOMBIA
MED89N,Moto,Motocicleta,COLOMBIA
XDB62L,Moto,Motocicleta,COLOMBIA
BMT32E,Moto,Motocicleta,COLOMBIA
TTN05B,Moto,Motocicleta,COLOMBIA
NRV260,Carro,Publico,PEREIRA
LSA899,Carro,Publico,BUCARAMANGA
WAX37S,Moto,Motocicleta,COLOMBIA
KIV016,Carro,Particular,BARRANQUILLA
KDD328,Carro,Publico,CUCUTA
UMA11H,Moto,Motocicleta,COLOMBIA
RVU448,Carro,Particular,PEREIRA
WYI489,Carro,Oficial,TUNJA
GKF526,Carro,Publico,BUCARAMANGA
HAG282,Carro,Publico,CALI
ELY55S,Moto,Motocicleta,COLOMBIA
XGV555,Carro,Particular,PEREIRA
BKB012,Carro,Particular,MANIZALES
YVW016,Carro,Oficial,BARRANQUILLA
BWS13Q,Moto,Motocicleta,COLOMBIA
DGI04B,Moto,Motocicleta,COLOMBIA
KBY06H,Moto,Motocicleta,COLOMBIA
XMY94Q,Moto,Motocicleta,COLOMBIA
HQK87E,Moto,Motocicleta,COLOMBIA
YGN44U,Moto,Motocicleta,COLOMBIA
KYQ45D,Moto,Motocicleta,COLOMBIA
DTE593,Carro,Particular,CUCUTA
NVL12V,Moto,Motocicleta,COLOMBIA
FZV46N,Moto,Motocicleta,COLOMBIA
CCG27H,Moto,Motocicleta,COLOMBIA
XKI76R,Moto,Motocicleta,COLOMBIA
ACQ74K,Moto,Motocicleta,COLOMBIA
NQZ099,Carro,Particular,BARRANQUILLA
FJQ57Q,Moto,Motocicleta,COLOMBIA
BJJ63Y,Moto,Motocicleta,COLOMBIA
NBZ403,Carro,Oficial,BARRANQUILLA
XJW61W,Moto,Motocicleta,COLOMBIA
RVZ342,Carro,Publico,BUCARAMANGA
FCL22Z,Moto,Motocicleta,COLOMBIA
UDY51W,Moto,Motocicleta,COLOMBIA
PNN009,Carro,Publico,TUNJA
GPB58I,Moto,Motocicleta,COLOMBIA
AWD497,Carro,Publico,PASTO
QQK44S,Moto,Motocicleta,COLOMBIA
PKZ28J,Moto,Motocicleta,COLOMBIA
TUS162,Carro,Publico,MANIZALES
QUR217,Carro,Particular,PEREIRA
JWX72V,Moto,Motocicleta,COLOMBIA
EYY36A,Moto,Motocicleta,COLOMBIA
QBM19T,Moto,Motocicleta,COLOMBIA
CEW911,Carro,Oficial,PASTO
SWJ04X,Moto,Motocicleta,COLOMBIA
VXR25T,Moto,Motocicleta,COLOMBIA
GWG83H,Moto,Motocicleta,COLOMBIA
VRR93M,Moto,Motocicleta,COLOMBIA
QWA179,Carro,Particular,BUCARAMANGA
KKI262,Carro,Oficial,BUCARAMANGA
ZRG464,Carro,Oficial,TUNJA
HGK47W,Moto,Motocicleta,COLOMBIA
ZDM554,Carro,Publico,CALI
PDB65I,Moto,Motocicleta,COLOMBIA
HIQ688,Carro,Publico,BOGOTA D.C.
CGR89H,Moto,Motocicleta,COLOMBIA
FMA08X,Moto,Motocicleta,COLOMBIA
YAS544,Carro,Publico,BOGOTA D.C.
QGW089,Carro,Particular,PEREIRA
YVU539,Carro,Oficial,ENVIGADO
MJD177,Carro,Oficial,MEDELLIN
RLL508,Carro,Publico,TUNJA
XDA639,Carro,Particular,IBAGUE
AKV85Z,Moto,Motocicleta,COLOMBIA
HNF21X,Moto,Motocicleta,COLOMBIA
NLG333,Carro,Oficial,IBAGUE
XPP708,Carro,Oficial,BOGOTA D.C.
IUZ91L,Moto,Motocicleta,COLOMBIA
KXD149,Carro,Oficial,CALI
ADV741,Carro,Particular,MEDELLIN
TVF319,Carro,Oficial,IBAGUE
SHU73W,Moto,Motocicleta,COLOMBIA
NLD866,Carro,Particular,BUCARAMANGA
TLY790,Carro,Particular,ENVIGADO
XEA43D,Moto,Motocicleta,COLOMBIA
ZUN66L,Moto,Motocicleta,COLOMBIA
UUZ40W,Moto,Motocicleta,COLOMBIA
ALS514,Carro,Publico,ENVIGADO
CUD197,Carro,Particular,MEDELLIN
NSG63W,Moto,Motocicleta,COLOMBIA
MML199,Carro,Oficial,PASTO
RTX429,Carro,Publico,MANIZALES
LTL525,Carro,Particular,CUCUTA
DXR51U,Moto,Motocicleta,COLOMBIA
LRG264,Carro,Particular,MEDELLIN
UII715,Carro,Publico,IBAGUE
BUC540,Carro,Publico,BUCARAMANGA
GGB666,Carro,Publico,CALI
ZVW433,Carro,Particular,PEREIRA
ZQS80D,Moto,Motocicleta,COLOMBIA
TRA24Z,Moto,Motocicleta,COLOMBIA
ERM83A,Moto,Motocicleta,COLOMBIA
SRY97I,Moto,Motocicleta,COLOMBIA
HAM287,Carro,Particular,CALI
MSK60R,Moto,Motocicleta,COLOMBIA
LUW51S,Moto,Motocicleta,COLOMBIA
UPS55B,Moto,Motocicleta,COLOMBIA
KEJ35V,Moto,Motocicleta,COLOMBIA
RSJ183,Carro,Oficial,MANIZALES
CIY970,Carro,Particular,TUNJA
YZC622,Carro,Oficial,CALI
ZST80T,Moto,Motocicleta,COLOMBIA
KGS89K,Moto,Motocicleta,COLOMBIA
CGS17T,Moto,Motocicleta,COLOMBIA
NJQ03Z,Moto,Motocicleta,COLOMBIA
NRB169,Carro,Publico,TUNJA
AYV694,Carro,Oficial,IBAGUE
EIA41H,Moto,Motocicleta,COLOMBIA
XDC679,Carro,Particular,PEREIRA
CET14C,Moto,Motocicleta,COLOMBIA
DSS569,Carro,Particular,MEDELLIN
RYV654,Carro,Particular,TUNJA
ELP392,Carro,Oficial,MEDELLIN
HJY35J,Moto,Motocicleta,COLOMBIA
BAB350,Carro,Oficial,MANIZALES
JPR110,Carro,Publico,TUNJA
AYK074,Carro,Oficial,PEREIRA
WKQ58I,Moto,Motocicleta,COLOMBIA
AAV96Z,Moto,Motocicleta,COLOMBIA
RZB789,Carro,Publico,BUCARAMANGA
BET467,Carro,Particular,BARRANQUILLA
NXY59M,Moto,Motocicleta,COLOMBIA
PNL22Q,Moto,Motocicleta,COLOMBIA
WFK098,Carro,Particular,PEREIRA
JCL163,Carro,Oficial,MEDELLIN
GNP124,Carro,Oficial,TUNJA
HDI14A,Moto,Motocicleta,COLOMBIA
ATI734,Carro,Publico,CALI
XVK654,Carro,Particular,MANIZALES
YWS51H,Moto,Motocicleta,COLOMBIA
HYG122,Carro,Oficial,IBAGUE
DIK589,Carro,Particular,TUNJA
KHJ513,Carro,Publico,PEREIRA
CQL302,Carro,Particular,PEREIRA
RNQ796,Carro,Particular,BOGOTA D.C.
JMI548,Carro,Oficial,PASTO
KSG389,Carro,Publico,CALI
NVI74E,Moto,Motocicleta,COLOMBIA
FDI09F,Moto,Motocicleta,COLOMBIA
VHR613,Carro,Oficial,PEREIRA
SFN02I,Moto,Motocicleta,COLOMBIA
WKS13M,Moto,Motocicleta,COLOMBIA
EQN228,Carro,Oficial,CALI
BPY84V,Moto,Motocicleta,COLOMBIA
YZV029,Carro,Publico,TUNJA
KJK312,Carro,Particular,CALI
DBA06P,Moto,Motocicleta,COLOMBIA
TBB887,Carro,Oficial,BOGOTA D.C.
YCK66L,Moto,Motocicleta,COLOMBIA
LRF24X,Moto,Motocicleta,COLOMBIA
TRG137,Carro,Particular,BARRANQUILLA
SCS301,Carro,Publico,ENVIGADO
SKM741,Carro,Publico,MANIZALES
XUT843,Carro,Particular,PASTO
HWQ672,Carro,Oficial,IBAGUE
PJM34K,Moto,Motocicleta,COLOMBIA
ZRC005,Carro,Particular,MANIZALES
CTI919,Carro,Particular,PASTO
GTL042,Carro,Publico,TUNJA
ZKT86U,Moto,Motocicleta,COLOMBIA
VJK56Y,Moto,Motocicleta,COLOMBIA
DKG782,Carro,Particular,TUNJA
CEC296,Carro,Oficial,ENVIGADO
WHH211,Carro,Publico,BARRANQUILLA
ZXI61K,Moto,Motocicleta,COLOMBIA
XEU274,Carro,Publico,CALI
YQM065,Carro,Particular,MEDELLIN
CWC15F,Moto,Motocicleta,COLOMBIA
YSY94P,Moto,Motocicleta,COLOMBIA
EFY750,Carro,Particular,PASTO
CDR335,Carro,Oficial,BUCARAMANGA
EUK211,Carro,Publico,CALI
PKY44N,Moto,Motocicleta,COLOMBIA
ZWS782,Carro,Oficial,PASTO
HJQ004,Carro,Particular,IBAGUE
CZW07L,Moto,Motocicleta,COLOMBIA
IEQ472,Carro,Publico,PASTO
ACR992,Carro,Publico,BARRANQUILLA
DHS894,Carro,Oficial,BUCARAMANGA
YCA19L,Moto,Motocicleta,COLOMBIA
GPJ805,Carro,Publico,MANIZALES
NEJ22B,Moto,Motocicleta,COLOMBIA
TSH047,Carro,Oficial,ENVIGADO
SVH153,Carro,Oficial,MEDELLIN
QFV539,Carro,Publico,ENVIGADO
SFW95S,Moto,Motocicleta,COLOMBIA
DGF42B,Moto,Motocicleta,COLOMBIA
BYM34V,Moto,Motocicleta,COLOMBIA
FYJ722,Carro,Publico,ENVIGADO
EHQ993,Carro,Publico,PASTO
EYW83U,Moto,Motocicleta,COLOMBIA
MAZ842,Carro,Oficial,BARRANQUILLA
JBQ07B,Moto,Motocicleta,COLOMBIA
DMP185,Carro,Oficial,ENVIGADO
ZHG89H,Moto,Motocicleta,COLOMBIA
ZQZ68T,Moto,Motocicleta,COLOMBIA
UXU980,Carro,Particular,CUCUTA
WST09R,Moto,Motocicleta,COLOMBIA
LXT72T,Moto,Motocicleta,COLOMBIA
FNB053,Carro,Particular,BOGOTA D.C.
DGT98D,Moto,Motocicleta,COLOMBIA
AWE97K,Moto,Motocicleta,COLOMBIA
IUT788,Carro,Oficial,PEREIRA
KGC14W,Moto,Motocicleta,COLOMBIA
HKT999,Carro,Publico,BOGOTA D.C.
UHB700,Carro,Oficial,IBAGUE
SVH43Q,Moto,Motocicleta,COLOMBIA
BNW028,Carro,Particular,BARRANQUILLA
NTQ04K,Moto,Motocicleta,COLOMBIA
JXZ55K,Moto,Motocicleta,COLOMBIA
PLZ50E,Moto,Motocicleta,COLOMBIA
PIK429,Carro,Particular,CALI
TAB199,Carro,Oficial,CUCUTA
GUM65P,Moto,Motocicleta,COLOMBIA
FHZ70I,Moto,Motocicleta,COLOMBIA
ZEN163,Carro,Particular,ENVIGADO
CQG21Y,Moto,Motocicleta,COLOMBIA
IEP06F,Moto,Motocicleta,COLOMBIA
GBL78L,Moto,Motocicleta,COLOMBIA
MZX371,Carro,Publico,ENVIGADO
MAJ63C,Moto,Motocicleta,COLOMBIA
FSD89R,Moto,Motocicleta,COLOMBIA
UBK55Q,Moto,Motocicleta,COLOMBIA
ZEH38N,Moto,Motocicleta,COLOMBIA
SII336,Carro,Publico,BOGOTA D.C.
DDI37N,Moto,Motocicleta,COLOMBIA
HXV649,Carro,Oficial,CALI
KRJ17H,Moto,Motocicleta,COLOMBIA
DPZ815,Carro,Particular,TUNJA
TND43J,Moto,Motocicleta,COLOMBIA
WCE71R,Moto,Motocicleta,COLOMBIA
JQA88C,Moto,Motocicleta,COLOMBIA
BJX02N,Moto,Motocicleta,COLOMBIA
TPD80X,Moto,Motocicleta,COLOMBIA
MIY03Q,Moto,Motocicleta,COLOMBIA
WUS04J,Moto,Motocicleta,COLOMBIA
JPM518,Carro,Particular,MEDELLIN
RSX725,Carro,Oficial,BARRANQUILLA
GDX16L,Moto,Motocicleta,COLOMBIA
JZS75L,Moto,Motocicleta,COLOMBIA
LPE10H,Moto,Motocicleta,COLOMBIA
AFD082,Carro,Particular,BUCARAMANGA
UJY55A,Moto,Motocicleta,COLOMBIA
DYI742,Carro,Oficial,BUCARAMANGA
LRD302,Carro,Oficial,CALI
KRB59Z,Moto,Motocicleta,COLOMBIA
AAF39C,Moto,Motocicleta,COLOMBIA
GRN73Z,Moto,Motocicleta,COLOMBIA
LFU78Z,Moto,Motocicleta,COLOMBIA
NDZ31G,Moto,Motocicleta,COLOMBIA
ZNC568,Carro,Particular,TUNJA
KIK33V,Moto,Motocicleta,COLOMBIA
LMA71F,Moto,Motocicleta,COLOMBIA
CGP305,Carro,Particular,BARRANQUILLA
HJA133,Carro,Publico,CALI
LXU515,Carro,Particular,PASTO
BSD60N,Moto,Motocicleta,COLOMBIA
ALW03Q,Moto,Motocicleta,COLOMBIA
THD648,Carro,Publico,BARRANQUILLA
KWR566,Carro,Publico,MANIZALES
EYJ16I,Moto,Motocicleta,COLOMBIA
LFC126,Carro,Particular,PASTO
UZF83F,Moto,Motocicleta,COLOMBIA
XEH18P,Moto,Motocicleta,COLOMBIA
SHN784,Carro,Particular,IBAGUE
TPS159,Carro,Particular,BUCARAMANGA
QEZ53R,Moto,Motocicleta,COLOMBIA
PDZ77U,Moto,Motocicleta,COLOMBIA
XYZ545,Carro,Oficial,CALI
RAQ72Y,Moto,Motocicleta,COLOMBIA
QXQ70W,Moto,Motocicleta,COLOMBIA
IWY74U,Moto,Motocicleta,COLOMBIA
EVU398,Carro,Publico,BARRANQUILLA
LHJ458,Carro,Publico,MEDELLIN
WPL81V,Moto,Motocicleta,COLOMBIA
GAA616,Carro,Particular,TUNJA
AJS84G,Moto,Motocicleta,COLOMBIA
QYT71C,Moto,Motocicleta,COLOMBIA
LTE81J,Moto,Motocicleta,COLOMBIA
YET470,Carro,Publico,CUCUTA
ZYX26K,Moto,Motocicleta,COLOMBIA
BQX56U,Moto,Motocicleta,COLOMBIA
RVF36L,Moto,Motocicleta,COLOMBIA
JSE424,Carro,Particular,PASTO
XGE229,Carro,Particular,PASTO
AVT630,Carro,Oficial,BARRANQUILLA
KLY39Q,Moto,Motocicleta,COLOMBIA
PHA51M,Moto,Motocicleta,COLOMBIA
EKT425,Carro,Oficial,BUCARAMANGA
SQV969,Carro,Publico,ENVIGADO
IQC165,Carro,Publico,BARRANQUILLA
LNI163,Carro,Particular,CUCUTA
QCA186,Carro,Oficial,ENVIGADO
WLK807,Carro,Oficial,BARRANQUILLA
YLU89F,Moto,Motocicleta,COLOMBIA
SLZ15G,Moto,Motocicleta,COLOMBIA
CIN096,Carro,Publico,PEREIRA
BGV67Y,Moto,Motocicleta,COLOMBIA
BCN63G,Moto,Motocicleta,COLOMBIA
CHD807,Carro,Particular,BUCARAMANGA
ULB603,Carro,Oficial,ENVIGADO
KQD650,Carro,Particular,BARRANQUILLA
CAB54J,Moto,Motocicleta,COLOMBIA
RZU44E,Moto,Motocicleta,COLOMBIA
IZF933,Carro,Particular,MANIZALES
TIP630,Carro,Particular,BARRANQUILLA
BNA47X,Moto,Motocicleta,COLOMBIA
WRS45J,Moto,Motocicleta,COLOMBIA
HRU863,Carro,Particular,PEREIRA
PFV96N,Moto,Motocicleta,COLOMBIA
KWB76A,Moto,Motocicleta,COLOMBIA
TAL40U,Moto,Motocicleta,COLOMBIA
TUX260,Carro,Particular,BUCARAMANGA
PJF539,Carro,Oficial,MEDELLIN
XKU777,Carro,Publico,MEDELLIN
EXG84P,Moto,Motocicleta,COLOMBIA
RNQ00L,Moto,Motocicleta,COLOMBIA
PDM259,Carro,Oficial,CUCUTA
GXP81R,Moto,Motocicleta,COLOMBIA
RXJ49Z,Moto,Motocicleta,COLOMBIA
IRS154,Carro,Oficial,MANIZALES
LHJ131,Carro,Oficial,TUNJA
XZC189,Carro,Oficial,ENVIGADO
DNY86U,Moto,Motocicleta,COLOMBIA
XEM365,Carro,Particular,CUCUTA
CHR129,Carro,Particular,CUCUTA
YWK305,Carro,Oficial,ENVIGADO
AZK84U,Moto,Motocicleta,COLOMBIA
USA113,Carro,Particular,CUCUTA
FUI232,Carro,Particular,CALI
SHG956,Carro,Publico,TUNJA
FSN012,Carro,Particular,CUCUTA
TWY170,Carro,Particular,TUNJA
RMW482,Carro,Particular,CALI
GJH982,Carro,Oficial,MEDELLIN
AIN38J,Moto,Motocicleta,COLOMBIA
TKC203,Carro,Publico,BARRANQUILLA
RRZ365,Carro,Oficial,TUNJA
IAV509,Carro,Particular,CALI
FLN353,Carro,Particular,TUNJA
IQY161,Carro,Oficial,PASTO
VRU515,Carro,Oficial,BUCARAMANGA
IXZ211,Carro,Particular,MEDELLIN
KYG033,Carro,Oficial,MEDELLIN
RQM91E,Moto,Motocicleta,COLOMBIA
YXF06M,Moto,Motocicleta,COLOMBIA
MNS215,Carro,Publico,CUCUTA
LWL745,Carro,Oficial,PEREIRA
JUH06S,Moto,Motocicleta,COLOMBIA
CXE963,Carro,Publico,PEREIRA
INE746,Carro,Publico,MEDELLIN
USE24R,Moto,Motocicleta,COLOMBIA
DPR84U,Moto,Motocicleta,COLOMBIA
UEX698,Carro,Publico,PEREIRA
VVT969,Carro,Oficial,CALI
MAE310,Carro,Particular,BUCARAMANGA
FZU091,Carro,Oficial,IBAGUE
HNI67Z,Moto,Motocicleta,COLOMBIA
CKI378,Carro,Oficial,MEDELLIN
ULG60A,Moto,Motocicleta,COLOMBIA
QFZ718,Carro,Oficial,MANIZALES
IKS60M,Moto,Motocicleta,COLOMBIA
HCM006,Carro,Oficial,TUNJA
HDM720,Carro,Oficial,MEDELLIN
ZFM90V,Moto,Motocicleta,COLOMBIA
HTF331,Carro,Oficial,TUNJA
FRA99Z,Moto,Motocicleta,COLOMBIA
UVM484,Carro,Oficial,BARRANQUILLA
AEJ84K,Moto,Motocicleta,COLOMBIA
RPT14K,Moto,Motocicleta,COLOMBIA
KVQ270,Carro,Publico,MEDELLIN
AZR66L,Moto,Motocicleta,COLOMBIA
YVY74Q,Moto,Motocicleta,COLOMBIA
NDA460,Carro,Oficial,MANIZALES
KAM064,Carro,Particular,PASTO
GMA163,Carro,Publico,CALI
RSD458,Carro,Publico,MEDELLIN
WYV47U,Moto,Motocicleta,COLOMBIA
WKL34Z,Moto,Motocicleta,COLOMBIA
QDZ831,Carro,Particular,BARRANQUILLA
QUM44A,Moto,Motocicleta,COLOMBIA
UKN83I,Moto,Motocicleta,COLOMBIA
FWP31A,Moto,Motocicleta,COLOMBIA
JKX88F,Moto,Motocicleta,COLOMBIA
EKX07B,Moto,Motocicleta,COLOMBIA
ATL75A,Moto,Motocicleta,COLOMBIA
EGB359,Carro,Particular,BUCARAMANGA
AIX241,Carro,Publico,PEREIRA
WDC273,Carro,Particular,BARRANQUILLA
ABZ112,Carro,Publico,PEREIRA
MNI412,Carro,Oficial,CALI
QNB561,Carro,Particular,MANIZALES
CYG57B,Moto,Motocicleta,COLOMBIA
ELN77L,Moto,Motocicleta,COLOMBIA
ZXM339,Carro,Oficial,ENVIGADO
TXK587,Carro,Oficial,CUCUTA
LMM247,Carro,Oficial,BUCARAMANGA
EJX71G,Moto,Motocicleta,COLOMBIA
YQY830,Carro,Publico,BOGOTA D.C.
SZX308,Carro,Particular,BUCARAMANGA
KVU85H,Moto,Motocicleta,COLOMBIA
IZN02A,Moto,Motocicleta,COLOMBIA
XIZ42U,Moto,Motocicleta,COLOMBIA
ECL48Q,Moto,Motocicleta,COLOMBIA
HUW685,Carro,Oficial,CUCUTA
AVG603,Carro,Particular,PEREIRA
BVA650,Carro,Publico,MEDELLIN
VMP823,Carro,Particular,TUNJA
NAJ62R,Moto,Motocicleta,COLOMBIA
IYJ70I,Moto,Motocicleta,COLOMBIA
UNP04U,Moto,Motocicleta,COLOMBIA
ZCD824,Carro,Publico,TUNJA
RTT882,Carro,Oficial,PEREIRA
CNI526,Carro,Oficial,CALI
XVB34E,Moto,Motocicleta,COLOMBIA
LAM126,Carro,Publico,CUCUTA
QJG13S,Moto,Motocicleta,COLOMBIA
JGM97Y,Moto,Motocicleta,COLOMBIA
DWB697,Carro,Oficial,CUCUTA
FCC72V,Moto,Motocicleta,COLOMBIA
AFQ80V,Moto,Motocicleta,COLOMBIA
CXM884,Carro,Publico,TUNJA
TGV04N,Moto,Motocicleta,COLOMBIA
HXX95L,Moto,Motocicleta,COLOMBIA
JVP26G,Moto,Motocicleta,COLOMBIA
DEV974,Carro,Oficial,TUNJA
TPX32U,Moto,Motocicleta,COLOMBIA
RRD396,Carro,Oficial,MANIZALES
IXD090,Carro,Oficial,BARRANQUILLA
RFF738,Carro,Publico,TUNJA
PAI69G,Moto,Motocicleta,COLOMBIA
PYI873,Carro,Particular,BUCARAMANGA
YYM19K,Moto,Motocicleta,COLOMBIA
ALG82B,Moto,Motocicleta,COLOMBIA
ZDY183,Carro,Particular,IBAGUE
CQP98V,Moto,Motocicleta,COLOMBIA
FEB126,Carro,Oficial,CALI
HQN757,Carro,Oficial,TUNJA
IML987,Carro,Oficial,CALI
KUQ34J,Moto,Motocicleta,COLOMBIA
RLE34X,Moto,Motocicleta,COLOMBIA
JZU802,Carro,Publico,CUCUTA
CSW078,Carro,Particular,IBAGUE
CEX38U,Moto,Motocicleta,COLOMBIA
HLS567,Carro,Oficial,TUNJA
LCA376,Carro,Publico,MANIZALES
NPI30X,Moto,Motocicleta,COLOMBIA
KYB303,Carro,Particular,BUCARAMANGA
JKP59I,Moto,Motocicleta,COLOMBIA
DAX64R,Moto,Motocicleta,COLOMBIA
CST623,Carro,Oficial,CALI
SLZ13J,Moto,Motocicleta,COLOMBIA
SHZ84L,Moto,Motocicleta,COLOMBIA
DXV71R,Moto,Motocicleta,COLOMBIA
UXE72D,Moto,Motocicleta,COLOMBIA
NFJ61Y,Moto,Motocicleta,COLOMBIA
NPF97D,Moto,Motocicleta,COLOMBIA
EHA767,Carro,Particular,PEREIRA
VQW988,Carro,Publico,TUNJA
RXD15S,Moto,Motocicleta,COLOMBIA
BPA94F,Moto,Motocicleta,COLOMBIA
VCV167,Carro,Oficial,MEDELLIN
ZKY083,Carro,Publico,PEREIRA
QSF603,Carro,Particular,BUCARAMANGA
CZP214,Carro,Publico,MEDELLIN
FCB891,Carro,Oficial,BUCARAMANGA
HSH201,Carro,Particular,BARRANQUILLA
SCQ79R,Moto,Motocicleta,COLOMBIA
ZMU63M,Moto,Motocicleta,COLOMBIA
MNL303,Carro,Particular,PEREIRA
AUL252,Carro,Publico,ENVIGADO
FUQ587,Carro,Publico,MEDELLIN
QIN03F,Moto,Motocicleta,COLOMBIA
LJJ703,Carro,Oficial,BOGOTA D.C.
QMZ724,Carro,Oficial,BARRANQUILLA
WZG28K,Moto,Motocicleta,COLOMBIA
SZT15R,Moto,Motocicleta,COLOMBIA
UQX12K,Moto,Motocicleta,COLOMBIA
NVA49H,Moto,Motocicleta,COLOMBIA
CNN52F,Moto,Motocicleta,COLOMBIA
ELV76N,Moto,Motocicleta,COLOMBIA
KNT03C,Moto,Motocicleta,COLOMBIA
NUH82M,Moto,Motocicleta,COLOMBIA
FJE91J,Moto,Motocicleta,COLOMBIA
XTG71J,Moto,Motocicleta,COLOMBIA
UUS27Z,Moto,Motocicleta,COLOMBIA
EIU658,Carro,Particular,CALI
EDB955,Carro,Oficial,TUNJA
TWQ15X,Moto,Motocicleta,COLOMBIA
MGR40P,Moto,Motocicleta,COLOMBIA
KEQ180,Carro,Particular,PASTO
UJX24P,Moto,Motocicleta,COLOMBIA
QNC26K,Moto,Motocicleta,COLOMBIA
USR31P,Moto,Motocicleta,COLOMBIA
EGY441,Carro,Publico,MEDELLIN
PPD322,Carro,Particular,TUNJA
MTJ83X,Moto,Motocicleta,COLOMBIA
ESB311,Carro,Particular,PASTO
IGE97F,Moto,Motocicleta,COLOMBIA
KJG228,Carro,Particular,MEDELLIN
SWU68Z,Moto,Motocicleta,COLOMBIA
KJB96Z,Moto,Motocicleta,COLOMBIA
EMT496,Carro,Oficial,BARRANQUILLA
ZRU40J,Moto,Motocicleta,COLOMBIA
FXN99D,Moto,Motocicleta,COLOMBIA
PSN79U,Moto,Motocicleta,COLOMBIA
GKH053,Carro,Publico,CALI
LHU419,Carro,Oficial,BUCARAMANGA
QUX843,Carro,Particular,ENVIGADO
MPU67S,Moto,Motocicleta,COLOMBIA
YLJ372,Carro,Particular,MEDELLIN
XDF204,Carro,Publico,CUCUTA
KNX77W,Moto,Motocicleta,COLOMBIA
UJL87Y,Moto,Motocicleta,COLOMBIA
QVP04G,Moto,Motocicleta,COLOMBIA
QUY410,Carro,Oficial,PEREIRA
VBW07W,Moto,Motocicleta,COLOMBIA
FZZ921,Carro,Oficial,CUCUTA
EKE573,Carro,Oficial,BUCARAMANGA
SDX273,Carro,Publico,BARRANQUILLA
XTF846,Carro,Oficial,TUNJA
BCW44Z,Moto,Motocicleta,COLOMBIA
XZN969,Carro,Publico,CALI
YNG098,Carro,Oficial,PASTO
WTW180,Carro,Particular,MEDELLIN
KGS900,Carro,Publico,ENVIGADO
ATZ92C,Moto,Motocicleta,COLOMBIA
AYK19V,Moto,Motocicleta,COLOMBIA
BJV575,Carro,Particular,PEREIRA
TXR10Q,Moto,Motocicleta,COLOMBIA
DFP13U,Moto,Motocicleta,COLOMBIA
XHD24B,Moto,Motocicleta,COLOMBIA
NUY028,Carro,Publico,PEREIRA
DTV521,Carro,Publico,BARRANQUILLA
QFH95N,Moto,Motocicleta,COLOMBIA
XXM05M,Moto,Motocicleta,COLOMBIA
XRA349,Carro,Particular,BOGOTA D.C.
JBR66W,Moto,Motocicleta,COLOMBIA
AJB45M,Moto,Motocicleta,COLOMBIA
JMF746,Carro,Oficial,BUCARAMANGA
QKS50P,Moto,Motocicleta,COLOMBIA
ISH618,Carro,Particular,MANIZALES
HJP344,Carro,Publico,PEREIRA
GDU10W,Moto,Motocicleta,COLOMBIA
LBN699,Carro,Particular,ENVIGADO
ZDT89W,Moto,Motocicleta,COLOMBIA
XVU933,Carro,Oficial,MEDELLIN
CHG654,Carro,Publico,BUCARAMANGA
MHP69V,Moto,Motocicleta,COLOMBIA
IVW772,Carro,Oficial,BOGOTA D.C.
NEI673,Carro,Particular,CUCUTA
KWZ77I,Moto,Motocicleta,COLOMBIA
IXY431,Carro,Oficial,PEREIRA
JTH46K,Moto,Motocicleta,COLOMBIA
TPK666,Carro,Oficial,CALI
TBM94L,Moto,Motocicleta,COLOMBIA
CSX55R,Moto,Motocicleta,COLOMBIA
IJG99S,Moto,Motocicleta,COLOMBIA
LYY395,Carro,Particular,PASTO
NYG04E,Moto,Motocicleta,COLOMBIA
EQE588,Carro,Publico,BARRANQUILLA
GWC21X,Moto,Motocicleta,COLOMBIA
LJW863,Carro,Oficial,BOGOTA D.C.
CPY96K,Moto,Motocicleta,COLOMBIA
BTC849,Carro,Publico,IBAGUE
YHJ876,Carro,Particular,CALI
JVC572,Carro,Publico,PEREIRA
VUK708,Carro,Particular,BUCARAMANGA
QSE820,Carro,Publico,TUNJA
YFA67K,Moto,Motocicleta,COLOMBIA
ZUN876,Carro,Particular,MEDELLIN
EPR01Z,Moto,Motocicleta,COLOMBIA
WTM37C,Moto,Motocicleta,COLOMBIA
LYW84N,Moto,Motocicleta,COLOMBIA
XYF61J,Moto,Motocicleta,COLOMBIA
CGI86M,Moto,Motocicleta,COLOMBIA
YGQ38M,Moto,Motocicleta,COLOMBIA
VMX88Z,Moto,Motocicleta,COLOMBIA
RGG74W,Moto,Motocicleta,COLOMBIA
EMI86P,Moto,Motocicleta,COLOMBIA
UZJ360,Carro,Particular,MANIZALES
JBW511,Carro,Oficial,PEREIRA
PAG50L,Moto,Motocicleta,COLOMBIA
YSJ582,Carro,Publico,IBAGUE
LBY31S,Moto,Motocicleta,COLOMBIA
UDQ083,Carro,Publico,PEREIRA
FVJ20Z,Moto,Motocicleta,COLOMBIA
WGI94N,Moto,Motocicleta,COLOMBIA
CBE77Z,Moto,Motocicleta,COLOMBIA
SMX76M,Moto,Motocicleta,COLOMBIA
XAP684,Carro,Particular,BOGOTA D.C.
KXU665,Carro,Particular,CUCUTA
EPS52D,Moto,Motocicleta,COLOMBIA
YQB28W,Moto,Motocicleta,COLOMBIA
CBA66X,Moto,Motocicleta,COLOMBIA
DIS04Q,Moto,Motocicleta,COLOMBIA
JNU263,Carro,Particular,MEDELLIN
LIB42S,Moto,Motocicleta,COLOMBIA
AGF680,Carro,Particular,PASTO
MXM76E,Moto,Motocicleta,COLOMBIA
LMV265,Carro,Publico,BUCARAMANGA
WDE15Q,Moto,Motocicleta,COLOMBIA
IDA29S,Moto,Motocicleta,COLOMBIA
WBT122,Carro,Publico,BOGOTA D.C.
YCY229,Carro,Publico,BUCARAMANGA
KZV468,Carro,Publico,PEREIRA
AFP147,Carro,Particular,IBAGUE
RBB57F,Moto,Motocicleta,COLOMBIA
AJZ605,Carro,Publico,TUNJA
QDV166,Carro,Particular,BARRANQUILLA
MDA82I,Moto,Motocicleta,COLOMBIA
DQU90D,Moto,Motocicleta,COLOMBIA
FJX335,Carro,Oficial,IBAGUE
DRL048,Carro,Oficial,PEREIRA
CDB171,Carro,Particular,BUCARAMANGA
TFK996,Carro,Oficial,TUNJA
CJP53F,Moto,Motocicleta,COLOMBIA
WJV861,Carro,Publico,MANIZALES
JJB912,Carro,Particular,PEREIRA
ETA776,Carro,Oficial,PEREIRA
EHS665,Carro,Particular,BOGOTA D.C.
SYD796,Carro,Oficial,TUNJA
NHX658,Carro,Publico,PEREIRA
BDQ92Q,Moto,Motocicleta,COLOMBIA
KNP52E,Moto,Motocicleta,COLOMBIA
ALL26Z,Moto,Motocicleta,COLOMBIA
BPQ08R,Moto,Motocicleta,COLOMBIA
CSQ59E,Moto,Motocicleta,COLOMBIA
WXQ016,Carro,Oficial,IBAGUE
JJB802,Carro,Oficial,BOGOTA D.C.
ZHV195,Carro,Publico,TUNJA
EFS953,Carro,Oficial,MANIZALES
PCF44Z,Moto,Motocicleta,COLOMBIA
SWS91N,Moto,Motocicleta,COLOMBIA
AKC028,Carro,Publico,MANIZALES
CYY336,Carro,Publico,BUCARAMANGA
MTI95H,Moto,Motocicleta,COLOMBIA
DTW20S,Moto,Motocicleta,COLOMBIA
WGH119,Carro,Publico,TUNJA
ZRC02A,Moto,Motocicleta,COLOMBIA
JHJ929,Carro,Publico,CUCUTA
XPM308,Carro,Particular,CUCUTA
XWM015,Carro,Publico,MEDELLIN
CPZ92A,Moto,Motocicleta,COLOMBIA
REC228,Carro,Particular,PEREIRA
FNU196,Carro,Particular,IBAGUE
SAY91Z,Moto,Motocicleta,COLOMBIA
RNE90Y,Moto,Motocicleta,COLOMBIA
MBU32Z,Moto,Motocicleta,COLOMBIA
MPV034,Carro,Publico,IBAGUE
KGP72I,Moto,Motocicleta,COLOMBIA
KDA64H,Moto,Motocicleta,COLOMBIA
WYH346,Carro,Particular,CUCUTA
UTS59U,Moto,Motocicleta,COLOMBIA
FWW034,Carro,Publico,BUCARAMANGA
HUT142,Carro,Publico,IBAGUE
PGK34Y,Moto,Motocicleta,COLOMBIA
XQC674,Carro,Particular,BUCARAMANGA
WIU07Q,Moto,Motocicleta,COLOMBIA
UFF333,Carro,Oficial,BARRANQUILLA
ZYR73M,Moto,Motocicleta,COLOMBIA
GKS436,Carro,Oficial,TUNJA
QJS92S,Moto,Motocicleta,COLOMBIA
XVL85K,Moto,Motocicleta,COLOMBIA
PRB768,Carro,Publico,BUCARAMANGA
LJP74X,Moto,Motocicleta,COLOMBIA
SCY28F,Moto,Motocicleta,COLOMBIA
VCY366,Carro,Publico,CALI
SVK10G,Moto,Motocicleta,COLOMBIA
GMW51I,Moto,Motocicleta,COLOMBIA
DIV94Y,Moto,Motocicleta,COLOMBIA
SEF123,Carro,Oficial,BARRANQUILLA
FVJ89P,Moto,Motocicleta,COLOMBIA
GPD31L,Moto,Motocicleta,COLOMBIA
EWT79P,Moto,Motocicleta,COLOMBIA
BSK71J,Moto,Motocicleta,COLOMBIA
TIB531,Carro,Oficial,BOGOTA D.C.
DXU829,Carro,Publico,PASTO
LTC424,Carro,Particular,MANIZALES
PUF880,Carro,Oficial,PEREIRA
MLB423,Carro,Oficial,PEREIRA
AYX89E,Moto,Motocicleta,COLOMBIA
YYD709,Carro,Particular,IBAGUE
EWD27N,Moto,Motocicleta,COLOMBIA
CUJ83L,Moto,Motocicleta,COLOMBIA
ZWH33V,Moto,Motocicleta,COLOMBIA
EWH63P,Moto,Motocicleta,COLOMBIA
LBS96F,Moto,Motocicleta,COLOMBIA
NQM31X,Moto,Motocicleta,COLOMBIA
WUT80R,Moto,Motocicleta,COLOMBIA
PKL608,Carro,Oficial,IBAGUE
KQJ82R,Moto,Motocicleta,COLOMBIA
EBQ21V,Moto,Motocicleta,COLOMBIA
ZLT621,Carro,Publico,ENVIGADO
DRA90T,Moto,Motocicleta,COLOMBIA
UCU35J,Moto,Motocicleta,COLOMBIA
HLZ815,Carro,Particular,MANIZALES
LQH25B,Moto,Motocicleta,COLOMBIA
TSX81H,Moto,Motocicleta,COLOMBIA
NLZ806,Carro,Publico,PEREIRA
WCA43C,Moto,Motocicleta,COLOMBIA
FYT49N,Moto,Motocicleta,COLOMBIA
AAP95T,Moto,Motocicleta,COLOMBIA
NDX034,Carro,Oficial,MANIZALES
ERI779,Carro,Oficial,BUCARAMANGA
SBN474,Carro,Oficial,TUNJA
ABP130,Carro,Publico,CUCUTA
FSR09J,Moto,Motocicleta,COLOMBIA
RRN19E,Moto,Motocicleta,COLOMBIA
RSL958,Carro,Particular,MANIZALES
ZXR68Y,Moto,Motocicleta,COLOMBIA
GDW918,Carro,Oficial,MEDELLIN
JET435,Carro,Oficial,MANIZALES
VYN456,Carro,Oficial,CALI
IIH974,Carro,Publico,ENVIGADO
QQZ14A,Moto,Motocicleta,COLOMBIA
RSV310,Carro,Oficial,BARRANQUILLA
NHJ46Y,Moto,Motocicleta,COLOMBIA
VWH482,Carro,Particular,BARRANQUILLA
ABK051,Carro,Oficial,CUCUTA
XRD629,Carro,Publico,ENVIGADO
WKG64W,Moto,Motocicleta,COLOMBIA
QWD654,Carro,Oficial,CUCUTA
YNY017,Carro,Publico,CALI
RSL475,Carro,Particular,MANIZALES
PVM35X,Moto,Motocicleta,COLOMBIA
NVA980,Carro,Publico,CUCUTA
FFH244,Carro,Publico,BOGOTA D.C.
ZPZ111,Carro,Oficial,ENVIGADO
YGC26T,Moto,Motocicleta,COLOMBIA
UZT76J,Moto,Motocicleta,COLOMBIA
XMN52Q,Moto,Motocicleta,COLOMBIA
WKD56I,Moto,Motocicleta,COLOMBIA
AYG200,Carro,Particular,ENVIGADO
QRH48F,Moto,Motocicleta,COLOMBIA
KUM030,Carro,Particular,BOGOTA D.C.
ETY08C,Moto,Motocicleta,COLOMBIA
BRT90U,Moto,Motocicleta,COLOMBIA
FSD707,Carro,Publico,PASTO
SPZ526,Carro,Publico,BARRANQUILLA
JGK05T,Moto,Motocicleta,COLOMBIA
IRG501,Carro,Publico,BARRANQUILLA
UUA748,Carro,Oficial,CUCUTA
XYC851,Carro,Publico,PEREIRA
RQI025,Carro,Particular,IBAGUE
QGL82C,Moto,Motocicleta,COLOMBIA
NPK94Y,Moto,Motocicleta,COLOMBIA
HJI383,Carro,Particular,BARRANQUILLA
QDK03Y,Moto,Motocicleta,COLOMBIA
MMP53Y,Moto,Motocicleta,COLOMBIA
DQN991,Carro,Particular,TUNJA
IVU171,Carro,Publico,PASTO
FYW88C,Moto,Motocicleta,COLOMBIA
KLR660,Carro,Particular,PEREIRA
HUJ429,Carro,Oficial,PASTO
DXH371,Carro,Particular,PASTO
PXC25W,Moto,Motocicleta,COLOMBIA
KTH91I,Moto,Motocicleta,COLOMBIA
BDS91D,Moto,Motocicleta,COLOMBIA
DHY32D,Moto,Motocicleta,COLOMBIA
JZW90R,Moto,Motocicleta,COLOMBIA
WUU473,Carro,Particular,BOGOTA D.C.
CNT31V,Moto,Motocicleta,COLOMBIA
ELC49W,Moto,Motocicleta,COLOMBIA
TBF123,Carro,Oficial,PASTO
WWD31C,Moto,Motocicleta,COLOMBIA
QFL416,Carro,Oficial,CALI
QGM11V,Moto,Motocicleta,COLOMBIA
IAT55L,Moto,Motocicleta,COLOMBIA
SAD95J,Moto,Motocicleta,COLOMBIA
CGT592,Carro,Particular,PEREIRA
DPE114,Carro,Particular,BOGOTA D.C.
EXZ927,Carro,Particular,MANIZALES
UWZ111,Carro,Publico,CALI
MUA14J,Moto,Motocicleta,COLOMBIA
BBI60Z,Moto,Motocicleta,COLOMBIA
IDF994,Carro,Publico,BUCARAMANGA
JRZ765,Carro,Publico,PEREIRA
RUA070,Carro,Particular,CALI
ESM41R,Moto,Motocicleta,COLOMBIA
JZU219,Carro,Publico,BOGOTA D.C.
HBS33L,Moto,Motocicleta,COLOMBIA
VKW270,Carro,Oficial,TUNJA
DAP429,Carro,Oficial,TUNJA
AAN77I,Moto,Motocicleta,COLOMBIA
ENN07E,Moto,Motocicleta,COLOMBIA
QPP24Y,Moto,Motocicleta,COLOMBIA
KGJ71J,Moto,Motocicleta,COLOMBIA
PJB902,Carro,Particular,PEREIRA
PGY64T,Moto,Motocicleta,COLOMBIA
HQY53R,Moto,Motocicleta,COLOMBIA
GPJ342,Carro,Particular,PASTO
MSZ004,Carro,Particular,TUNJA
QMR64F,Moto,Motocicleta,COLOMBIA
QMH01B,Moto,Motocicleta,COLOMBIA
SVH75C,Moto,Motocicleta,COLOMBIA
SJH89D,Moto,Motocicleta,COLOMBIA
ABD27Q,Moto,Motocicleta,COLOMBIA
VPI27I,Moto,Motocicleta,COLOMBIA
MMB844,Carro,Publico,PASTO
PKT580,Carro,Publico,TUNJA
BEL09G,Moto,Motocicleta,COLOMBIA
BPW97X,Moto,Motocicleta,COLOMBIA
PKG019,Carro,Particular,BUCARAMANGA
FYE937,Carro,Oficial,PASTO
GZD94I,Moto,Motocicleta,COLOMBIA
ISQ03R,Moto,Motocicleta,COLOMBIA
HFC23L,Moto,Motocicleta,COLOMBIA
GAU34U,Moto,Motocicleta,COLOMBIA
CDS858,Carro,Publico,MANIZALES
NFG272,Carro,Particular,PASTO
ZTG082,Carro,Particular,TUNJA
MGQ37Q,Moto,Motocicleta,COLOMBIA
FQA82X,Moto,Motocicleta,COLOMBIA
ZMI01J,Moto,Motocicleta,COLOMBIA
FJQ83F,Moto,Motocicleta,COLOMBIA
VSK817,Carro,Particular,TUNJA
LWR328,Carro,Oficial,PEREIRA
NXJ554,Carro,Oficial,ENVIGADO
AGK25K,Moto,Motocicleta,COLOMBIA
NYL862,Carro,Oficial,ENVIGADO
XUJ576,Carro,Publico,TUNJA
NPR41N,Moto,Motocicleta,COLOMBIA
CCQ92E,Moto,Motocicleta,COLOMBIA
QDA454,Carro,Particular,IBAGUE
QMU73P,Moto,Motocicleta,COLOMBIA
ZDQ685,Carro,Particular,MEDELLIN
LNV98U,Moto,Motocicleta,COLOMBIA
MGG26B,Moto,Motocicleta,COLOMBIA
VXY339,Carro,Publico,MANIZALES
KLX251,Carro,Particular,MANIZALES
ZFS404,Carro,Oficial,BARRANQUILLA
RZK346,Carro,Particular,TUNJA
QFR259,Carro,Publico,ENVIGADO
JDX647,Carro,Publico,MANIZALES
HRS678,Carro,Oficial,TUNJA
FTJ845,Carro,Oficial,ENVIGADO
WDJ426,Carro,Particular,BARRANQUILLA
RCX883,Carro,Oficial,MEDELLIN
BFF33Q,Moto,Motocicleta,COLOMBIA
LYG849,Carro,Particular,CUCUTA
BLL493,Carro,Particular,PEREIRA
HWY573,Carro,Particular,BARRANQUILLA
MDZ62R,Moto,Motocicleta,COLOMBIA
INL23W,Moto,Motocicleta,COLOMBIA
NBL38Q,Moto,Motocicleta,COLOMBIA
KAM14M,Moto,Motocicleta,COLOMBIA
LMW792,Carro,Oficial,TUNJA
TFU339,Carro,Publico,TUNJA
CZT44P,Moto,Motocicleta,COLOMBIA
YRI129,Carro,Particular,BARRANQUILLA
UQV962,Carro,Publico,BARRANQUILLA
SDU976,Carro,Oficial,ENVIGADO
YZA28S,Moto,Motocicleta,COLOMBIA
CTK59U,Moto,Motocicleta,COLOMBIA
EZS04G,Moto,Motocicleta,COLOMBIA
WQM20A,Moto,Motocicleta,COLOMBIA
JRS64V,Moto,Motocicleta,COLOMBIA
MDG522,Carro,Publico,MEDELLIN
DZZ195,Carro,Particular,PEREIRA
NLN75S,Moto,Motocicleta,COLOMBIA
TAS30P,Moto,Motocicleta,COLOMBIA
KVN774,Carro,Particular,ENVIGADO
JIN89W,Moto,Motocicleta,COLOMBIA
VUM465,Carro,Oficial,TUNJA
GZV24Y,Moto,Motocicleta,COLOMBIA
RVI560,Carro,Oficial,BUCARAMANGA
ERQ829,Carro,Oficial,MANIZALES
JZT50P,Moto,Motocicleta,COLOMBIA
LRR613,Carro,Particular,BOGOTA D.C.
ENH01D,Moto,Motocicleta,COLOMBIA
DSP64X,Moto,Motocicleta,COLOMBIA
ZNW394,Carro,Oficial,MANIZALES
VAK274,Carro,Particular,IBAGUE
UXR277,Carro,Publico,BARRANQUILLA
LGS916,Carro,Oficial,PASTO
IHE25T,Moto,Motocicleta,COLOMBIA
MJR846,Carro,Particular,CALI
CRG420,Carro,Publico,BOGOTA D.C.
TME15J,Moto,Motocicleta,COLOMBIA
REB024,Carro,Publico,BUCARAMANGA
JFS385,Carro,Particular,CUCUTA
MZS50K,Moto,Motocicleta,COLOMBIA
ARX693,Carro,Publico,PEREIRA
BRF94B,Moto,Motocicleta,COLOMBIA
GBS722,Carro,Oficial,PEREIRA
GCC645,Carro,Oficial,PEREIRA
KBL08N,Moto,Motocicleta,COLOMBIA
JRU60E,Moto,Motocicleta,COLOMBIA
XGM677,Carro,Publico,BUCARAMANGA
YWP349,Carro,Oficial,BUCARAMANGA
JEZ633,Carro,Publico,MANIZALES
WNN11F,Moto,Motocicleta,COLOMBIA
NRB397,Carro,Publico,IBAGUE
QIQ89K,Moto,Motocicleta,COLOMBIA
FJF434,Carro,Oficial,PEREIRA
RAK577,Carro,Publico,PASTO
WRG409,Carro,Oficial,ENVIGADO
GUQ867,Carro,Publico,MANIZALES
GJC103,Carro,Oficial,MEDELLIN
QPJ21H,Moto,Motocicleta,COLOMBIA
DKS52E,Moto,Motocicleta,COLOMBIA
SYF96J,Moto,Motocicleta,COLOMBIA
UBP763,Carro,Publico,PEREIRA
HJU57W,Moto,Motocicleta,COLOMBIA
PNQ029,Carro,Oficial,PASTO
TDL249,Carro,Oficial,ENVIGADO
YWW78G,Moto,Motocicleta,COLOMBIA
UHA015,Carro,Particular,TUNJA
WAT496,Carro,Oficial,CALI
SFB97H,Moto,Motocicleta,COLOMBIA
NDA76G,Moto,Motocicleta,COLOMBIA
KQJ919,Carro,Publico,PASTO
IUJ167,Carro,Particular,ENVIGADO
EQH028,Carro,Oficial,BOGOTA D.C.
NZV965,Carro,Publico,PASTO
PJH353,Carro,Particular,ENVIGADO
DIL07E,Moto,Motocicleta,COLOMBIA
GMZ525,Carro,Oficial,MEDELLIN
ETN21U,Moto,Motocicleta,COLOMBIA
NKZ55F,Moto,Motocicleta,COLOMBIA
PRV126,Carro,Particular,PASTO
WRG02W,Moto,Motocicleta,COLOMBIA
VRH63L,Moto,Motocicleta,COLOMBIA
IWT194,Carro,Publico,CUCUTA
QBV55J,Moto,Motocicleta,COLOMBIA
PHG112,Carro,Publico,PEREIRA
PPT77Y,Moto,Motocicleta,COLOMBIA
BPP910,Carro,Oficial,CUCUTA
MRH30H,Moto,Motocicleta,COLOMBIA
ERP541,Carro,Publico,BOGOTA D.C.
ULW09T,Moto,Motocicleta,COLOMBIA
WRH04P,Moto,Motocicleta,COLOMBIA
DER38W,Moto,Motocicleta,COLOMBIA
QMF599,Carro,Publico,MEDELLIN
XXB400,Carro,Publico,PEREIRA
ZHP963,Carro,Publico,PEREIRA
XBT509,Carro,Publico,PASTO
XYD723,Carro,Particular,PEREIRA
PRZ572,Carro,Oficial,BOGOTA D.C.
UNT803,Carro,Oficial,CALI
MMV181,Carro,Publico,MEDELLIN
GWK442,Carro,Publico,CUCUTA
BSC451,Carro,Particular,PEREIRA
LHX23A,Moto,Motocicleta,COLOMBIA
RXA85F,Moto,Motocicleta,COLOMBIA
IYM63K,Moto,Motocicleta,COLOMBIA
PDI13Y,Moto,Motocicleta,COLOMBIA
KMT33R,Moto,Motocicleta,COLOMBIA
YPQ420,Carro,Oficial,IBAGUE
BJL10X,Moto,Motocicleta,COLOMBIA
KBE71E,Moto,Motocicleta,COLOMBIA
HGZ014,Carro,Particular,PASTO
RUZ61M,Moto,Motocicleta,COLOMBIA
QHU052,Carro,Particular,BARRANQUILLA
FVF21T,Moto,Motocicleta,COLOMBIA
IAV668,Carro,Publico,BOGOTA D.C.
ZQA197,Carro,Publico,ENVIGADO
RVP061,Carro,Oficial,BARRANQUILLA
MXZ32K,Moto,Motocicleta,COLOMBIA
JIP397,Carro,Oficial,IBAGUE
QXH38D,Moto,Motocicleta,COLOMBIA
JNF32R,Moto,Motocicleta,COLOMBIA
GAL25J,Moto,Motocicleta,COLOMBIA
AQK05K,Moto,Motocicleta,COLOMBIA
FZL65Y,Moto,Motocicleta,COLOMBIA
MDD95B,Moto,Motocicleta,COLOMBIA
CXA50D,Moto,Motocicleta,COLOMBIA
JXH375,Carro,Particular,MANIZALES
SNE25H,Moto,Motocicleta,COLOMBIA
VGE439,Carro,Particular,BARRANQUILLA
XHP691,Carro,Particular,PEREIRA
XRT25K,Moto,Motocicleta,COLOMBIA
SJE236,Carro,Oficial,TUNJA
GBC485,Carro,Oficial,PEREIRA
YKX45I,Moto,Motocicleta,COLOMBIA
VBB022,Carro,Publico,TUNJA
DRA81L,Moto,Motocicleta,COLOMBIA
QKI93F,Moto,Motocicleta,COLOMBIA
QDQ346,Carro,Publico,BARRANQUILLA
YNX430,Carro,Publico,BUCARAMANGA
KPX006,Carro,Particular,BOGOTA D.C.
ZKL07F,Moto,Motocicleta,COLOMBIA
FGG003,Carro,Particular,TUNJA
RZG104,Carro,Particular,PEREIRA
NYH091,Carro,Publico,IBAGUE
CHT43T,Moto,Motocicleta,COLOMBIA
PEY22V,Moto,Motocicleta,COLOMBIA
JLM08H,Moto,Motocicleta,COLOMBIA
YIP288,Carro,Publico,TUNJA
GGT51A,Moto,Motocicleta,COLOMBIA
ZZX93I,Moto,Motocicleta,COLOMBIA
GHE21C,Moto,Motocicleta,COLOMBIA
YZN724,Carro,Publico,CALI
QBH344,Carro,Particular,MEDELLIN
APE45C,Moto,Motocicleta,COLOMBIA
JPT078,Carro,Publico,MANIZALES
QMA885,Carro,Particular,BOGOTA D.C.
BFD09R,Moto,Motocicleta,COLOMBIA
ZYR638,Carro,Publico,BOGOTA D.C.
MQW960,Carro,Oficial,BOGOTA D.C.
QJA72E,Moto,Motocicleta,COLOMBIA
VEA22T,Moto,Motocicleta,COLOMBIA
TRW641,Carro,Publico,CALI
GAX95W,Moto,Motocicleta,COLOMBIA
JTG076,Carro,Publico,BOGOTA D.C.
CBA28Z,Moto,Motocicleta,COLOMBIA
URQ75M,Moto,Motocicleta,COLOMBIA
CSN91J,Moto,Motocicleta,COLOMBIA
GNY053,Carro,Particular,IBAGUE
XVX242,Carro,Particular,CUCUTA
MJE791,Carro,Publico,MANIZALES
EJR209,Carro,Publico,BUCARAMANGA
TNJ22U,Moto,Motocicleta,COLOMBIA
TMX383,Carro,Particular,ENVIGADO
FTN40I,Moto,Motocicleta,COLOMBIA
MJH15D,Moto,Motocicleta,COLOMBIA
SEW32M,Moto,Motocicleta,COLOMBIA
ACN60R,Moto,Motocicleta,COLOMBIA
PCN358,Carro,Oficial,ENVIGADO
RUF29T,Moto,Motocicleta,COLOMBIA
FEG746,Carro,Publico,ENVIGADO
RDM135,Carro,Oficial,BUCARAMANGA
FAC623,Carro,Oficial,IBAGUE
SRK192,Carro,Oficial,PEREIRA
QDG75C,Moto,Motocicleta,COLOMBIA
IBM01Z,Moto,Motocicleta,COLOMBIA
UVX96Q,Moto,Motocicleta,COLOMBIA
SMN51V,Moto,Motocicleta,COLOMBIA
UNT82E,Moto,Motocicleta,COLOMBIA
AGF26N,Moto,Motocicleta,COLOMBIA
KAI002,Carro,Publico,BARRANQUILLA
VLF70B,Moto,Motocicleta,COLOMBIA
XLM394,Carro,Publico,TUNJA
FAX05P,Moto,Motocicleta,COLOMBIA
KWL66C,Moto,Motocicleta,COLOMBIA
DXU61P,Moto,Motocicleta,COLOMBIA
RNI98V,Moto,Motocicleta,COLOMBIA
PTB34X,Moto,Motocicleta,COLOMBIA
GGB83G,Moto,Motocicleta,COLOMBIA
PVH63T,Moto,Motocicleta,COLOMBIA
XLW825,Carro,Particular,MEDELLIN
TCX42Y,Moto,Motocicleta,COLOMBIA
PQX125,Carro,Oficial,BARRANQUILLA
KLF116,Carro,Oficial,BUCARAMANGA
BRK45D,Moto,Motocicleta,COLOMBIA
IXU321,Carro,Oficial,PASTO
KKK30M,Moto,Motocicleta,COLOMBIA
BXM83K,Moto,Motocicleta,COLOMBIA
SDT817,Carro,Particular,BUCARAMANGA
NPX507,Carro,Oficial,PASTO
QSL367,Carro,Publico,CALI
AWA40N,Moto,Motocicleta,COLOMBIA
FYG276,Carro,Oficial,MEDELLIN
VMC56I,Moto,Motocicleta,COLOMBIA
ILU529,Carro,Publico,BARRANQUILLA
PHK31I,Moto,Motocicleta,COLOMBIA
RFH070,Carro,Oficial,PASTO
XIR561,Carro,Oficial,BARRANQUILLA
DLD19W,Moto,Motocicleta,COLOMBIA
BPU003,Carro,Publico,BOGOTA D.C.
HDN122,Carro,Particular,PASTO
PGN841,Carro,Oficial,MANIZALES
FDP16L,Moto,Motocicleta,COLOMBIA
QNJ931,Carro,Particular,BARRANQUILLA
JBA25Y,Moto,Motocicleta,COLOMBIA
YIA91D,Moto,Motocicleta,COLOMBIA
XVE398,Carro,Oficial,IBAGUE
BRS379,Carro,Oficial,CUCUTA
YFI99Z,Moto,Motocicleta,COLOMBIA
VSX26Z,Moto,Motocicleta,COLOMBIA
HRJ68G,Moto,Motocicleta,COLOMBIA
HKC47B,Moto,Motocicleta,COLOMBIA
TIP903,Carro,Particular,ENVIGADO
SPI267,Carro,Publico,CUCUTA
XAQ79F,Moto,Motocicleta,COLOMBIA
MYV319,Carro,Publico,PASTO
FMK428,Carro,Oficial,MEDELLIN
JKW58K,Moto,Motocicleta,COLOMBIA
PIX259,Carro,Particular,MANIZALES
KNJ59Q,Moto,Motocicleta,COLOMBIA
AEL96A,Moto,Motocicleta,COLOMBIA
YWV224,Carro,Publico,BOGOTA D.C.
AVG439,Carro,Particular,ENVIGADO
ICS43Z,Moto,Motocicleta,COLOMBIA
QZC46X,Moto,Motocicleta,COLOMBIA
YLX06E,Moto,Motocicleta,COLOMBIA
DUF652,Carro,Particular,ENVIGADO
XNN29V,Moto,Motocicleta,COLOMBIA
LYC914,Carro,Particular,ENVIGADO
RVQ308,Carro,Publico,BUCARAMANGA
RKT07F,Moto,Motocicleta,COLOMBIA
EYD68K,Moto,Motocicleta,COLOMBIA
GXT65B,Moto,Motocicleta,COLOMBIA
JUD86I,Moto,Motocicleta,COLOMBIA
DYX426,Carro,Particular,TUNJA
WBX81Y,Moto,Motocicleta,COLOMBIA
TTE509,Carro,Publico,ENVIGADO
UGY68H,Moto,Motocicleta,COLOMBIA
YJR022,Carro,Publico,MEDELLIN
SYG49X,Moto,Motocicleta,COLOMBIA
KSW619,Carro,Publico,IBAGUE
HGC82U,Moto,Motocicleta,COLOMBIA
IWA98Y,Moto,Motocicleta,COLOMBIA
CXK56L,Moto,Motocicleta,COLOMBIA
FZH807,Carro,Oficial,MANIZALES
EZY80T,Moto,Motocicleta,COLOMBIA
CYB27T,Moto,Motocicleta,COLOMBIA
XFZ562,Carro,Publico,CALI
RDR95E,Moto,Motocicleta,COLOMBIA
UIG294,Carro,Publico,TUNJA
QLT59Q,Moto,Motocicleta,COLOMBIA
JUJ47Q,Moto,Motocicleta,COLOMBIA
JFI183,Carro,Particular,BUCARAMANGA
QCH08U,Moto,Motocicleta,COLOMBIA
QUN877,Carro,Publico,PASTO
KXC82D,Moto,Motocicleta,COLOMBIA
RUA63B,Moto,Motocicleta,COLOMBIA
LEI714,Carro,Publico,BARRANQUILLA
BXP856,Carro,Publico,MEDELLIN
XCU64D,Moto,Motocicleta,COLOMBIA
CNK914,Carro,Publico,CALI
TWN05Z,Moto,Motocicleta,COLOMBIA
WKM451,Carro,Oficial,BARRANQUILLA
GKL824,Carro,Particular,TUNJA
SDW53I,Moto,Motocicleta,COLOMBIA
ZRU148,Carro,Particular,ENVIGADO
FYL84E,Moto,Motocicleta,COLOMBIA
LFQ83E,Moto,Motocicleta,COLOMBIA
TKU25X,Moto,Motocicleta,COLOMBIA
BDA468,Carro,Oficial,PASTO
EKZ057,Carro,Publico,ENVIGADO
TLD571,Carro,Publico,ENVIGADO
QFJ08T,Moto,Motocicleta,COLOMBIA
IUG43A,Moto,Motocicleta,COLOMBIA
GZK82A,Moto,Motocicleta,COLOMBIA
XLV950,Carro,Particular,BOGOTA D.C.
TZB47C,Moto,Motocicleta,COLOMBIA
ADF074,Carro,Oficial,BARRANQUILLA
VIH11L,Moto,Motocicleta,COLOMBIA
QAQ870,Carro,Publico,CUCUTA
KUU196,Carro,Publico,TUNJA
ZAR102,Carro,Oficial,BOGOTA D.C.
WPL789,Carro,Publico,MANIZALES
LKS58N,Moto,Motocicleta,COLOMBIA
KES90U,Moto,Motocicleta,COLOMBIA
GFG57L,Moto,Motocicleta,COLOMBIA
LFT306,Carro,Particular,MANIZALES
CNN581,Carro,Publico,PEREIRA
NCI825,Carro,Oficial,PEREIRA
YXL96H,Moto,Motocicleta,COLOMBIA
ENL057,Carro,Publico,BOGOTA D.C.
NNT56E,Moto,Motocicleta,COLOMBIA
ENV65L,Moto,Motocicleta,COLOMBIA
AWP866,Carro,Oficial,TUNJA
YGP76X,Moto,Motocicleta,COLOMBIA
JUD718,Carro,Particular,BOGOTA D.C.
DKP78L,Moto,Motocicleta,COLOMBIA
RXP737,Carro,Publico,CUCUTA
MNV128,Carro,Particular,BARRANQUILLA
TKF021,Carro,Oficial,IBAGUE
BGM35E,Moto,Motocicleta,COLOMBIA
HDL15R,Moto,Motocicleta,COLOMBIA
PGW039,Carro,Publico,CALI
BSK384,Carro,Oficial,BOGOTA D.C.
LYU54H,Moto,Motocicleta,COLOMBIA
MBP731,Carro,Oficial,BOGOTA D.C.
AXH77G,Moto,Motocicleta,COLOMBIA
PUU307,Carro,Publico,CUCUTA
VTU19U,Moto,Motocicleta,COLOMBIA
JKK602,Carro,Oficial,BARRANQUILLA
FUU77P,Moto,Motocicleta,COLOMBIA
QZS628,Carro,Publico,TUNJA
LBB426,Carro,Oficial,CUCUTA
VPJ249,Carro,Particular,CALI
TMJ737,Carro,Particular,MEDELLIN
JNR80M,Moto,Motocicleta,COLOMBIA
PJK50T,Moto,Motocicleta,COLOMBIA
IFT40M,Moto,Motocicleta,COLOMBIA
TTB37S,Moto,Motocicleta,COLOMBIA
FHD604,Carro,Publico,CALI
LGS819,Carro,Publico,MEDELLIN
GQI006,Carro,Publico,BARRANQUILLA
IXC631,Carro,Publico,MANIZALES
SHT63F,Moto,Motocicleta,COLOMBIA
KXN32R,Moto,Motocicleta,COLOMBIA
GCA164,Carro,Publico,MEDELLIN
LNW78Q,Moto,Motocicleta,COLOMBIA
APQ22Y,Moto,Motocicleta,COLOMBIA
AJH612,Carro,Particular,BOGOTA D.C.
BCG761,Carro,Publico,PEREIRA
BLJ48Y,Moto,Motocicleta,COLOMBIA
KSF79P,Moto,Motocicleta,COLOMBIA
DDI33E,Moto,Motocicleta,COLOMBIA
UTX828,Carro,Publico,BARRANQUILLA
UET948,Carro,Publico,BOGOTA D.C.
EKN706,Carro,Particular,MANIZALES
APP401,Carro,Particular,PEREIRA
SNF83G,Moto,Motocicleta,COLOMBIA
RRT299,Carro,Publico,CUCUTA
MAE729,Carro,Oficial,MEDELLIN
ZWJ487,Carro,Particular,CALI
BNU080,Carro,Oficial,BOGOTA D.C.
JTH86K,Moto,Motocicleta,COLOMBIA
PWR94J,Moto,Motocicleta,COLOMBIA
BFJ67P,Moto,Motocicleta,COLOMBIA
CCX64Z,Moto,Motocicleta,COLOMBIA
RVU421,Carro,Particular,IBAGUE
HML904,Carro,Oficial,BUCARAMANGA
QXP80R,Moto,Motocicleta,COLOMBIA
DKN371,Carro,Publico,TUNJA
EUA914,Carro,Particular,MEDELLIN
ACT35H,Moto,Motocicleta,COLOMBIA
XPI24C,Moto,Motocicleta,COLOMBIA
LUX21B,Moto,Motocicleta,COLOMBIA
KLP41B,Moto,Motocicleta,COLOMBIA
SDB51U,Moto,Motocicleta,COLOMBIA
CKH86V,Moto,Motocicleta,COLOMBIA
ACQ602,Carro,Particular,CALI
WGN895,Carro,Particular,PASTO
WWT91N,Moto,Motocicleta,COLOMBIA
YYI51N,Moto,Motocicleta,COLOMBIA
CFK673,Carro,Oficial,BARRANQUILLA
BSF56P,Moto,Motocicleta,COLOMBIA
TFC80W,Moto,Motocicleta,COLOMBIA
NAQ66V,Moto,Motocicleta,COLOMBIA
EIU33M,Moto,Motocicleta,COLOMBIA
PRB14I,Moto,Motocicleta,COLOMBIA
XKX263,Carro,Publico,ENVIGADO
ASL373,Carro,Publico,BARRANQUILLA
VSK26T,Moto,Motocicleta,COLOMBIA
WMP08J,Moto,Motocicleta,COLOMBIA
JVJ69R,Moto,Motocicleta,COLOMBIA
UHC20T,Moto,Motocicleta,COLOMBIA
HUD864,Carro,Publico,ENVIGADO
CNP732,Carro,Oficial,IBAGUE
CTZ43C,Moto,Motocicleta,COLOMBIA
GSV87A,Moto,Motocicleta,COLOMBIA
NUZ22N,Moto,Motocicleta,COLOMBIA
QVT56K,Moto,Motocicleta,COLOMBIA
UJW55K,Moto,Motocicleta,COLOMBIA
AVH074,Carro,Particular,CALI
PZR97Z,Moto,Motocicleta,COLOMBIA
TKQ71Y,Moto,Motocicleta,COLOMBIA
EZC47T,Moto,Motocicleta,COLOMBIA
EDE59E,Moto,Motocicleta,COLOMBIA
DMJ02L,Moto,Motocicleta,COLOMBIA
ZDZ054,Carro,Oficial,MEDELLIN
JET135,Carro,Particular,BOGOTA D.C.
HJM835,Carro,Particular,PEREIRA
DTJ068,Carro,Oficial,IBAGUE
AGM823,Carro,Oficial,IBAGUE
ECC536,Carro,Oficial,IBAGUE
CAV80D,Moto,Motocicleta,COLOMBIA
TST37K,Moto,Motocicleta,COLOMBIA
PNE500,Carro,Oficial,CUCUTA
WUE80D,Moto,Motocicleta,COLOMBIA
ETG66Q,Moto,Motocicleta,COLOMBIA
IKM65N,Moto,Motocicleta,COLOMBIA
VSR14D,Moto,Motocicleta,COLOMBIA
VVW154,Carro,Particular,BARRANQUILLA
YSB243,Carro,Oficial,ENVIGADO
GBN40R,Moto,Motocicleta,COLOMBIA
SBB99T,Moto,Motocicleta,COLOMBIA
KVN64H,Moto,Motocicleta,COLOMBIA
UUG44T,Moto,Motocicleta,COLOMBIA
ZQU552,Carro,Oficial,BUCARAMANGA
HDW87D,Moto,Motocicleta,COLOMBIA
PCL11R,Moto,Motocicleta,COLOMBIA
PZF78E,Moto,Motocicleta,COLOMBIA
GMR430,Carro,Oficial,IBAGUE
RZT97Y,Moto,Motocicleta,COLOMBIA
TZA51H,Moto,Motocicleta,COLOMBIA
STW19Y,Moto,Motocicleta,COLOMBIA
QTC769,Carro,Particular,TUNJA
SUG160,Carro,Oficial,BARRANQUILLA
BIQ958,Carro,Publico,IBAGUE
FBQ04D,Moto,Motocicleta,COLOMBIA
XWG74Y,Moto,Motocicleta,COLOMBIA
YNJ14X,Moto,Motocicleta,COLOMBIA
TGF63R,Moto,Motocicleta,COLOMBIA
XXY30U,Moto,Motocicleta,COLOMBIA
IBJ919,Carro,Publico,BOGOTA D.C.
MCT76Y,Moto,Motocicleta,COLOMBIA
VGY755,Carro,Publico,ENVIGADO
GQQ38G,Moto,Motocicleta,COLOMBIA
GML310,Carro,Oficial,BOGOTA D.C.
IUU66C,Moto,Motocicleta,COLOMBIA
RVT397,Carro,Oficial,MANIZALES
SJD10D,Moto,Motocicleta,COLOMBIA
FGK28M,Moto,Motocicleta,COLOMBIA
AUB34X,Moto,Motocicleta,COLOMBIA
TBI078,Carro,Particular,TUNJA
MRI81P,Moto,Motocicleta,COLOMBIA
EHE12I,Moto,Motocicleta,COLOMBIA
XZY821,Carro,Oficial,CUCUTA
BGC294,Carro,Particular,MEDELLIN
DZB70E,Moto,Motocicleta,COLOMBIA
TNZ897,Carro,Oficial,TUNJA
LHI364,Carro,Oficial,MANIZALES
IAS03V,Moto,Motocicleta,COLOMBIA
PAR21T,Moto,Motocicleta,COLOMBIA
XRD150,Carro,Particular,BARRANQUILLA
QQZ372,Carro,Particular,CUCUTA
NUN04I,Moto,Motocicleta,COLOMBIA
FHN43G,Moto,Motocicleta,COLOMBIA
EZY079,Carro,Oficial,MANIZALES
DRC578,Carro,Particular,CALI
YWS510,Carro,Oficial,BUCARAMANGA
YTM50V,Moto,Motocicleta,COLOMBIA
CTK941,Carro,Publico,ENVIGADO
CXH214,Carro,Publico,PASTO
SJN74J,Moto,Motocicleta,COLOMBIA
TBY15B,Moto,Motocicleta,COLOMBIA
FJU00D,Moto,Motocicleta,COLOMBIA
TLF744,Carro,Oficial,BOGOTA D.C.
WEU594,Carro,Publico,IBAGUE
UGE092,Carro,Particular,PASTO
GGP451,Carro,Publico,BOGOTA D.C.
KPG818,Carro,Oficial,BUCARAMANGA
CKK09Y,Moto,Motocicleta,COLOMBIA
IUP90C,Moto,Motocicleta,COLOMBIA
QZE56G,Moto,Motocicleta,COLOMBIA
VRH673,Carro,Oficial,PEREIRA
CNV44K,Moto,Motocicleta,COLOMBIA
VLE881,Carro,Particular,MEDELLIN
AAK34L,Moto,Motocicleta,COLOMBIA
FIN295,Carro,Particular,MANIZALES
JEW23F,Moto,Motocicleta,COLOMBIA
MSY47G,Moto,Motocicleta,COLOMBIA
GZX26R,Moto,Motocicleta,COLOMBIA
BLM041,Carro,Particular,PASTO
QEJ27X,Moto,Motocicleta,COLOMBIA
NQK32A,Moto,Motocicleta,COLOMBIA
XSV017,Carro,Publico,BUCARAMANGA
HYF71H,Moto,Motocicleta,COLOMBIA
QFF86B,Moto,Motocicleta,COLOMBIA
TFJ036,Carro,Oficial,TUNJA
JUA80P,Moto,Motocicleta,COLOMBIA
QRM442,Carro,Publico,CUCUTA
DUB55L,Moto,Motocicleta,COLOMBIA
RQL10Y,Moto,Motocicleta,COLOMBIA
BUW07R,Moto,Motocicleta,COLOMBIA
FWS84J,Moto,Motocicleta,COLOMBIA
JXP86Q,Moto,Motocicleta,COLOMBIA
NXB417,Carro,Publico,MEDELLIN
FAL81L,Moto,Motocicleta,COLOMBIA
DZL71Q,Moto,Motocicleta,COLOMBIA
XFP125,Carro,Oficial,MANIZALES
UXZ839,Carro,Particular,MEDELLIN
JZE43N,Moto,Motocicleta,COLOMBIA
MWS049,Carro,Oficial,MANIZALES
INR721,Carro,Oficial,PEREIRA
CIA664,Carro,Particular,IBAGUE
SSL78T,Moto,Motocicleta,COLOMBIA
DBK409,Carro,Oficial,CUCUTA
ANC76J,Moto,Motocicleta,COLOMBIA
NHF188,Carro,Particular,PASTO
BSV26N,Moto,Motocicleta,COLOMBIA
PMB274,Carro,Oficial,MEDELLIN
FEJ49W,Moto,Motocicleta,COLOMBIA
ALV51D,Moto,Motocicleta,COLOMBIA
JLB746,Carro,Publico,TUNJA
GRZ630,Carro,Oficial,IBAGUE
BLU46V,Moto,Motocicleta,COLOMBIA
RXA177,Carro,Particular,MANIZALES
YDU33X,Moto,Motocicleta,COLOMBIA
UBN13Y,Moto,Motocicleta,COLOMBIA
QDH86J,Moto,Motocicleta,COLOMBIA
ZLG804,Carro,Oficial,TUNJA
VGW64S,Moto,Motocicleta,COLOMBIA
REZ13V,Moto,Motocicleta,COLOMBIA
NID960,Carro,Oficial,BOGOTA D.C.
GPA335,Carro,Particular,TUNJA
MVA379,Carro,Publico,IBAGUE
EPC99C,Moto,Motocicleta,COLOMBIA
ZXF306,Carro,Particular,ENVIGADO
LRB600,Carro,Oficial,MEDELLIN
VGQ407,Carro,Particular,PEREIRA
YAR159,Carro,Oficial,CALI
GNC681,Carro,Particular,BARRANQUILLA
LXT837,Carro,Publico,MEDELLIN
XVN17N,Moto,Motocicleta,COLOMBIA
YSA859,Carro,Publico,CUCUTA
PST516,Carro,Publico,BOGOTA D.C.
YFU752,Carro,Particular,TUNJA
LAZ694,Carro,Publico,BOGOTA D.C.
TZI82L,Moto,Motocicleta,COLOMBIA
DVL90U,Moto,Motocicleta,COLOMBIA
GUM85B,Moto,Motocicleta,COLOMBIA
XHN062,Carro,Particular,CUCUTA
RNC58L,Moto,Motocicleta,COLOMBIA
CZI85K,Moto,Motocicleta,COLOMBIA
PAC41X,Moto,Motocicleta,COLOMBIA
PCR86S,Moto,Motocicleta,COLOMBIA
YMQ890,Carro,Particular,CUCUTA
BML08H,Moto,Motocicleta,COLOMBIA
BUY366,Carro,Publico,BUCARAMANGA
CYL398,Carro,Publico,ENVIGADO
JWS267,Carro,Publico,ENVIGADO
GYV388,Carro,Publico,BARRANQUILLA
DBI48D,Moto,Motocicleta,COLOMBIA
NTR561,Carro,Particular,BUCARAMANGA
EXW84K,Moto,Motocicleta,COLOMBIA
KJI361,Carro,Oficial,MANIZALES
QBV73X,Moto,Motocicleta,COLOMBIA
HCS52P,Moto,Motocicleta,COLOMBIA
CBY46W,Moto,Motocicleta,COLOMBIA
AWF687,Carro,Oficial,MEDELLIN
NZG045,Carro,Particular,BOGOTA D.C.
BJF69C,Moto,Motocicleta,COLOMBIA
NFP135,Carro,Particular,PASTO
FVV769,Carro,Oficial,MEDELLIN
VDQ68B,Moto,Motocicleta,COLOMBIA
MJX69Y,Moto,Motocicleta,COLOMBIA
ZGE884,Carro,Oficial,CALI
CWF34J,Moto,Motocicleta,COLOMBIA
UWA07A,Moto,Motocicleta,COLOMBIA
MXU92U,Moto,Motocicleta,COLOMBIA
TFP21K,Moto,Motocicleta,COLOMBIA
PDP24H,Moto,Motocicleta,COLOMBIA
XNF687,Carro,Publico,BOGOTA D.C.
QIE61I,Moto,Motocicleta,COLOMBIA
CWJ46F,Moto,Motocicleta,COLOMBIA
LVG31S,Moto,Motocicleta,COLOMBIA
UEM36Q,Moto,Motocicleta,COLOMBIA
MUF56J,Moto,Motocicleta,COLOMBIA
RWV67W,Moto,Motocicleta,COLOMBIA
KQW280,Carro,Publico,ENVIGADO
RVZ132,Carro,Publico,CALI
IAV485,Carro,Particular,PASTO
WGG325,Carro,Oficial,TUNJA
MBG953,Carro,Particular,CUCUTA
IRW880,Carro,Particular,IBAGUE
PJZ45B,Moto,Motocicleta,COLOMBIA
TYW75Y,Moto,Motocicleta,COLOMBIA
FIQ878,Carro,Particular,TUNJA
QDS641,Carro,Particular,PEREIRA
NMX954,Carro,Particular,TUNJA
WZP49C,Moto,Motocicleta,COLOMBIA
DYA49Y,Moto,Motocicleta,COLOMBIA
IAL29Q,Moto,Motocicleta,COLOMBIA
YQU082,Carro,Particular,BOGOTA D.C.
JEI56I,Moto,Motocicleta,COLOMBIA
ILK565,Carro,Publico,TUNJA
UUA86U,Moto,Motocicleta,COLOMBIA
QAT194,Carro,Oficial,BUCARAMANGA
TNK749,Carro,Particular,PASTO
NFL949,Carro,Oficial,ENVIGADO
QDJ24T,Moto,Motocicleta,COLOMBIA
QPA29L,Moto,Motocicleta,COLOMBIA
DCV402,Carro,Publico,PASTO
WXE742,Carro,Oficial,MANIZALES
GZG010,Carro,Oficial,PEREIRA
SGQ59A,Moto,Motocicleta,COLOMBIA
PIU62C,Moto,Motocicleta,COLOMBIA
JTM586,Carro,Oficial,BUCARAMANGA
YFM584,Carro,Particular,CUCUTA
RTX540,Carro,Oficial,MANIZALES
GZS435,Carro,Particular,BUCARAMANGA
NLZ604,Carro,Publico,BARRANQUILLA
IXW32S,Moto,Motocicleta,COLOMBIA
ULB450,Carro,Publico,BUCARAMANGA
ICK995,Carro,Oficial,PEREIRA
JEP81X,Moto,Motocicleta,COLOMBIA
ZQE99X,Moto,Motocicleta,COLOMBIA
EDT715,Carro,Publico,TUNJA
ANB79M,Moto,Motocicleta,COLOMBIA
VMJ54S,Moto,Motocicleta,COLOMBIA
YMR98S,Moto,Motocicleta,COLOMBIA
ULG412,Carro,Publico,IBAGUE
MKD497,Carro,Particular,CALI
DXT003,Carro,Oficial,CUCUTA
AVZ554,Carro,Publico,TUNJA
BKA63B,Moto,Motocicleta,COLOMBIA
CNV714,Carro,Particular,CUCUTA
SNB59K,Moto,Motocicleta,COLOMBIA
QGD38C,Moto,Motocicleta,COLOMBIA
IEC973,Carro,Particular,MEDELLIN
DWC589,Carro,Oficial,BOGOTA D.C.
WFN41L,Moto,Motocicleta,COLOMBIA
RAM66A,Moto,Motocicleta,COLOMBIA
HQS730,Carro,Oficial,BOGOTA D.C.
IGL326,Carro,Oficial,PEREIRA
QRG41V,Moto,Motocicleta,COLOMBIA
ZEY26P,Moto,Motocicleta,COLOMBIA
GLK092,Carro,Publico,MEDELLIN
YPQ435,Carro,Oficial,PASTO
HQD48J,Moto,Motocicleta,COLOMBIA
KEL141,Carro,Publico,PASTO
FBJ14U,Moto,Motocicleta,COLOMBIA
WHL72X,Moto,Motocicleta,COLOMBIA
EBS38M,Moto,Motocicleta,COLOMBIA
GMM43N,Moto,Motocicleta,COLOMBIA
WBL816,Carro,Oficial,TUNJA
MJY56X,Moto,Motocicleta,COLOMBIA
ZRU213,Carro,Oficial,PASTO
IWK536,Carro,Publico,BUCARAMANGA
MUK13F,Moto,Motocicleta,COLOMBIA
XPA642,Carro,Particular,BARRANQUILLA
TTM67R,Moto,Motocicleta,COLOMBIA
TWX844,Carro,Oficial,PEREIRA
YBK745,Carro,Oficial,CUCUTA
WVK851,Carro,Publico,BARRANQUILLA
ZRC502,Carro,Particular,CUCUTA
VEB118,Carro,Publico,ENVIGADO
DVN14B,Moto,Motocicleta,COLOMBIA
BGV457,Carro,Oficial,MEDELLIN
DBN15U,Moto,Motocicleta,COLOMBIA
URT85B,Moto,Motocicleta,COLOMBIA
YZA472,Carro,Particular,CALI
XMB28Q,Moto,Motocicleta,COLOMBIA
NMB47M,Moto,Motocicleta,COLOMBIA
MRS659,Carro,Oficial,ENVIGADO
KRH378,Carro,Oficial,PEREIRA
VRK108,Carro,Particular,BARRANQUILLA
ITA717,Carro,Particular,PASTO
JCZ987,Carro,Oficial,MANIZALES
YTY791,Carro,Particular,PASTO
LCC124,Carro,Oficial,BOGOTA D.C.
XYX38S,Moto,Motocicleta,COLOMBIA
TWW999,Carro,Particular,PASTO
UHX518,Carro,Oficial,ENVIGADO
JCL367,Carro,Publico,PEREIRA
HBQ82D,Moto,Motocicleta,COLOMBIA
IKJ213,Carro,Particular,MANIZALES
PYD315,Carro,Oficial,IBAGUE
ZWI37Y,Moto,Motocicleta,COLOMBIA
UGG38I,Moto,Motocicleta,COLOMBIA
ZDQ382,Carro,Particular,BARRANQUILLA
YAK407,Carro,Particular,BARRANQUILLA
VTL369,Carro,Particular,ENVIGADO
BZK01N,Moto,Motocicleta,COLOMBIA
PQB493,Carro,Particular,BUCARAMANGA
FBF45C,Moto,Motocicleta,COLOMBIA
YBG74Y,Moto,Motocicleta,COLOMBIA
PXS38S,Moto,Motocicleta,COLOMBIA
THE143,Carro,Publico,PEREIRA
FBJ561,Carro,Particular,BOGOTA D.C.
IBY109,Carro,Oficial,ENVIGADO
VVA21J,Moto,Motocicleta,COLOMBIA
YPA40L,Moto,Motocicleta,COLOMBIA
GDE99C,Moto,Motocicleta,COLOMBIA
EVD44F,Moto,Motocicleta,COLOMBIA
MXY072,Carro,Oficial,MEDELLIN
GGL62C,Moto,Motocicleta,COLOMBIA
YAZ20W,Moto,Motocicleta,COLOMBIA
WSA423,Carro,Particular,BARRANQUILLA
ILT50N,Moto,Motocicleta,COLOMBIA
KAD22W,Moto,Motocicleta,COLOMBIA
TYQ69X,Moto,Motocicleta,COLOMBIA
AJE74Q,Moto,Motocicleta,COLOMBIA
WWK125,Carro,Particular,PASTO
AHV33X,Moto,Motocicleta,COLOMBIA
TNF01D,Moto,Motocicleta,COLOMBIA
SKK00S,Moto,Motocicleta,COLOMBIA
TWN244,Carro,Particular,BUCARAMANGA
UHT78M,Moto,Motocicleta,COLOMBIA
AHX463,Carro,Oficial,CUCUTA
GYA63J,Moto,Motocicleta,COLOMBIA
VZH21A,Moto,Motocicleta,COLOMBIA
PUQ24H,Moto,Motocicleta,COLOMBIA
UBQ58X,Moto,Motocicleta,COLOMBIA
VZX30X,Moto,Motocicleta,COLOMBIA
FJF424,Carro,Publico,IBAGUE
KIH01R,Moto,Motocicleta,COLOMBIA
ZWU10D,Moto,Motocicleta,COLOMBIA
DAR33F,Moto,Motocicleta,COLOMBIA
VEP229,Carro,Oficial,PASTO
XDX325,Carro,Publico,PEREIRA
CVG605,Carro,Particular,MANIZALES
JLY11D,Moto,Motocicleta,COLOMBIA
KXM08Q,Moto,Motocicleta,COLOMBIA
LCY34X,Moto,Motocicleta,COLOMBIA
SFF35Z,Moto,Motocicleta,COLOMBIA
WGG978,Carro,Publico,CUCUTA
IPA296,Carro,Oficial,BUCARAMANGA
PST55J,Moto,Motocicleta,COLOMBIA
DTL099,Carro,Publico,MEDELLIN
RFT613,Carro,Publico,MEDELLIN
CTL14P,Moto,Motocicleta,COLOMBIA
LEK24X,Moto,Motocicleta,COLOMBIA
WSZ79A,Moto,Motocicleta,COLOMBIA
CCB41K,Moto,Motocicleta,COLOMBIA
DLI803,Carro,Particular,ENVIGADO
RSG043,Carro,Particular,MEDELLIN
KTG974,Carro,Publico,BARRANQUILLA
AMP269,Carro,Particular,CUCUTA
LBA49C,Moto,Motocicleta,COLOMBIA
LNA934,Carro,Particular,BARRANQUILLA
EVF112,Carro,Particular,BUCARAMANGA
PNN96R,Moto,Motocicleta,COLOMBIA
KPY946,Carro,Particular,PEREIRA
WNV900,Carro,Particular,MEDELLIN
JPL100,Carro,Publico,BARRANQUILLA
HFK052,Carro,Particular,BUCARAMANGA
UNA80J,Moto,Motocicleta,COLOMBIA
DER37U,Moto,Motocicleta,COLOMBIA
KBN628,Carro,Publico,BOGOTA D.C.
NSD53F,Moto,Motocicleta,COLOMBIA
GWR37Y,Moto,Motocicleta,COLOMBIA
VHC35E,Moto,Motocicleta,COLOMBIA
FWR64L,Moto,Motocicleta,COLOMBIA
EDG74K,Moto,Motocicleta,COLOMBIA
KZB14L,Moto,Motocicleta,COLOMBIA
EII036,Carro,Oficial,MANIZALES
NEU843,Carro,Particular,ENVIGADO
NEA84L,Moto,Motocicleta,COLOMBIA
ZKE385,Carro,Oficial,BARRANQUILLA
QFB95R,Moto,Motocicleta,COLOMBIA
JDD69J,Moto,Motocicleta,COLOMBIA
XMB48L,Moto,Motocicleta,COLOMBIA
MXT85E,Moto,Motocicleta,COLOMBIA
RAS706,Carro,Publico,IBAGUE
KLS25P,Moto,Motocicleta,COLOMBIA
WBK92M,Moto,Motocicleta,COLOMBIA
BXG524,Carro,Publico,MEDELLIN
JMU106,Carro,Publico,BARRANQUILLA
ZVL29K,Moto,Motocicleta,COLOMBIA
FZW79A,Moto,Motocicleta,COLOMBIA
SNU65R,Moto,Motocicleta,COLOMBIA
YJQ01M,Moto,Motocicleta,COLOMBIA
QDF71G,Moto,Motocicleta,COLOMBIA
LRE97F,Moto,Motocicleta,COLOMBIA
YXX89T,Moto,Motocicleta,COLOMBIA
IFT406,Carro,Publico,BARRANQUILLA
NQZ577,Carro,Particular,CUCUTA
PTY304,Carro,Publico,CALI
GQZ364,Carro,Oficial,ENVIGADO
GBI631,Carro,Particular,PASTO
SJX50R,Moto,Motocicleta,COLOMBIA
NXW341,Carro,Oficial,BOGOTA D.C.
EEA399,Carro,Particular,TUNJA
TBV10C,Moto,Motocicleta,COLOMBIA
HNA568,Carro,Particular,MANIZALES
EVL84P,Moto,Motocicleta,COLOMBIA
FHA69W,Moto,Motocicleta,COLOMBIA
YZD22Y,Moto,Motocicleta,COLOMBIA
AID733,Carro,Oficial,BARRANQUILLA
MWT947,Carro,Oficial,TUNJA
IEE698,Carro,Publico,PASTO
MCF781,Carro,Particular,PEREIRA
PLM54C,Moto,Motocicleta,COLOMBIA
DZY216,Carro,Particular,BOGOTA D.C.
BAQ707,Carro,Oficial,PEREIRA
GLZ44N,Moto,Motocicleta,COLOMBIA
MRP990,Carro,Publico,CALI
SVB26Q,Moto,Motocicleta,COLOMBIA
FYT220,Carro,Publico,BOGOTA D.C.
RAV610,Carro,Particular,MANIZALES
KVR455,Carro,Oficial,IBAGUE
TRE73P,Moto,Motocicleta,COLOMBIA
RIG34Q,Moto,Motocicleta,COLOMBIA
VTC96R,Moto,Motocicleta,COLOMBIA
SYK543,Carro,Publico,IBAGUE
KTY45E,Moto,Motocicleta,COLOMBIA
ZGY08Y,Moto,Motocicleta,COLOMBIA
DJI069,Carro,Publico,PEREIRA
UFP85I,Moto,Motocicleta,COLOMBIA
ZAN775,Carro,Publico,BARRANQUILLA
EMC696,Carro,Publico,IBAGUE
ZDR70K,Moto,Motocicleta,COLOMBIA
LBC53M,Moto,Motocicleta,COLOMBIA
NAH893,Carro,Particular,PASTO
PKL677,Carro,Particular,BARRANQUILLA
QZW46X,Moto,Motocicleta,COLOMBIA
KHG44K,Moto,Motocicleta,COLOMBIA
RBV84B,Moto,Motocicleta,COLOMBIA
HHV544,Carro,Particular,CALI
PXA758,Carro,Particular,IBAGUE
IWR010,Carro,Particular,CALI
SWA14U,Moto,Motocicleta,COLOMBIA
ZDF18V,Moto,Motocicleta,COLOMBIA
KTF457,Carro,Oficial,BUCARAMANGA
MCN33P,Moto,Motocicleta,COLOMBIA
FIT672,Carro,Oficial,BARRANQUILLA
CPH90Q,Moto,Motocicleta,COLOMBIA
MCD742,Carro,Particular,PASTO
DVW278,Carro,Particular,MANIZALES
CEV70Y,Moto,Motocicleta,COLOMBIA
DWS58V,Moto,Motocicleta,COLOMBIA
KPZ16T,Moto,Motocicleta,COLOMBIA
QBB240,Carro,Publico,BARRANQUILLA
ZUF16J,Moto,Motocicleta,COLOMBIA
MGP277,Carro,Particular,BUCARAMANGA
HVF143,Carro,Oficial,CALI
WVA36E,Moto,Motocicleta,COLOMBIA
VRP66J,Moto,Motocicleta,COLOMBIA
MWF366,Carro,Particular,CALI
DAC56D,Moto,Motocicleta,COLOMBIA
EFA34T,Moto,Motocicleta,COLOMBIA
WVP350,Carro,Oficial,TUNJA
WYI702,Carro,Oficial,BUCARAMANGA
JMC122,Carro,Publico,ENVIGADO
CRN435,Carro,Publico,TUNJA
KKE938,Carro,Publico,MANIZALES
LZB14H,Moto,Motocicleta,COLOMBIA
UPN233,Carro,Oficial,BARRANQUILLA
NEN341,Carro,Particular,IBAGUE
PWL71W,Moto,Motocicleta,COLOMBIA
NFE838,Carro,Publico,BARRANQUILLA
CPX105,Carro,Particular,PEREIRA
LSD322,Carro,Oficial,IBAGUE
ADN439,Carro,Particular,IBAGUE
CER47I,Moto,Motocicleta,COLOMBIA
CSL014,Carro,Publico,BARRANQUILLA
BVZ14F,Moto,Motocicleta,COLOMBIA
CWT506,Carro,Publico,ENVIGADO
ZDH00G,Moto,Motocicleta,COLOMBIA
QYB714,Carro,Publico,PASTO
CQR949,Carro,Oficial,PASTO
AQD616,Carro,Oficial,BOGOTA D.C.
PPI902,Carro,Oficial,BUCARAMANGA
TNC596,Carro,Oficial,PEREIRA
IXY09R,Moto,Motocicleta,COLOMBIA
YJP96M,Moto,Motocicleta,COLOMBIA
DAF857,Carro,Particular,BUCARAMANGA
LCT153,Carro,Particular,IBAGUE
XPB907,Carro,Particular,MEDELLIN
CYJ29J,Moto,Motocicleta,COLOMBIA
SJU11T,Moto,Motocicleta,COLOMBIA
WEC018,Carro,Particular,IBAGUE
KUI60Z,Moto,Motocicleta,COLOMBIA
LVE24K,Moto,Motocicleta,COLOMBIA
IBW042,Carro,Particular,CUCUTA
NCB002,Carro,Particular,MANIZALES
HRE146,Carro,Publico,MANIZALES
AJW315,Carro,Oficial,TUNJA
RGD30C,Moto,Motocicleta,COLOMBIA
CTW09C,Moto,Motocicleta,COLOMBIA
HLG84S,Moto,Motocicleta,COLOMBIA
DKK28B,Moto,Motocicleta,COLOMBIA
SEG663,Carro,Publico,PASTO
ABZ17J,Moto,Motocicleta,COLOMBIA
MAT774,Carro,Publico,IBAGUE
ZGF189,Carro,Particular,BARRANQUILLA
UIB40L,Moto,Motocicleta,COLOMBIA
YDG636,Carro,Oficial,MEDELLIN
UNW630,Carro,Oficial,CUCUTA
VPI24C,Moto,Motocicleta,COLOMBIA
VVC39X,Moto,Motocicleta,COLOMBIA
SLN05P,Moto,Motocicleta,COLOMBIA
CWA116,Carro,Oficial,CALI
EPN22M,Moto,Motocicleta,COLOMBIA
TMV36N,Moto,Motocicleta,COLOMBIA
FBF439,Carro,Publico,TUNJA
ZWE99L,Moto,Motocicleta,COLOMBIA
TLK806,Carro,Particular,MANIZALES
DSI01U,Moto,Motocicleta,COLOMBIA
JRZ124,Carro,Oficial,MANIZALES
VRM46F,Moto,Motocicleta,COLOMBIA
MUG752,Carro,Particular,ENVIGADO
RJY80L,Moto,Motocicleta,COLOMBIA
XFM680,Carro,Particular,BOGOTA D.C.
LCC485,Carro,Oficial,BARRANQUILLA
MTE630,Carro,Particular,ENVIGADO
ZBN71U,Moto,Motocicleta,COLOMBIA
UND32U,Moto,Motocicleta,COLOMBIA
NYW73L,Moto,Motocicleta,COLOMBIA
VIL67D,Moto,Motocicleta,COLOMBIA
YPI227,Carro,Publico,CALI
SPZ92W,Moto,Motocicleta,COLOMBIA
DFF087,Carro,Particular,BARRANQUILLA
UCX073,Carro,Oficial,BOGOTA D.C.
NYT16C,Moto,Motocicleta,COLOMBIA
HNJ56T,Moto,Motocicleta,COLOMBIA
TCB101,Carro,Publico,BUCARAMANGA
AME40K,Moto,Motocicleta,COLOMBIA
AGJ354,Carro,Publico,BARRANQUILLA
XQB395,Carro,Oficial,BUCARAMANGA
GLZ52D,Moto,Motocicleta,COLOMBIA
VFQ054,Carro,Oficial,MEDELLIN
SGB704,Carro,Particular,TUNJA
GKS528,Carro,Oficial,ENVIGADO
SBT46Q,Moto,Motocicleta,COLOMBIA
SUA484,Carro,Publico,MEDELLIN
FMT312,Carro,Particular,BARRANQUILLA
NAU13Z,Moto,Motocicleta,COLOMBIA
BGD35V,Moto,Motocicleta,COLOMBIA
SWX220,Carro,Particular,PEREIRA
TGY556,Carro,Publico,IBAGUE
HJQ84U,Moto,Motocicleta,COLOMBIA
SKM932,Carro,Publico,BARRANQUILLA
TZR55J,Moto,Motocicleta,COLOMBIA
LCW09J,Moto,Motocicleta,COLOMBIA
FGJ49J,Moto,Motocicleta,COLOMBIA
NML916,Carro,Publico,CUCUTA
TYS24Z,Moto,Motocicleta,COLOMBIA
BHZ019,Carro,Oficial,PEREIRA
SES204,Carro,Oficial,CALI
CQQ02Y,Moto,Motocicleta,COLOMBIA
QNK52Z,Moto,Motocicleta,COLOMBIA
IKY082,Carro,Publico,BUCARAMANGA
TMW79D,Moto,Motocicleta,COLOMBIA
NIT52T,Moto,Motocicleta,COLOMBIA
ZYK64F,Moto,Motocicleta,COLOMBIA
RGK08T,Moto,Motocicleta,COLOMBIA
QAD11C,Moto,Motocicleta,COLOMBIA
RQN34X,Moto,Motocicleta,COLOMBIA
GRN781,Carro,Oficial,CALI
JTM230,Carro,Oficial,CUCUTA
DMP284,Carro,Oficial,IBAGUE
SJJ73Z,Moto,Motocicleta,COLOMBIA
NFS34G,Moto,Motocicleta,COLOMBIA
DBG857,Carro,Particular,ENVIGADO
IIA203,Carro,Particular,BUCARAMANGA
RFA590,Carro,Oficial,MEDELLIN
VFB808,Carro,Publico,BARRANQUILLA
VFI829,Carro,Particular,IBAGUE
JYD28F,Moto,Motocicleta,COLOMBIA
WSY122,Carro,Publico,CUCUTA
QAI681,Carro,Publico,PASTO
VWP57H,Moto,Motocicleta,COLOMBIA
KQX882,Carro,Oficial,PEREIRA
YKE712,Carro,Particular,BARRANQUILLA
ZAN08Z,Moto,Motocicleta,COLOMBIA
INA433,Carro,Particular,CUCUTA
JMR560,Carro,Publico,PASTO
TRG270,Carro,Oficial,TUNJA
BVY587,Carro,Oficial,CALI
LTT266,Carro,Oficial,PASTO
EUX78Y,Moto,Motocicleta,COLOMBIA
KDJ60P,Moto,Motocicleta,COLOMBIA
CHV882,Carro,Publico,IBAGUE
TFA894,Carro,Particular,CUCUTA
WQW520,Carro,Oficial,CALI
HNY06W,Moto,Motocicleta,COLOMBIA
HPR742,Carro,Oficial,CUCUTA
JTY189,Carro,Particular,ENVIGADO
BCY43F,Moto,Motocicleta,COLOMBIA
DEE11C,Moto,Motocicleta,COLOMBIA
WMJ26D,Moto,Motocicleta,COLOMBIA
IQU79E,Moto,Motocicleta,COLOMBIA
KYG73V,Moto,Motocicleta,COLOMBIA
WIG35Z,Moto,Motocicleta,COLOMBIA
YJC503,Carro,Publico,CUCUTA
AHH349,Carro,Particular,IBAGUE
GXV22B,Moto,Motocicleta,COLOMBIA
NLE697,Carro,Particular,BUCARAMANGA
BEW467,Carro,Publico,TUNJA
INJ531,Carro,Publico,CALI
TAJ514,Carro,Particular,IBAGUE
PZK69B,Moto,Motocicleta,COLOMBIA
SLP55M,Moto,Motocicleta,COLOMBIA
AJW41R,Moto,Motocicleta,COLOMBIA
DEB929,Carro,Particular,MEDELLIN
IZA47B,Moto,Motocicleta,COLOMBIA
QYB30V,Moto,Motocicleta,COLOMBIA
EYJ95I,Moto,Motocicleta,COLOMBIA
QTP899,Carro,Particular,IBAGUE
BGK16D,Moto,Motocicleta,COLOMBIA
TTM09J,Moto,Motocicleta,COLOMBIA
FAU10A,Moto,Motocicleta,COLOMBIA
DVP003,Carro,Oficial,BOGOTA D.C.
PAT74L,Moto,Motocicleta,COLOMBIA
KJT776,Carro,Oficial,PASTO
VTX11E,Moto,Motocicleta,COLOMBIA
YPE29C,Moto,Motocicleta,COLOMBIA
JFP73N,Moto,Motocicleta,COLOMBIA
SLJ080,Carro,Particular,IBAGUE
QXG16X,Moto,Motocicleta,COLOMBIA
TWS08U,Moto,Motocicleta,COLOMBIA
SKC93T,Moto,Motocicleta,COLOMBIA
JAP81S,Moto,Motocicleta,COLOMBIA
UEQ90V,Moto,Motocicleta,COLOMBIA
PNJ226,Carro,Particular,MANIZALES
TMS682,Carro,Particular,MANIZALES
LSU48K,Moto,Motocicleta,COLOMBIA
DTU800,Carro,Publico,CALI
WJG365,Carro,Publico,PEREIRA
GHL98K,Moto,Motocicleta,COLOMBIA
UBC90V,Moto,Motocicleta,COLOMBIA
PEA82K,Moto,Motocicleta,COLOMBIA
QYU751,Carro,Oficial,BUCARAMANGA
GNQ88U,Moto,Motocicleta,COLOMBIA
YWP51T,Moto,Motocicleta,COLOMBIA
RQJ524,Carro,Particular,BARRANQUILLA
UFQ22N,Moto,Motocicleta,COLOMBIA
GCU95T,Moto,Motocicleta,COLOMBIA
ATV22U,Moto,Motocicleta,COLOMBIA
JRJ260,Carro,Publico,PASTO
NHU644,Carro,Publico,BUCARAMANGA
TWV090,Carro,Publico,CALI
PXA49N,Moto,Motocicleta,COLOMBIA
QCP08N,Moto,Motocicleta,COLOMBIA
AIR795,Carro,Publico,BUCARAMANGA
LBA22M,Moto,Motocicleta,COLOMBIA
QUQ658,Carro,Oficial,BOGOTA D.C.
VPF310,Carro,Oficial,CALI
WGJ75L,Moto,Motocicleta,COLOMBIA
RNJ178,Carro,Oficial,BUCARAMANGA
IFG127,Carro,Publico,CALI
CLI606,Carro,Oficial,IBAGUE
BWN811,Carro,Oficial,PASTO
BPD29T,Moto,Motocicleta,COLOMBIA
QVI249,Carro,Oficial,BOGOTA D.C.
VTQ011,Carro,Particular,BARRANQUILLA
TJC732,Carro,Publico,BARRANQUILLA
KXA59U,Moto,Motocicleta,COLOMBIA
ILU53B,Moto,Motocicleta,COLOMBIA
GFJ303,Carro,Oficial,PASTO
IGV09G,Moto,Motocicleta,COLOMBIA
EEH126,Carro,Publico,ENVIGADO
HMM050,Carro,Particular,ENVIGADO
XGZ26J,Moto,Motocicleta,COLOMBIA
AFR36P,Moto,Motocicleta,COLOMBIA
DDM929,Carro,Particular,MANIZALES
WIL769,Carro,Particular,BOGOTA D.C.
IHM36U,Moto,Motocicleta,COLOMBIA
PMM072,Carro,Publico,IBAGUE
BHD77E,Moto,Motocicleta,COLOMBIA
SLE910,Carro,Publico,CUCUTA
RHL944,Carro,Particular,MEDELLIN
CKP29Y,Moto,Motocicleta,COLOMBIA
HZD33R,Moto,Motocicleta,COLOMBIA
YHY14A,Moto,Motocicleta,COLOMBIA
CYK29T,Moto,Motocicleta,COLOMBIA
GVT56G,Moto,Motocicleta,COLOMBIA
QMH60T,Moto,Motocicleta,COLOMBIA
NMF042,Carro,Particular,PASTO
CLT87J,Moto,Motocicleta,COLOMBIA
JLS02F,Moto,Motocicleta,COLOMBIA
FYY310,Carro,Oficial,MANIZALES
LWY626,Carro,Oficial,BUCARAMANGA
ALY790,Carro,Publico,BOGOTA D.C.
WXG77K,Moto,Motocicleta,COLOMBIA
XCP95D,Moto,Motocicleta,COLOMBIA
PFT88V,Moto,Motocicleta,COLOMBIA
KFP509,Carro,Oficial,PEREIRA
CCK299,Carro,Oficial,MEDELLIN
UIY30T,Moto,Motocicleta,COLOMBIA
CMV88H,Moto,Motocicleta,COLOMBIA
AQL320,Carro,Particular,CALI
VWI53F,Moto,Motocicleta,COLOMBIA
HKG996,Carro,Publico,MEDELLIN
SNH158,Carro,Oficial,TUNJA
PMA491,Carro,Publico,MEDELLIN
IBQ920,Carro,Oficial,BOGOTA D.C.
QGD154,Carro,Particular,ENVIGADO
XKP79Y,Moto,Motocicleta,COLOMBIA
FMG621,Carro,Publico,MEDELLIN
SEK452,Carro,Publico,MEDELLIN
FQL74C,Moto,Motocicleta,COLOMBIA
TXK68B,Moto,Motocicleta,COLOMBIA
FTX367,Carro,Particular,TUNJA
WAL510,Carro,Particular,BOGOTA D.C.
FIP83Z,Moto,Motocicleta,COLOMBIA
TVG339,Carro,Publico,PEREIRA
ETF353,Carro,Particular,MANIZALES
ZHD929,Carro,Oficial,BARRANQUILLA
BKR26Z,Moto,Motocicleta,COLOMBIA
XJL33D,Moto,Motocicleta,COLOMBIA
NIV393,Carro,Particular,MANIZALES
FRC971,Carro,Publico,CALI
RUC222,Carro,Publico,PEREIRA
BFZ72R,Moto,Motocicleta,COLOMBIA
HCI03V,Moto,Motocicleta,COLOMBIA
WTD52W,Moto,Motocicleta,COLOMBIA
XFJ20M,Moto,Motocicleta,COLOMBIA
VVF854,Carro,Publico,BARRANQUILLA
NCP588,Carro,Particular,MEDELLIN
TUD251,Carro,Publico,TUNJA
EQJ255,Carro,Oficial,IBAGUE
RYB581,Carro,Oficial,BOGOTA D.C.
ZLZ11W,Moto,Motocicleta,COLOMBIA
JBV46J,Moto,Motocicleta,COLOMBIA
XAQ19B,Moto,Motocicleta,COLOMBIA
GVM578,Carro,Publico,MEDELLIN
ZYQ128,Carro,Particular,ENVIGADO
HWJ485,Carro,Particular,MANIZALES
JII56S,Moto,Motocicleta,COLOMBIA
YQS89Y,Moto,Motocicleta,COLOMBIA
DGA685,Carro,Oficial,PASTO
RIH695,Carro,Oficial,CALI
HPW819,Carro,Oficial,BOGOTA D.C.
TEI335,Carro,Particular,PEREIRA
UVS261,Carro,Oficial,PEREIRA
DRD08U,Moto,Motocicleta,COLOMBIA
MFG78B,Moto,Motocicleta,COLOMBIA
NGE021,Carro,Publico,CALI
XCQ67F,Moto,Motocicleta,COLOMBIA
WSY158,Carro,Publico,MEDELLIN
EXE978,Carro,Oficial,MEDELLIN
SSC113,Carro,Publico,PASTO
XZQ889,Carro,Particular,TUNJA
IHN05E,Moto,Motocicleta,COLOMBIA
YYC131,Carro,Oficial,BUCARAMANGA
XGA732,Carro,Oficial,IBAGUE
BPB96D,Moto,Motocicleta,COLOMBIA
XFI858,Carro,Particular,BUCARAMANGA
EQR96U,Moto,Motocicleta,COLOMBIA
IIF08X,Moto,Motocicleta,COLOMBIA
HML651,Carro,Publico,TUNJA
BAH420,Carro,Publico,BARRANQUILLA
IIA127,Carro,Particular,MANIZALES
JLV84J,Moto,Motocicleta,COLOMBIA
JSE00D,Moto,Motocicleta,COLOMBIA
PPD29D,Moto,Motocicleta,COLOMBIA
IEA80I,Moto,Motocicleta,COLOMBIA
VFV250,Carro,Oficial,CALI
HXM81W,Moto,Motocicleta,COLOMBIA
SRR654,Carro,Publico,ENVIGADO
BDY51A,Moto,Motocicleta,COLOMBIA
VCZ46B,Moto,Motocicleta,COLOMBIA
TND586,Carro,Particular,PEREIRA
WKP09S,Moto,Motocicleta,COLOMBIA
UZH709,Carro,Particular,PEREIRA
PQC79N,Moto,Motocicleta,COLOMBIA
JVJ19E,Moto,Motocicleta,COLOMBIA
MLZ64H,Moto,Motocicleta,COLOMBIA
UVW38K,Moto,Motocicleta,COLOMBIA
RRR10X,Moto,Motocicleta,COLOMBIA
KTZ963,Carro,Oficial,ENVIGADO
NTB94Y,Moto,Motocicleta,COLOMBIA
MAI630,Carro,Oficial,CUCUTA
UYW234,Carro,Publico,MANIZALES
XKS20U,Moto,Motocicleta,COLOMBIA
ETL82P,Moto,Motocicleta,COLOMBIA
BSH85K,Moto,Motocicleta,COLOMBIA
PIC831,Carro,Particular,BOGOTA D.C.
CMS510,Carro,Particular,IBAGUE
ZDN174,Carro,Particular,CUCUTA
GWJ71D,Moto,Motocicleta,COLOMBIA
VCW820,Carro,Publico,CUCUTA
JMX42T,Moto,Motocicleta,COLOMBIA
RSY36E,Moto,Motocicleta,COLOMBIA
ZGM336,Carro,Particular,TUNJA
BUC92Q,Moto,Motocicleta,COLOMBIA
JSM17J,Moto,Motocicleta,COLOMBIA
ATJ71K,Moto,Motocicleta,COLOMBIA
TCY772,Carro,Publico,IBAGUE
VAZ223,Carro,Particular,PASTO
FBZ117,Carro,Particular,TUNJA
TTV176,Carro,Publico,CUCUTA
DWM792,Carro,Particular,MANIZALES
QXN32B,Moto,Motocicleta,COLOMBIA
HVK880,Carro,Publico,BOGOTA D.C.
UTN61W,Moto,Motocicleta,COLOMBIA
RVD202,Carro,Particular,IBAGUE
YHP04J,Moto,Motocicleta,COLOMBIA
SIZ489,Carro,Particular,CUCUTA
WCW74Z,Moto,Motocicleta,COLOMBIA
WHU494,Carro,Oficial,BOGOTA D.C.
YKA37U,Moto,Motocicleta,COLOMBIA
HWT79P,Moto,Motocicleta,COLOMBIA
XKY847,Carro,Publico,CALI
FKT85S,Moto,Motocicleta,COLOMBIA
IMP728,Carro,Oficial,PEREIRA
QLR960,Carro,Particular,MEDELLIN
JZQ77Y,Moto,Motocicleta,COLOMBIA
LYZ168,Carro,Oficial,IBAGUE
ZXY05P,Moto,Motocicleta,COLOMBIA
NKC192,Carro,Publico,MANIZALES
CHB789,Carro,Oficial,BOGOTA D.C.
QSJ06B,Moto,Motocicleta,COLOMBIA
WRH109,Carro,Particular,BUCARAMANGA
GDZ450,Carro,Publico,CALI
SEM556,Carro,Oficial,MANIZALES
SSL63L,Moto,Motocicleta,COLOMBIA
IUU41Q,Moto,Motocicleta,COLOMBIA
WPT73G,Moto,Motocicleta,COLOMBIA
TSK737,Carro,Publico,PASTO
YSG05H,Moto,Motocicleta,COLOMBIA
PAB081,Carro,Oficial,CUCUTA
PKX13T,Moto,Motocicleta,COLOMBIA
XRA385,Carro,Particular,BUCARAMANGA
LSP072,Carro,Particular,MANIZALES
FPQ129,Carro,Publico,IBAGUE
RML74T,Moto,Motocicleta,COLOMBIA
JHP68Q,Moto,Motocicleta,COLOMBIA
AJR381,Carro,Oficial,BARRANQUILLA
NMM239,Carro,Particular,BARRANQUILLA
RJZ055,Carro,Publico,IBAGUE
BAJ630,Carro,Oficial,BARRANQUILLA
IVU244,Carro,Publico,ENVIGADO
UBW28K,Moto,Motocicleta,COLOMBIA
PTS16Z,Moto,Motocicleta,COLOMBIA
BUJ577,Carro,Publico,MEDELLIN
QQN976,Carro,Oficial,CALI
YHJ524,Carro,Publico,BOGOTA D.C.
HIT914,Carro,Particular,MEDELLIN
KAA04B,Moto,Motocicleta,COLOMBIA
KUN67X,Moto,Motocicleta,COLOMBIA
IBL089,Carro,Publico,IBAGUE
UDV15N,Moto,Motocicleta,COLOMBIA
XVL58I,Moto,Motocicleta,COLOMBIA
TYD591,Carro,Particular,ENVIGADO
QRR480,Carro,Oficial,BOGOTA D.C.
ENV435,Carro,Publico,BUCARAMANGA
XZT441,Carro,Publico,CUCUTA
PND929,Carro,Publico,BARRANQUILLA
ERX402,Carro,Publico,ENVIGADO
VKF32Z,Moto,Motocicleta,COLOMBIA
VLS97D,Moto,Motocicleta,COLOMBIA
KWU366,Carro,Particular,PEREIRA
UDT326,Carro,Publico,IBAGUE
DBJ43R,Moto,Motocicleta,COLOMBIA
HAG334,Carro,Oficial,BOGOTA D.C.
DLI36I,Moto,Motocicleta,COLOMBIA
MCJ01E,Moto,Motocicleta,COLOMBIA
YZQ104,Carro,Particular,IBAGUE
QKV05X,Moto,Motocicleta,COLOMBIA
DLJ389,Carro,Particular,IBAGUE
EJS08I,Moto,Motocicleta,COLOMBIA
HZP588,Carro,Particular,BOGOTA D.C.
BEY74B,Moto,Motocicleta,COLOMBIA
MYY843,Carro,Oficial,TUNJA
YGH69Z,Moto,Motocicleta,COLOMBIA
WCX805,Carro,Oficial,TUNJA
CVM395,Carro,Oficial,IBAGUE
ZGL559,Carro,Particular,BUCARAMANGA
NMX53W,Moto,Motocicleta,COLOMBIA
JJH461,Carro,Publico,CALI
CSH005,Carro,Oficial,BUCARAMANGA
QDQ84Z,Moto,Motocicleta,COLOMBIA
PNF568,Carro,Publico,MANIZALES
DIX57D,Moto,Motocicleta,COLOMBIA
UTV501,Carro,Particular,IBAGUE
EME356,Carro,Publico,MANIZALES
SBQ763,Carro,Publico,BUCARAMANGA
ZEZ858,Carro,Publico,TUNJA
JCG823,Carro,Oficial,BARRANQUILLA
XYT035,Carro,Particular,MEDELLIN
PKJ348,Carro,Oficial,BARRANQUILLA
QBB61D,Moto,Motocicleta,COLOMBIA
ASB36F,Moto,Motocicleta,COLOMBIA
DGP919,Carro,Particular,ENVIGADO
MXN47B,Moto,Motocicleta,COLOMBIA
GNX225,Carro,Oficial,MANIZALES
QSS11K,Moto,Motocicleta,COLOMBIA
WBU069,Carro,Publico,IBAGUE
KFP517,Carro,Publico,MANIZALES
TNI82C,Moto,Motocicleta,COLOMBIA
AFG076,Carro,Publico,BUCARAMANGA
WZP99B,Moto,Motocicleta,COLOMBIA
HUD291,Carro,Publico,BOGOTA D.C.
LLP80L,Moto,Motocicleta,COLOMBIA
EWU040,Carro,Particular,MANIZALES
UIJ394,Carro,Oficial,BOGOTA D.C.
WYT20Z,Moto,Motocicleta,COLOMBIA
YXC98U,Moto,Motocicleta,COLOMBIA
RJS30I,Moto,Motocicleta,COLOMBIA
IIS683,Carro,Oficial,BOGOTA D.C.
UES46F,Moto,Motocicleta,COLOMBIA
RTU114,Carro,Publico,IBAGUE
NID866,Carro,Oficial,IBAGUE
QBC739,Carro,Publico,MEDELLIN
YTB82X,Moto,Motocicleta,COLOMBIA
KRT61M,Moto,Motocicleta,COLOMBIA
UDI16X,Moto,Motocicleta,COLOMBIA
KWD641,Carro,Particular,BUCARAMANGA
WQZ51W,Moto,Motocicleta,COLOMBIA
KTM57N,Moto,Motocicleta,COLOMBIA
QMM048,Carro,Oficial,BOGOTA D.C.
GWH609,Carro,Particular,BARRANQUILLA
VWZ91D,Moto,Motocicleta,COLOMBIA
WAQ284,Carro,Oficial,CALI
ETL64T,Moto,Motocicleta,COLOMBIA
FDP80I,Moto,Motocicleta,COLOMBIA
CEI946,Carro,Particular,MANIZALES
MEA624,Carro,Oficial,PASTO
ZAV47X,Moto,Motocicleta,COLOMBIA
QXG768,Carro,Oficial,BUCARAMANGA
ABW76I,Moto,Motocicleta,COLOMBIA
VBF96L,Moto,Motocicleta,COLOMBIA
EXI045,Carro,Particular,ENVIGADO
JJE82P,Moto,Motocicleta,COLOMBIA
QJL689,Carro,Particular,MANIZALES
MFT792,Carro,Oficial,CALI
RNW44K,Moto,Motocicleta,COLOMBIA
XVI442,Carro,Oficial,PEREIRA
RHQ735,Carro,Particular,PEREIRA
DEW230,Carro,Particular,ENVIGADO
HWM229,Carro,Oficial,IBAGUE
WWV62W,Moto,Motocicleta,COLOMBIA
UEG440,Carro,Oficial,ENVIGADO
FCU26P,Moto,Motocicleta,COLOMBIA
MZT15K,Moto,Motocicleta,COLOMBIA
ZZA32D,Moto,Motocicleta,COLOMBIA
YMC299,Carro,Oficial,IBAGUE
FVA78B,Moto,Motocicleta,COLOMBIA
TNK77K,Moto,Motocicleta,COLOMBIA
YKG57B,Moto,Motocicleta,COLOMBIA
AFZ622,Carro,Publico,ENVIGADO
NRV11U,Moto,Motocicleta,COLOMBIA
BTL382,Carro,Oficial,IBAGUE
HWM757,Carro,Oficial,BUCARAMANGA
NBR49W,Moto,Motocicleta,COLOMBIA
HZP488,Carro,Oficial,IBAGUE
PGM74E,Moto,Motocicleta,COLOMBIA
VIV65J,Moto,Motocicleta,COLOMBIA
CBJ51G,Moto,Motocicleta,COLOMBIA
ZUQ326,Carro,Publico,ENVIGADO
NTM800,Carro,Oficial,MANIZALES
XHT92F,Moto,Motocicleta,COLOMBIA
LGA99W,Moto,Motocicleta,COLOMBIA
YSG917,Carro,Particular,MEDELLIN
FZF53Y,Moto,Motocicleta,COLOMBIA
YEY203,Carro,Particular,BUCARAMANGA
FYA752,Carro,Oficial,BUCARAMANGA
QAJ851,Carro,Publico,CALI
EBL79X,Moto,Motocicleta,COLOMBIA
FCT31Q,Moto,Motocicleta,COLOMBIA
ANQ131,Carro,Publico,BARRANQUILLA
SCY55X,Moto,Motocicleta,COLOMBIA
CVE35X,Moto,Motocicleta,COLOMBIA
EFK665,Carro,Particular,CALI
HUX25F,Moto,Motocicleta,COLOMBIA
MLC964,Carro,Oficial,PASTO
JDM943,Carro,Oficial,ENVIGADO
VED15K,Moto,Motocicleta,COLOMBIA
VFC167,Carro,Particular,BARRANQUILLA
VZM90V,Moto,Motocicleta,COLOMBIA
FXD50Z,Moto,Motocicleta,COLOMBIA
YCR802,Carro,Oficial,PEREIRA
MXC79D,Moto,Motocicleta,COLOMBIA
MCZ036,Carro,Particular,MANIZALES
CEU87B,Moto,Motocicleta,COLOMBIA
UGZ66L,Moto,Motocicleta,COLOMBIA
ZLJ83L,Moto,Motocicleta,COLOMBIA
UYD642,Carro,Particular,CALI
SXB321,Carro,Publico,BUCARAMANGA
FBL05K,Moto,Motocicleta,COLOMBIA
RYT96P,Moto,Motocicleta,COLOMBIA
IDP790,Carro,Oficial,PASTO
TTM92X,Moto,Motocicleta,COLOMBIA
YDS60Z,Moto,Motocicleta,COLOMBIA
CVA59B,Moto,Motocicleta,COLOMBIA
TQL59F,Moto,Motocicleta,COLOMBIA
PWB60F,Moto,Motocicleta,COLOMBIA
FEF046,Carro,Publico,CUCUTA
FCU317,Carro,Particular,BOGOTA D.C.
QRH510,Carro,Publico,MANIZALES
KYL73M,Moto,Motocicleta,COLOMBIA
FPZ451,Carro,Particular,PASTO
EBQ19H,Moto,Motocicleta,COLOMBIA
IEM105,Carro,Oficial,MEDELLIN
BAD865,Carro,Publico,MEDELLIN
VSQ29T,Moto,Motocicleta,COLOMBIA
NVM761,Carro,Particular,CUCUTA
YNH397,Carro,Publico,IBAGUE
FUW51H,Moto,Motocicleta,COLOMBIA
CDA89H,Moto,Motocicleta,COLOMBIA
QZI896,Carro,Oficial,MANIZALES
AVA51S,Moto,Motocicleta,COLOMBIA
SFH72Q,Moto,Motocicleta,COLOMBIA
FKF950,Carro,Particular,BOGOTA D.C.
UVK38Y,Moto,Motocicleta,COLOMBIA
GDQ640,Carro,Particular,PASTO
ASP066,Carro,Particular,TUNJA
PAC65U,Moto,Motocicleta,COLOMBIA
HLY30P,Moto,Motocicleta,COLOMBIA
GSV19D,Moto,Motocicleta,COLOMBIA
DVH53F,Moto,Motocicleta,COLOMBIA
PZW676,Carro,Oficial,TUNJA
BGR37A,Moto,Motocicleta,COLOMBIA
NBJ833,Carro,Particular,MANIZALES
NSX309,Carro,Oficial,MEDELLIN
JFQ16Y,Moto,Motocicleta,COLOMBIA
KMR28N,Moto,Motocicleta,COLOMBIA
JLI029,Carro,Publico,IBAGUE
ZCI417,Carro,Oficial,BOGOTA D.C.
YZY293,Carro,Oficial,BOGOTA D.C.
DRS063,Carro,Publico,BOGOTA D.C.
LIW99Z,Moto,Motocicleta,COLOMBIA
JPQ61V,Moto,Motocicleta,COLOMBIA
VMB01E,Moto,Motocicleta,COLOMBIA
FQU919,Carro,Publico,MANIZALES
BFS36S,Moto,Motocicleta,COLOMBIA
DHU47I,Moto,Motocicleta,COLOMBIA
JFP82Z,Moto,Motocicleta,COLOMBIA
EPZ949,Carro,Particular,TUNJA
KNQ884,Carro,Publico,MANIZALES
NJB915,Carro,Oficial,MANIZALES
ZTS55P,Moto,Motocicleta,COLOMBIA
KXE308,Carro,Publico,MANIZALES
ZKQ18P,Moto,Motocicleta,COLOMBIA
GUB45S,Moto,Motocicleta,COLOMBIA
VVA784,Carro,Oficial,MEDELLIN
TGL237,Carro,Oficial,PEREIRA
LQQ00Z,Moto,Motocicleta,COLOMBIA
UYI72N,Moto,Motocicleta,COLOMBIA
CQK45I,Moto,Motocicleta,COLOMBIA
SWQ52K,Moto,Motocicleta,COLOMBIA
QPP849,Carro,Oficial,MANIZALES
CHR83S,Moto,Motocicleta,COLOMBIA
RJD456,Carro,Publico,MEDELLIN
DAZ79L,Moto,Motocicleta,COLOMBIA
YHV695,Carro,Publico,BUCARAMANGA
FLX311,Carro,Oficial,CUCUTA
YSP25H,Moto,Motocicleta,COLOMBIA
UDX274,Carro,Particular,MEDELLIN
JJI718,Carro,Oficial,IBAGUE
NWA268,Carro,Oficial,MANIZALES
SWK528,Carro,Oficial,TUNJA
SVP275,Carro,Oficial,TUNJA
XTW994,Carro,Particular,MEDELLIN
ACF18C,Moto,Motocicleta,COLOMBIA
QZB12H,Moto,Motocicleta,COLOMBIA
DUD497,Carro,Oficial,PASTO
ZRY23M,Moto,Motocicleta,COLOMBIA
CGT583,Carro,Oficial,PASTO
NGE303,Carro,Particular,PEREIRA
YLK826,Carro,Publico,IBAGUE
ZKC73Y,Moto,Motocicleta,COLOMBIA
KMX85S,Moto,Motocicleta,COLOMBIA
CNT346,Carro,Particular,MEDELLIN
VUC00Q,Moto,Motocicleta,COLOMBIA
YQU59W,Moto,Motocicleta,COLOMBIA
KVX424,Carro,Oficial,BUCARAMANGA
HBY08M,Moto,Motocicleta,COLOMBIA
CCK436,Carro,Particular,ENVIGADO
ZXF211,Carro,Oficial,CALI
VJM03G,Moto,Motocicleta,COLOMBIA
AFV17E,Moto,Motocicleta,COLOMBIA
YTQ81F,Moto,Motocicleta,COLOMBIA
VHS881,Carro,Oficial,MEDELLIN
FXU332,Carro,Particular,CALI
FDV02V,Moto,Motocicleta,COLOMBIA
ZJL35U,Moto,Motocicleta,COLOMBIA
LSG60T,Moto,Motocicleta,COLOMBIA
KDA30E,Moto,Motocicleta,COLOMBIA
ELR91I,Moto,Motocicleta,COLOMBIA
DZQ27R,Moto,Motocicleta,COLOMBIA
TKH12E,Moto,Motocicleta,COLOMBIA
WUE103,Carro,Publico,ENVIGADO
YAL724,Carro,Particular,CUCUTA
CDR63K,Moto,Motocicleta,COLOMBIA
ZHS86Z,Moto,Motocicleta,COLOMBIA
KUK38H,Moto,Motocicleta,COLOMBIA
RBC79K,Moto,Motocicleta,COLOMBIA
RXY051,Carro,Oficial,ENVIGADO
EHM053,Carro,Particular,MEDELLIN
BSP32R,Moto,Motocicleta,COLOMBIA
BMN40D,Moto,Motocicleta,COLOMBIA
EYD55Y,Moto,Motocicleta,COLOMBIA
QYW486,Carro,Particular,IBAGUE
YRI04M,Moto,Motocicleta,COLOMBIA
VGE01R,Moto,Motocicleta,COLOMBIA
CZX195,Carro,Oficial,TUNJA
QYV03Y,Moto,Motocicleta,COLOMBIA
KAV097,Carro,Oficial,CALI
HPU101,Carro,Publico,MEDELLIN
FRW55V,Moto,Motocicleta,COLOMBIA
HNW984,Carro,Publico,TUNJA
VUB76Q,Moto,Motocicleta,COLOMBIA
KXA77S,Moto,Motocicleta,COLOMBIA
HWQ33E,Moto,Motocicleta,COLOMBIA
AXT47N,Moto,Motocicleta,COLOMBIA
YVV640,Carro,Publico,PEREIRA
CPM570,Carro,Publico,BUCARAMANGA
JUY52I,Moto,Motocicleta,COLOMBIA
YJU346,Carro,Oficial,MEDELLIN
KEY750,Carro,Particular,MANIZALES
RVV331,Carro,Particular,ENVIGADO
RSZ22U,Moto,Motocicleta,COLOMBIA
XHZ927,Carro,Particular,ENVIGADO
RGF741,Carro,Oficial,MEDELLIN
VZZ049,Carro,Oficial,MANIZALES
YEG63V,Moto,Motocicleta,COLOMBIA
BFD06J,Moto,Motocicleta,COLOMBIA
ATH120,Carro,Particular,TUNJA
PXS891,Carro,Publico,MANIZALES
GCR24I,Moto,Motocicleta,COLOMBIA
DTC346,Carro,Publico,BOGOTA D.C.
BKT219,Carro,Publico,PASTO
LFZ163,Carro,Oficial,CUCUTA
MQB79S,Moto,Motocicleta,COLOMBIA
JUP70I,Moto,Motocicleta,COLOMBIA
BCS79T,Moto,Motocicleta,COLOMBIA
HAU056,Carro,Particular,PEREIRA
UEG92I,Moto,Motocicleta,COLOMBIA
RAR909,Carro,Particular,TUNJA
HUM59I,Moto,Motocicleta,COLOMBIA
WFR944,Carro,Publico,PASTO
NGN615,Carro,Oficial,PASTO
IVL612,Carro,Particular,MANIZALES
DVW618,Carro,Publico,MEDELLIN
ZFS518,Carro,Publico,BUCARAMANGA
SQX43G,Moto,Motocicleta,COLOMBIA
WYP20P,Moto,Motocicleta,COLOMBIA
ZWP279,Carro,Oficial,TUNJA
XTK048,Carro,Publico,CUCUTA
AYI11X,Moto,Motocicleta,COLOMBIA
ABK38P,Moto,Motocicleta,COLOMBIA
SEP409,Carro,Publico,TUNJA
LDM178,Carro,Particular,PASTO
VQW43R,Moto,Motocicleta,COLOMBIA
BCN910,Carro,Publico,TUNJA
ADK42T,Moto,Motocicleta,COLOMBIA
KUC67Y,Moto,Motocicleta,COLOMBIA
JVN444,Carro,Publico,PASTO
MGB280,Carro,Publico,PEREIRA
HFY07T,Moto,Motocicleta,COLOMBIA
KAH452,Carro,Oficial,MANIZALES
KAS10J,Moto,Motocicleta,COLOMBIA
TXE779,Carro,Oficial,BUCARAMANGA
GFK37K,Moto,Motocicleta,COLOMBIA
YWK43B,Moto,Motocicleta,COLOMBIA
CTP429,Carro,Oficial,PASTO
GAU189,Carro,Oficial,MEDELLIN
FHY41M,Moto,Motocicleta,COLOMBIA
NVZ108,Carro,Oficial,TUNJA
BAZ888,Carro,Oficial,ENVIGADO
XPN18F,Moto,Motocicleta,COLOMBIA
SXB69V,Moto,Motocicleta,COLOMBIA
TJD021,Carro,Publico,BUCARAMANGA
JJL84L,Moto,Motocicleta,COLOMBIA
KEP087,Carro,Oficial,BUCARAMANGA
WEK83D,Moto,Motocicleta,COLOMBIA
SYH80R,Moto,Motocicleta,COLOMBIA
IHZ514,Carro,Publico,ENVIGADO
BIC711,Carro,Particular,IBAGUE
THB205,Carro,Particular,MANIZALES
AFE13T,Moto,Motocicleta,COLOMBIA
ZKI060,Carro,Oficial,MEDELLIN
SNS599,Carro,Particular,ENVIGADO
DHM93D,Moto,Motocicleta,COLOMBIA
KWY43H,Moto,Motocicleta,COLOMBIA
UED277,Carro,Particular,CALI
CFN208,Carro,Oficial,TUNJA
CBJ953,Carro,Oficial,IBAGUE
GRR079,Carro,Oficial,IBAGUE
ULV273,Carro,Publico,MEDELLIN
SSH914,Carro,Oficial,CALI
ZHH70N,Moto,Motocicleta,COLOMBIA
VZV545,Carro,Particular,PEREIRA
BST013,Carro,Publico,BOGOTA D.C.
JGQ644,Carro,Publico,PEREIRA
EHS91Q,Moto,Motocicleta,COLOMBIA
XWL197,Carro,Publico,CUCUTA
JUI44X,Moto,Motocicleta,COLOMBIA
XND56X,Moto,Motocicleta,COLOMBIA
RHQ08B,Moto,Motocicleta,COLOMBIA
VNN30Y,Moto,Motocicleta,COLOMBIA
IHF520,Carro,Publico,TUNJA
ISB82X,Moto,Motocicleta,COLOMBIA
CWM41H,Moto,Motocicleta,COLOMBIA
IHC44G,Moto,Motocicleta,COLOMBIA
WJM077,Carro,Oficial,MANIZALES
YFN66J,Moto,Motocicleta,COLOMBIA
YZR161,Carro,Particular,IBAGUE
FPU740,Carro,Oficial,TUNJA
PWT71L,Moto,Motocicleta,COLOMBIA
JVK198,Carro,Particular,BUCARAMANGA
EJW707,Carro,Publico,BOGOTA D.C.
UHS023,Carro,Particular,TUNJA
BZM159,Carro,Particular,PASTO
TSU26J,Moto,Motocicleta,COLOMBIA
GPB58E,Moto,Motocicleta,COLOMBIA
BLN203,Carro,Particular,ENVIGADO
BBF98L,Moto,Motocicleta,COLOMBIA
XCZ046,Carro,Publico,CUCUTA
CLR30K,Moto,Motocicleta,COLOMBIA
XBK540,Carro,Oficial,ENVIGADO
FFD68I,Moto,Motocicleta,COLOMBIA
VTL686,Carro,Particular,CUCUTA
NSN159,Carro,Publico,BARRANQUILLA
EHF446,Carro,Particular,CALI
PAP823,Carro,Publico,BOGOTA D.C.
NCD713,Carro,Oficial,BUCARAMANGA
QEB814,Carro,Oficial,PEREIRA
UVK68U,Moto,Motocicleta,COLOMBIA
ITX86L,Moto,Motocicleta,COLOMBIA
ZVP581,Carro,Publico,BUCARAMANGA
QIN249,Carro,Oficial,IBAGUE
SVK27Z,Moto,Motocicleta,COLOMBIA
AUL495,Carro,Particular,BARRANQUILLA
JDC05S,Moto,Motocicleta,COLOMBIA
IJB874,Carro,Publico,PEREIRA
RWJ05C,Moto,Motocicleta,COLOMBIA
BIN74C,Moto,Motocicleta,COLOMBIA
LFM37A,Moto,Motocicleta,COLOMBIA
URE41N,Moto,Motocicleta,COLOMBIA
KZD66W,Moto,Motocicleta,COLOMBIA
KYT873,Carro,Publico,IBAGUE
PWE772,Carro,Publico,PASTO
CIJ29X,Moto,Motocicleta,COLOMBIA
DHK25J,Moto,Motocicleta,COLOMBIA
PNP235,Carro,Oficial,PASTO
QUY07K,Moto,Motocicleta,COLOMBIA
BBI371,Carro,Publico,ENVIGADO
CTW585,Carro,Oficial,BUCARAMANGA
PSC225,Carro,Publico,CUCUTA
LBJ980,Carro,Publico,MEDELLIN
PAZ10P,Moto,Motocicleta,COLOMBIA
BWA60D,Moto,Motocicleta,COLOMBIA
BIZ01A,Moto,Motocicleta,COLOMBIA
WZT27Q,Moto,Motocicleta,COLOMBIA
PSX84G,Moto,Motocicleta,COLOMBIA
CVR308,Carro,Oficial,BUCARAMANGA
UBN39N,Moto,Motocicleta,COLOMBIA
UCZ31Z,Moto,Motocicleta,COLOMBIA
LVT362,Carro,Oficial,ENVIGADO
VVT196,Carro,Particular,TUNJA
INP508,Carro,Publico,BOGOTA D.C.
WPY068,Carro,Particular,PASTO
ATE21F,Moto,Motocicleta,COLOMBIA
QKQ29A,Moto,Motocicleta,COLOMBIA
LJE954,Carro,Publico,BOGOTA D.C.
TIU106,Carro,Particular,PEREIRA
YZI43H,Moto,Motocicleta,COLOMBIA
ZPH73H,Moto,Motocicleta,COLOMBIA
KPU31L,Moto,Motocicleta,COLOMBIA
HWN00L,Moto,Motocicleta,COLOMBIA
YIX425,Carro,Particular,MANIZALES
FWG753,Carro,Particular,IBAGUE
MKP57A,Moto,Motocicleta,COLOMBIA
PXF40M,Moto,Motocicleta,COLOMBIA
JLF472,Carro,Particular,CUCUTA
PNZ540,Carro,Oficial,BARRANQUILLA
WGX40U,Moto,Motocicleta,COLOMBIA
NTQ75H,Moto,Motocicleta,COLOMBIA
NAJ07V,Moto,Motocicleta,COLOMBIA
NLA72R,Moto,Motocicleta,COLOMBIA
NLR34W,Moto,Motocicleta,COLOMBIA
FPZ433,Carro,Oficial,BOGOTA D.C.
LRM29Z,Moto,Motocicleta,COLOMBIA
TAJ55K,Moto,Motocicleta,COLOMBIA
VNX892,Carro,Publico,MANIZALES
LFN34U,Moto,Motocicleta,COLOMBIA
QXQ56N,Moto,Motocicleta,COLOMBIA
SSJ571,Carro,Publico,ENVIGADO
PWA65X,Moto,Motocicleta,COLOMBIA
GZI28C,Moto,Motocicleta,COLOMBIA
FBW09W,Moto,Motocicleta,COLOMBIA
IDW627,Carro,Publico,BUCARAMANGA
YBM07W,Moto,Motocicleta,COLOMBIA
PLE38A,Moto,Motocicleta,COLOMBIA
THA292,Carro,Particular,PASTO
IFM905,Carro,Publico,MEDELLIN
DUP826,Carro,Oficial,ENVIGADO
ZRH919,Carro,Publico,MEDELLIN
BLY816,Carro,Oficial,MANIZALES
WEI25G,Moto,Motocicleta,COLOMBIA
MJR31Y,Moto,Motocicleta,COLOMBIA
TGB46B,Moto,Motocicleta,COLOMBIA
FNC84T,Moto,Motocicleta,COLOMBIA
XVA14N,Moto,Motocicleta,COLOMBIA
XUB56X,Moto,Motocicleta,COLOMBIA
XJW12M,Moto,Motocicleta,COLOMBIA
HKW75H,Moto,Motocicleta,COLOMBIA
XWR57Z,Moto,Motocicleta,COLOMBIA
SPX195,Carro,Oficial,CUCUTA
TKJ38M,Moto,Motocicleta,COLOMBIA
PYA65Z,Moto,Motocicleta,COLOMBIA
KKT599,Carro,Oficial,PASTO
FTH08V,Moto,Motocicleta,COLOMBIA
BVB149,Carro,Particular,PEREIRA
NPP52X,Moto,Motocicleta,COLOMBIA
SYJ22J,Moto,Motocicleta,COLOMBIA
QNP43M,Moto,Motocicleta,COLOMBIA
NAJ06G,Moto,Motocicleta,COLOMBIA
LHK23T,Moto,Motocicleta,COLOMBIA
DUZ723,Carro,Oficial,PASTO
MJM51X,Moto,Motocicleta,COLOMBIA
IUE97K,Moto,Motocicleta,COLOMBIA
RZU447,Carro,Particular,BUCARAMANGA
AGD319,Carro,Particular,TUNJA
IYZ266,Carro,Particular,CUCUTA
GZR59Y,Moto,Motocicleta,COLOMBIA
UNW76S,Moto,Motocicleta,COLOMBIA
BDG549,Carro,Particular,PASTO
UAB429,Carro,Publico,MEDELLIN
BKM29X,Moto,Motocicleta,COLOMBIA
RWC987,Carro,Particular,MEDELLIN
BGP742,Carro,Oficial,BOGOTA D.C.
TVH334,Carro,Oficial,BOGOTA D.C.
NSP344,Carro,Publico,MANIZALES
RCX918,Carro,Particular,TUNJA
UVR63D,Moto,Motocicleta,COLOMBIA
TUN015,Carro,Publico,TUNJA
SYL92L,Moto,Motocicleta,COLOMBIA
WCV570,Carro,Publico,MEDELLIN
BIW18R,Moto,Motocicleta,COLOMBIA
YKY217,Carro,Particular,ENVIGADO
WWR49V,Moto,Motocicleta,COLOMBIA
JLP13I,Moto,Motocicleta,COLOMBIA
LIX223,Carro,Oficial,PEREIRA
HAM514,Carro,Oficial,TUNJA
UER358,Carro,Oficial,CALI
EYF535,Carro,Publico,ENVIGADO
WYQ359,Carro,Publico,CUCUTA
SZL281,Carro,Particular,ENVIGADO
ASW64F,Moto,Motocicleta,COLOMBIA
EKM44Q,Moto,Motocicleta,COLOMBIA
KMT733,Carro,Oficial,IBAGUE
ZPF93G,Moto,Motocicleta,COLOMBIA
WKC384,Carro,Oficial,CALI
ACQ52F,Moto,Motocicleta,COLOMBIA
RVK64M,Moto,Motocicleta,COLOMBIA
UCM186,Carro,Particular,TUNJA
QUM910,Carro,Particular,TUNJA
AUY852,Carro,Particular,CUCUTA
GHF19J,Moto,Motocicleta,COLOMBIA
FAB63H,Moto,Motocicleta,COLOMBIA
LSJ399,Carro,Particular,CUCUTA
FMN50I,Moto,Motocicleta,COLOMBIA
QSY316,Carro,Particular,BUCARAMANGA
TGX10I,Moto,Motocicleta,COLOMBIA
HTN07E,Moto,Motocicleta,COLOMBIA
TUR640,Carro,Oficial,MEDELLIN
PSM523,Carro,Publico,TUNJA
JKF692,Carro,Oficial,BARRANQUILLA
CJC59W,Moto,Motocicleta,COLOMBIA
TNT74S,Moto,Motocicleta,COLOMBIA
XDZ37E,Moto,Motocicleta,COLOMBIA
PAF398,Carro,Particular,BARRANQUILLA
ASL54V,Moto,Motocicleta,COLOMBIA
MJR187,Carro,Publico,BOGOTA D.C.
NDX57A,Moto,Motocicleta,COLOMBIA
TZE030,Carro,Oficial,PASTO
BMN42G,Moto,Motocicleta,COLOMBIA
NCW096,Carro,Publico,ENVIGADO
HZA40C,Moto,Motocicleta,COLOMBIA
KVW34B,Moto,Motocicleta,COLOMBIA
GWT66Y,Moto,Motocicleta,COLOMBIA
BUH15W,Moto,Motocicleta,COLOMBIA
QLM043,Carro,Publico,CALI
CGE59E,Moto,Motocicleta,COLOMBIA
PEX508,Carro,Oficial,CALI
KMQ430,Carro,Publico,PEREIRA
EQW334,Carro,Particular,IBAGUE
QGD37J,Moto,Motocicleta,COLOMBIA
XQY669,Carro,Publico,BARRANQUILLA
LVV693,Carro,Particular,ENVIGADO
RXS749,Carro,Publico,IBAGUE
YUG496,Carro,Publico,BOGOTA D.C.
LNY857,Carro,Particular,CALI
LMQ04P,Moto,Motocicleta,COLOMBIA
LLC45V,Moto,Motocicleta,COLOMBIA
RKZ57I,Moto,Motocicleta,COLOMBIA
EDB19L,Moto,Motocicleta,COLOMBIA
MAW441,Carro,Oficial,IBAGUE
KEI07Y,Moto,Motocicleta,COLOMBIA
DXF23W,Moto,Motocicleta,COLOMBIA
DFF940,Carro,Particular,MANIZALES
MZJ38J,Moto,Motocicleta,COLOMBIA
CGM74H,Moto,Motocicleta,COLOMBIA
JUT95S,Moto,Motocicleta,COLOMBIA
YSI99M,Moto,Motocicleta,COLOMBIA
JYV251,Carro,Publico,CUCUTA
WBP625,Carro,Publico,BUCARAMANGA
QBA67Q,Moto,Motocicleta,COLOMBIA
JKD410,Carro,Oficial,CUCUTA
BKV09E,Moto,Motocicleta,COLOMBIA
HPX42H,Moto,Motocicleta,COLOMBIA
RHK029,Carro,Publico,MEDELLIN
SWC556,Carro,Oficial,IBAGUE
NWT93Q,Moto,Motocicleta,COLOMBIA
CXL678,Carro,Publico,MEDELLIN
LVR330,Carro,Particular,BOGOTA D.C.
XAP473,Carro,Oficial,BUCARAMANGA
PEI93M,Moto,Motocicleta,COLOMBIA
GPP733,Carro,Oficial,IBAGUE
DKG61I,Moto,Motocicleta,COLOMBIA
IYM074,Carro,Oficial,TUNJA
IPT208,Carro,Particular,BARRANQUILLA
AFU02J,Moto,Motocicleta,COLOMBIA
GWI84J,Moto,Motocicleta,COLOMBIA
XRB540,Carro,Particular,MEDELLIN
HNY326,Carro,Oficial,CALI
VVN09N,Moto,Motocicleta,COLOMBIA
KKS078,Carro,Particular,PEREIRA
IBL113,Carro,Publico,BARRANQUILLA
NPD833,Carro,Oficial,CUCUTA
TVL316,Carro,Particular,ENVIGADO
PXZ435,Carro,Publico,BUCARAMANGA
EGL446,Carro,Particular,BARRANQUILLA
ZCA41G,Moto,Motocicleta,COLOMBIA
YIN220,Carro,Oficial,BUCARAMANGA
IKA177,Carro,Particular,ENVIGADO
SGK69Q,Moto,Motocicleta,COLOMBIA
BLI50A,Moto,Motocicleta,COLOMBIA
UNZ14F,Moto,Motocicleta,COLOMBIA
NDU005,Carro,Particular,PEREIRA
RCB73C,Moto,Motocicleta,COLOMBIA
HIH558,Carro,Publico,BOGOTA D.C.
ZQX37D,Moto,Motocicleta,COLOMBIA
IRI94J,Moto,Motocicleta,COLOMBIA
HZH62U,Moto,Motocicleta,COLOMBIA
SRK421,Carro,Particular,BARRANQUILLA
DFH256,Carro,Oficial,BOGOTA D.C.
MDP070,Carro,Particular,TUNJA
VPV49Z,Moto,Motocicleta,COLOMBIA
ELR888,Carro,Publico,MANIZALES
UGP96J,Moto,Motocicleta,COLOMBIA
EFI920,Carro,Oficial,TUNJA
LVL394,Carro,Oficial,CUCUTA
BVV815,Carro,Oficial,PASTO
XRK690,Carro,Publico,CUCUTA
EEI299,Carro,Oficial,TUNJA
MSV45Z,Moto,Motocicleta,COLOMBIA
KZA87N,Moto,Motocicleta,COLOMBIA
HAD87E,Moto,Motocicleta,COLOMBIA
QME618,Carro,Particular,BARRANQUILLA
HDT283,Carro,Oficial,MEDELLIN
FIH81F,Moto,Motocicleta,COLOMBIA
XXI956,Carro,Oficial,MANIZALES
HTC190,Carro,Particular,ENVIGADO
ZTZ00Y,Moto,Motocicleta,COLOMBIA
TJX415,Carro,Particular,CALI
JMH185,Carro,Publico,CALI
DDJ01A,Moto,Motocicleta,COLOMBIA
PSX642,Carro,Oficial,CALI
VMJ135,Carro,Oficial,CALI
NHB02W,Moto,Motocicleta,COLOMBIA
KJB528,Carro,Oficial,CALI
GGD82K,Moto,Motocicleta,COLOMBIA
ZIK80P,Moto,Motocicleta,COLOMBIA
BKE554,Carro,Particular,PASTO
AIS020,Carro,Publico,MANIZALES
CPE84J,Moto,Motocicleta,COLOMBIA
CLU50S,Moto,Motocicleta,COLOMBIA
UJF49B,Moto,Motocicleta,COLOMBIA
KHG055,Carro,Oficial,TUNJA
MJR232,Carro,Particular,CALI
BMZ080,Carro,Oficial,ENVIGADO
SVK32K,Moto,Motocicleta,COLOMBIA
LVZ998,Carro,Publico,BARRANQUILLA
ASH23W,Moto,Motocicleta,COLOMBIA
IXY93J,Moto,Motocicleta,COLOMBIA
ACA556,Carro,Particular,PASTO
LQN861,Carro,Oficial,ENVIGADO
BTG272,Carro,Publico,BARRANQUILLA
VDX19U,Moto,Motocicleta,COLOMBIA
YEI19K,Moto,Motocicleta,COLOMBIA
IWS904,Carro,Particular,MEDELLIN
TNB37W,Moto,Motocicleta,COLOMBIA
YHK510,Carro,Particular,TUNJA
RBV54T,Moto,Motocicleta,COLOMBIA
ZNH90H,Moto,Motocicleta,COLOMBIA
FHQ92L,Moto,Motocicleta,COLOMBIA
LIE818,Carro,Oficial,CUCUTA
RJG633,Carro,Publico,BOGOTA D.C.
YNU83W,Moto,Motocicleta,COLOMBIA
GPH73A,Moto,Motocicleta,COLOMBIA
FIP29J,Moto,Motocicleta,COLOMBIA
VSB24T,Moto,Motocicleta,COLOMBIA
SPE19H,Moto,Motocicleta,COLOMBIA
FAK07Z,Moto,Motocicleta,COLOMBIA
ZXL822,Carro,Oficial,BOGOTA D.C.
ZAK28B,Moto,Motocicleta,COLOMBIA
YWV424,Carro,Particular,ENVIGADO
UKX559,Carro,Oficial,ENVIGADO
RTX22G,Moto,Motocicleta,COLOMBIA
MJA862,Carro,Particular,CALI
YWZ62B,Moto,Motocicleta,COLOMBIA
FIL76C,Moto,Motocicleta,COLOMBIA
JVV487,Carro,Particular,IBAGUE
WPC953,Carro,Particular,BOGOTA D.C.
QSD853,Carro,Oficial,CUCUTA
ZFL18Q,Moto,Motocicleta,COLOMBIA
LXC97F,Moto,Motocicleta,COLOMBIA
ZXC60R,Moto,Motocicleta,COLOMBIA
KIY382,Carro,Particular,MEDELLIN
NSL18W,Moto,Motocicleta,COLOMBIA
XPW109,Carro,Publico,TUNJA
GWG64T,Moto,Motocicleta,COLOMBIA
XGH441,Carro,Oficial,PEREIRA
LLR300,Carro,Particular,BUCARAMANGA
XXQ46S,Moto,Motocicleta,COLOMBIA
DML099,Carro,Oficial,IBAGUE
FZK70C,Moto,Motocicleta,COLOMBIA
YCP51Q,Moto,Motocicleta,COLOMBIA
IDG635,Carro,Publico,CUCUTA
IEG471,Carro,Particular,PASTO
SGU302,Carro,Oficial,PASTO
NFT252,Carro,Particular,IBAGUE
LGR46W,Moto,Motocicleta,COLOMBIA
TBJ525,Carro,Oficial,BUCARAMANGA
GTW58Z,Moto,Motocicleta,COLOMBIA
JJK68F,Moto,Motocicleta,COLOMBIA
ILC623,Carro,Publico,BOGOTA D.C.
DTP545,Carro,Particular,TUNJA
BRQ437,Carro,Publico,CALI
UGW572,Carro,Publico,CUCUTA
UGM949,Carro,Publico,CALI
UEE54V,Moto,Motocicleta,COLOMBIA
VSD15H,Moto,Motocicleta,COLOMBIA
YGP018,Carro,Oficial,BUCARAMANGA
KAU762,Carro,Publico,CALI
SPR734,Carro,Publico,PASTO
FVC378,Carro,Publico,PEREIRA
BVB01D,Moto,Motocicleta,COLOMBIA
UDZ40F,Moto,Motocicleta,COLOMBIA
FLD88J,Moto,Motocicleta,COLOMBIA
SQW96W,Moto,Motocicleta,COLOMBIA
HTL26A,Moto,Motocicleta,COLOMBIA
CCT551,Carro,Particular,PEREIRA
BPY892,Carro,Particular,MEDELLIN
WHF39D,Moto,Motocicleta,COLOMBIA
AIJ52W,Moto,Motocicleta,COLOMBIA
ULM856,Carro,Publico,PEREIRA
XHI511,Carro,Publico,CALI
XTG395,Carro,Oficial,TUNJA
FLR262,Carro,Oficial,TUNJA
CED07E,Moto,Motocicleta,COLOMBIA
GPJ982,Carro,Oficial,PEREIRA
ADX47H,Moto,Motocicleta,COLOMBIA
GLG80T,Moto,Motocicleta,COLOMBIA
SYL81U,Moto,Motocicleta,COLOMBIA
BBE030,Carro,Publico,CUCUTA
NCE696,Carro,Oficial,MEDELLIN
TWP20W,Moto,Motocicleta,COLOMBIA
GCG20D,Moto,Motocicleta,COLOMBIA
BHA80G,Moto,Motocicleta,COLOMBIA
JJB03W,Moto,Motocicleta,COLOMBIA
XDF46W,Moto,Motocicleta,COLOMBIA
KJN37J,Moto,Motocicleta,COLOMBIA
IZS514,Carro,Publico,CALI
SYK352,Carro,Oficial,MANIZALES
UII88L,Moto,Motocicleta,COLOMBIA
KEM397,Carro,Publico,TUNJA
RUA28N,Moto,Motocicleta,COLOMBIA
CLW731,Carro,Publico,IBAGUE
YVQ96D,Moto,Motocicleta,COLOMBIA
TLZ576,Carro,Particular,ENVIGADO
XRY72D,Moto,Motocicleta,COLOMBIA
EIQ32Q,Moto,Motocicleta,COLOMBIA
NIG40M,Moto,Motocicleta,COLOMBIA
RHG61N,Moto,Motocicleta,COLOMBIA
TRK17U,Moto,Motocicleta,COLOMBIA
MIL977,Carro,Particular,CUCUTA
RSR11Z,Moto,Motocicleta,COLOMBIA
HUN00G,Moto,Motocicleta,COLOMBIA
TBA074,Carro,Oficial,BARRANQUILLA
QTP102,Carro,Publico,CALI
NIF035,Carro,Publico,MEDELLIN
ZJH448,Carro,Particular,MANIZALES
RPN514,Carro,Publico,TUNJA
MEF036,Carro,Particular,PEREIRA
FGZ624,Carro,Oficial,MEDELLIN
KCB64K,Moto,Motocicleta,COLOMBIA
VXS252,Carro,Publico,PEREIRA
EJJ765,Carro,Publico,BOGOTA D.C.
SNT758,Carro,Publico,BUCARAMANGA
LVE046,Carro,Publico,BOGOTA D.C.
JTM308,Carro,Particular,BOGOTA D.C.
IKT616,Carro,Oficial,PEREIRA
QRQ619,Carro,Oficial,PASTO
RFA658,Carro,Publico,CUCUTA
QBP121,Carro,Particular,PEREIRA
KLT867,Carro,Particular,MEDELLIN
RKZ64F,Moto,Motocicleta,COLOMBIA
KSN738,Carro,Publico,MANIZALES
RWB39N,Moto,Motocicleta,COLOMBIA
ERC863,Carro,Oficial,MANIZALES
NDP74H,Moto,Motocicleta,COLOMBIA
DDN16P,Moto,Motocicleta,COLOMBIA
WEU58R,Moto,Motocicleta,COLOMBIA
WAH46K,Moto,Motocicleta,COLOMBIA
QEC11C,Moto,Motocicleta,COLOMBIA
LRD216,Carro,Oficial,BUCARAMANGA
EAJ917,Carro,Oficial,ENVIGADO
TDL180,Carro,Oficial,IBAGUE
LLZ405,Carro,Particular,MEDELLIN
GUG24H,Moto,Motocicleta,COLOMBIA
WZI581,Carro,Oficial,MEDELLIN
WAT85P,Moto,Motocicleta,COLOMBIA
VVJ927,Carro,Particular,BARRANQUILLA
ZXT35E,Moto,Motocicleta,COLOMBIA
ALL85B,Moto,Motocicleta,COLOMBIA
EGH790,Carro,Oficial,IBAGUE
ZFA81G,Moto,Motocicleta,COLOMBIA
ZZI45H,Moto,Motocicleta,COLOMBIA
BUP622,Carro,Particular,IBAGUE
EGN347,Carro,Publico,BUCARAMANGA
BHT29U,Moto,Motocicleta,COLOMBIA
MEU38G,Moto,Motocicleta,COLOMBIA
GTG02J,Moto,Motocicleta,COLOMBIA
SBK71W,Moto,Motocicleta,COLOMBIA
XDY04P,Moto,Motocicleta,COLOMBIA
QVX94P,Moto,Motocicleta,COLOMBIA
KNX263,Carro,Particular,BARRANQUILLA
LZD766,Carro,Particular,PASTO
NCM51G,Moto,Motocicleta,COLOMBIA
AEJ493,Carro,Oficial,BARRANQUILLA
YMB21K,Moto,Motocicleta,COLOMBIA
UJM355,Carro,Publico,ENVIGADO
DYD13E,Moto,Motocicleta,COLOMBIA
FCX37Z,Moto,Motocicleta,COLOMBIA
RBW80A,Moto,Motocicleta,COLOMBIA
ACT411,Carro,Publico,CALI
SSF311,Carro,Particular,CUCUTA
VEB94N,Moto,Motocicleta,COLOMBIA
MGQ296,Carro,Oficial,MEDELLIN
LMT041,Carro,Oficial,PEREIRA
ACZ636,Carro,Publico,BOGOTA D.C.
NIQ56H,Moto,Motocicleta,COLOMBIA
CKS55K,Moto,Motocicleta,COLOMBIA
UNF99C,Moto,Motocicleta,COLOMBIA
MAF97Z,Moto,Motocicleta,COLOMBIA
DXU997,Carro,Particular,PASTO
RLX121,Carro,Particular,MANIZALES
ZIB803,Carro,Oficial,IBAGUE
YGI109,Carro,Particular,PASTO
SRJ775,Carro,Particular,TUNJA
TBV63J,Moto,Motocicleta,COLOMBIA
SPB232,Carro,Particular,MEDELLIN
VNH77M,Moto,Motocicleta,COLOMBIA
BBA37Y,Moto,Motocicleta,COLOMBIA
EDL602,Carro,Oficial,MEDELLIN
HJN262,Carro,Particular,BARRANQUILLA
DHH62X,Moto,Motocicleta,COLOMBIA
DLJ981,Carro,Oficial,CUCUTA
TDI17U,Moto,Motocicleta,COLOMBIA
UBB48S,Moto,Motocicleta,COLOMBIA
UZB54T,Moto,Motocicleta,COLOMBIA
TQP65E,Moto,Motocicleta,COLOMBIA
QHL960,Carro,Oficial,ENVIGADO
BNU337,Carro,Oficial,BARRANQUILLA
YWE11T,Moto,Motocicleta,COLOMBIA
QGF750,Carro,Particular,BARRANQUILLA
XYC173,Carro,Particular,PASTO
YLG097,Carro,Oficial,BARRANQUILLA
WAJ81V,Moto,Motocicleta,COLOMBIA
QSD58X,Moto,Motocicleta,COLOMBIA
XVJ866,Carro,Particular,IBAGUE
YXM974,Carro,Publico,IBAGUE
PZN28V,Moto,Motocicleta,COLOMBIA
HMP428,Carro,Particular,IBAGUE
LVD000,Carro,Particular,MANIZALES
GRC08E,Moto,Motocicleta,COLOMBIA
UUA24L,Moto,Motocicleta,COLOMBIA
UCP42S,Moto,Motocicleta,COLOMBIA
PRT21E,Moto,Motocicleta,COLOMBIA
GSQ743,Carro,Particular,CUCUTA
XWW49C,Moto,Motocicleta,COLOMBIA
BSD142,Carro,Publico,BUCARAMANGA
TZP139,Carro,Publico,BUCARAMANGA
SEP30I,Moto,Motocicleta,COLOMBIA
PVS177,Carro,Publico,MANIZALES
NSN20B,Moto,Motocicleta,COLOMBIA
NXI192,Carro,Oficial,MEDELLIN
QEX09Y,Moto,Motocicleta,COLOMBIA
PRX722,Carro,Publico,BUCARAMANGA
ACF640,Carro,Oficial,BUCARAMANGA
BWU78W,Moto,Motocicleta,COLOMBIA
QTG748,Carro,Oficial,ENVIGADO
HXQ43F,Moto,Motocicleta,COLOMBIA
LBU39B,Moto,Motocicleta,COLOMBIA
DVK762,Carro,Publico,TUNJA
YJT917,Carro,Oficial,MEDELLIN
ZTE84S,Moto,Motocicleta,COLOMBIA
AAX57T,Moto,Motocicleta,COLOMBIA
FPE23D,Moto,Motocicleta,COLOMBIA
TSE01X,Moto,Motocicleta,COLOMBIA
SDK287,Carro,Oficial,PEREIRA
EUK087,Carro,Publico,BUCARAMANGA
TBF783,Carro,Particular,BOGOTA D.C.
UGT70E,Moto,Motocicleta,COLOMBIA
HEN77A,Moto,Motocicleta,COLOMBIA
GJJ32U,Moto,Motocicleta,COLOMBIA
DUM06J,Moto,Motocicleta,COLOMBIA
VBI30X,Moto,Motocicleta,COLOMBIA
CMX26P,Moto,Motocicleta,COLOMBIA
IXM785,Carro,Publico,ENVIGADO
BSA653,Carro,Oficial,MANIZALES
KTF580,Carro,Publico,ENVIGADO
JWW060,Carro,Oficial,ENVIGADO
NIS84Q,Moto,Motocicleta,COLOMBIA
FJM254,Carro,Oficial,BOGOTA D.C.
XGP40E,Moto,Motocicleta,COLOMBIA
FVI30K,Moto,Motocicleta,COLOMBIA
DJF980,Carro,Publico,IBAGUE
WYC50X,Moto,Motocicleta,COLOMBIA
XUT012,Carro,Oficial,PEREIRA
ULG750,Carro,Oficial,IBAGUE
LWR567,Carro,Particular,PEREIRA
QNA409,Carro,Oficial,ENVIGADO
UMC742,Carro,Particular,MANIZALES
BJQ299,Carro,Oficial,TUNJA
QBK396,Carro,Publico,MANIZALES
KUP46Z,Moto,Motocicleta,COLOMBIA
GQW872,Carro,Particular,CUCUTA
SKC418,Carro,Particular,BUCARAMANGA
ACP570,Carro,Oficial,MANIZALES
FGV767,Carro,Oficial,BUCARAMANGA
UBW71J,Moto,Motocicleta,COLOMBIA
WWA16D,Moto,Motocicleta,COLOMBIA
HSX776,Carro,Particular,PASTO
QMA12A,Moto,Motocicleta,COLOMBIA
CLH266,Carro,Publico,PEREIRA
KIK642,Carro,Publico,ENVIGADO
QSZ72G,Moto,Motocicleta,COLOMBIA
NQZ329,Carro,Publico,CALI
PQP78N,Moto,Motocicleta,COLOMBIA
UEX718,Carro,Particular,PASTO
FPF185,Carro,Publico,MEDELLIN
LGX167,Carro,Particular,CALI
NZA613,Carro,Oficial,MEDELLIN
MGU217,Carro,Particular,PEREIRA
KME18C,Moto,Motocicleta,COLOMBIA
RYZ308,Carro,Oficial,IBAGUE
XAQ561,Carro,Oficial,PEREIRA
ZUD731,Carro,Publico,MANIZALES
CZP02Z,Moto,Motocicleta,COLOMBIA
CWG716,Carro,Publico,BUCARAMANGA
BPJ39S,Moto,Motocicleta,COLOMBIA
FRP38E,Moto,Motocicleta,COLOMBIA
YCZ487,Carro,Particular,MEDELLIN
TID162,Carro,Oficial,MANIZALES
UXA481,Carro,Publico,CALI
PNA020,Carro,Oficial,ENVIGADO
FXN915,Carro,Particular,PEREIRA
GTD940,Carro,Oficial,BUCARAMANGA
XMA099,Carro,Oficial,ENVIGADO
QVF384,Carro,Publico,PEREIRA
ZUP072,Carro,Publico,TUNJA
AKJ10L,Moto,Motocicleta,COLOMBIA
WRR63S,Moto,Motocicleta,COLOMBIA
BCI903,Carro,Oficial,BARRANQUILLA
RIT99L,Moto,Motocicleta,COLOMBIA
VZJ60A,Moto,Motocicleta,COLOMBIA
JNJ056,Carro,Publico,PASTO
JWE493,Carro,Particular,CUCUTA
TZR61A,Moto,Motocicleta,COLOMBIA
WHX68H,Moto,Motocicleta,COLOMBIA
CCJ902,Carro,Particular,ENVIGADO
ILL63I,Moto,Motocicleta,COLOMBIA
SRY29L,Moto,Motocicleta,COLOMBIA
CSL402,Carro,Publico,ENVIGADO
SEN71U,Moto,Motocicleta,COLOMBIA
WVI055,Carro,Particular,PASTO
LGL90W,Moto,Motocicleta,COLOMBIA
XYX86J,Moto,Motocicleta,COLOMBIA
IPH698,Carro,Particular,MEDELLIN
ECN832,Carro,Oficial,MEDELLIN
GNL61T,Moto,Motocicleta,COLOMBIA
VQI25Z,Moto,Motocicleta,COLOMBIA
UGJ566,Carro,Publico,BARRANQUILLA
AZN07B,Moto,Motocicleta,COLOMBIA
GHJ04M,Moto,Motocicleta,COLOMBIA
XHQ40N,Moto,Motocicleta,COLOMBIA
SXP36Y,Moto,Motocicleta,COLOMBIA
RDN092,Carro,Particular,IBAGUE
HYY02S,Moto,Motocicleta,COLOMBIA
FPC45X,Moto,Motocicleta,COLOMBIA
GNN755,Carro,Publico,TUNJA
NPC21D,Moto,Motocicleta,COLOMBIA
UXP20N,Moto,Motocicleta,COLOMBIA
WBW435,Carro,Particular,CUCUTA
FPI24W,Moto,Motocicleta,COLOMBIA
DIE97S,Moto,Motocicleta,COLOMBIA
SGQ019,Carro,Oficial,CUCUTA
GWA11B,Moto,Motocicleta,COLOMBIA
NNB28N,Moto,Motocicleta,COLOMBIA
YNY245,Carro,Publico,MEDELLIN
YKI01G,Moto,Motocicleta,COLOMBIA
CHX39S,Moto,Motocicleta,COLOMBIA
YLY39B,Moto,Motocicleta,COLOMBIA
LIB88B,Moto,Motocicleta,COLOMBIA
PZK24N,Moto,Motocicleta,COLOMBIA
XPH07D,Moto,Motocicleta,COLOMBIA
DMU90B,Moto,Motocicleta,COLOMBIA
SLN30A,Moto,Motocicleta,COLOMBIA
FJH668,Carro,Particular,IBAGUE
KIH90B,Moto,Motocicleta,COLOMBIA
QUF480,Carro,Particular,BOGOTA D.C.
NJS653,Carro,Oficial,BUCARAMANGA
TUI413,Carro,Particular,PEREIRA
KSR028,Carro,Particular,BARRANQUILLA
PTP32Z,Moto,Motocicleta,COLOMBIA
JFX92L,Moto,Motocicleta,COLOMBIA
HJH104,Carro,Oficial,CALI
EAE27V,Moto,Motocicleta,COLOMBIA
NMV966,Carro,Oficial,IBAGUE
JAV72Y,Moto,Motocicleta,COLOMBIA
ZRL890,Carro,Publico,BARRANQUILLA
XAM504,Carro,Publico,MANIZALES
HIW14U,Moto,Motocicleta,COLOMBIA
EDW413,Carro,Publico,PASTO
GSS059,Carro,Oficial,BARRANQUILLA
SFV95F,Moto,Motocicleta,COLOMBIA
VCX814,Carro,Particular,ENVIGADO
NBD472,Carro,Publico,ENVIGADO
FLC88G,Moto,Motocicleta,COLOMBIA
NVU28C,Moto,Motocicleta,COLOMBIA
YZW07V,Moto,Motocicleta,COLOMBIA
UHY73D,Moto,Motocicleta,COLOMBIA
TUV33X,Moto,Motocicleta,COLOMBIA
AIS06D,Moto,Motocicleta,COLOMBIA
VTA723,Carro,Oficial,CALI
XED678,Carro,Particular,IBAGUE
AHV82V,Moto,Motocicleta,COLOMBIA
TFP334,Carro,Publico,MANIZALES
PSZ905,Carro,Publico,BARRANQUILLA
RJF734,Carro,Publico,ENVIGADO
VJV453,Carro,Oficial,BOGOTA D.C.
UVD75Y,Moto,Motocicleta,COLOMBIA
NJG58F,Moto,Motocicleta,COLOMBIA
ISF616,Carro,Particular,IBAGUE
BWP66G,Moto,Motocicleta,COLOMBIA
HUJ816,Carro,Oficial,BUCARAMANGA
MYR32W,Moto,Motocicleta,COLOMBIA
XSP20D,Moto,Motocicleta,COLOMBIA
GPA32X,Moto,Motocicleta,COLOMBIA
RRI775,Carro,Publico,MANIZALES
RQI11U,Moto,Motocicleta,COLOMBIA
CKR34U,Moto,Motocicleta,COLOMBIA
RIV911,Carro,Publico,PASTO
ZMQ02F,Moto,Motocicleta,COLOMBIA
LCX19J,Moto,Motocicleta,COLOMBIA
DWN72E,Moto,Motocicleta,COLOMBIA
UCC10N,Moto,Motocicleta,COLOMBIA
MYP45Q,Moto,Motocicleta,COLOMBIA
LUL03Q,Moto,Motocicleta,COLOMBIA
PTV610,Carro,Oficial,IBAGUE
ZTT187,Carro,Publico,TUNJA
RZT309,Carro,Particular,PEREIRA
IHA466,Carro,Particular,TUNJA
WMF29S,Moto,Motocicleta,COLOMBIA
ZLV14P,Moto,Motocicleta,COLOMBIA
ZPQ19C,Moto,Motocicleta,COLOMBIA
PEJ43N,Moto,Motocicleta,COLOMBIA
UIQ68N,Moto,Motocicleta,COLOMBIA
RRW87J,Moto,Motocicleta,COLOMBIA
FVM70H,Moto,Motocicleta,COLOMBIA
GZM78D,Moto,Motocicleta,COLOMBIA
IIT48D,Moto,Motocicleta,COLOMBIA
UBN461,Carro,Oficial,TUNJA
MLM76I,Moto,Motocicleta,COLOMBIA
PGH06F,Moto,Motocicleta,COLOMBIA
SGD299,Carro,Particular,CALI
XZZ962,Carro,Oficial,BARRANQUILLA
KMD94D,Moto,Motocicleta,COLOMBIA
RWT05J,Moto,Motocicleta,COLOMBIA
UUU564,Carro,Particular,BARRANQUILLA
RIB23V,Moto,Motocicleta,COLOMBIA
MLQ42M,Moto,Motocicleta,COLOMBIA
KNZ706,Carro,Particular,CUCUTA
BNC386,Carro,Publico,TUNJA
UNY072,Carro,Particular,ENVIGADO
RZR028,Carro,Particular,PEREIRA
VGU040,Carro,Oficial,BUCARAMANGA
QAC86J,Moto,Motocicleta,COLOMBIA
SEY581,Carro,Publico,TUNJA
HEP339,Carro,Particular,BUCARAMANGA
HIL249,Carro,Particular,MANIZALES
LCJ217,Carro,Oficial,PEREIRA
FTR932,Carro,Particular,CUCUTA
FMA188,Carro,Oficial,BUCARAMANGA
BQL61T,Moto,Motocicleta,COLOMBIA
DPN993,Carro,Particular,ENVIGADO
CLY47G,Moto,Motocicleta,COLOMBIA
JPT61E,Moto,Motocicleta,COLOMBIA
USJ833,Carro,Oficial,PEREIRA
FGQ405,Carro,Oficial,BOGOTA D.C.
MIQ34W,Moto,Motocicleta,COLOMBIA
ESR894,Carro,Particular,IBAGUE
WFK13A,Moto,Motocicleta,COLOMBIA
SNY828,Carro,Oficial,ENVIGADO
RHW892,Carro,Particular,CALI
HHN802,Carro,Publico,PEREIRA
ZSP84U,Moto,Motocicleta,COLOMBIA
MIW87I,Moto,Motocicleta,COLOMBIA
AML690,Carro,Oficial,TUNJA
RCX771,Carro,Publico,CUCUTA
TIT743,Carro,Publico,PASTO
QPA945,Carro,Particular,ENVIGADO
MUD739,Carro,Particular,BUCARAMANGA
JCK98S,Moto,Motocicleta,COLOMBIA
YSU430,Carro,Oficial,BARRANQUILLA
EAZ915,Carro,Publico,BARRANQUILLA
UEW839,Carro,Oficial,IBAGUE
BPC21P,Moto,Motocicleta,COLOMBIA
CFL203,Carro,Publico,BOGOTA D.C.
VLM335,Carro,Publico,ENVIGADO
LQQ26D,Moto,Motocicleta,COLOMBIA
ATL86V,Moto,Motocicleta,COLOMBIA
MHC15B,Moto,Motocicleta,COLOMBIA
LMV21L,Moto,Motocicleta,COLOMBIA
ZUS953,Carro,Oficial,CALI
ZAV11K,Moto,Motocicleta,COLOMBIA
MTT609,Carro,Oficial,PASTO
IIF886,Carro,Oficial,BUCARAMANGA
GVG41N,Moto,Motocicleta,COLOMBIA
NJB49B,Moto,Motocicleta,COLOMBIA
SMJ207,Carro,Publico,BOGOTA D.C.
CBW591,Carro,Particular,PEREIRA
QHC300,Carro,Oficial,ENVIGADO
KCK821,Carro,Publico,MEDELLIN
CUP061,Carro,Particular,MANIZALES
DYG95R,Moto,Motocicleta,COLOMBIA
NBJ014,Carro,Particular,CUCUTA
LHQ269,Carro,Oficial,TUNJA
FGH621,Carro,Publico,CALI
WAE168,Carro,Particular,BOGOTA D.C.
DDS090,Carro,Publico,CUCUTA
ILG060,Carro,Particular,PEREIRA
DYZ01V,Moto,Motocicleta,COLOMBIA
UGU497,Carro,Publico,CUCUTA
DMY666,Carro,Oficial,TUNJA
YWM76X,Moto,Motocicleta,COLOMBIA
BMT890,Carro,Particular,IBAGUE
KBN184,Carro,Publico,BARRANQUILLA
BHN68W,Moto,Motocicleta,COLOMBIA
LBH40K,Moto,Motocicleta,COLOMBIA
YJY502,Carro,Particular,CALI
NDK257,Carro,Publico,IBAGUE
VSU54H,Moto,Motocicleta,COLOMBIA
JME251,Carro,Oficial,CUCUTA
NQE67R,Moto,Motocicleta,COLOMBIA
JDP52N,Moto,Motocicleta,COLOMBIA
IPN999,Carro,Particular,PASTO
FVX313,Carro,Particular,CUCUTA
TCF67F,Moto,Motocicleta,COLOMBIA
VGM28I,Moto,Motocicleta,COLOMBIA
SUR752,Carro,Publico,IBAGUE
SNL028,Carro,Oficial,CUCUTA
NUA160,Carro,Publico,ENVIGADO
YYF03T,Moto,Motocicleta,COLOMBIA
FKG761,Carro,Particular,ENVIGADO
JIQ907,Carro,Particular,BUCARAMANGA
JHL14W,Moto,Motocicleta,COLOMBIA
RBC906,Carro,Publico,PASTO
KND79T,Moto,Motocicleta,COLOMBIA
CWA241,Carro,Particular,TUNJA
BPG98T,Moto,Motocicleta,COLOMBIA
ISZ95X,Moto,Motocicleta,COLOMBIA
GGC48P,Moto,Motocicleta,COLOMBIA
JPY74V,Moto,Motocicleta,COLOMBIA
FUZ434,Carro,Oficial,ENVIGADO
HHA136,Carro,Particular,MEDELLIN
XXG61S,Moto,Motocicleta,COLOMBIA
TEU253,Carro,Publico,PASTO
EEX612,Carro,Particular,PASTO
VLP30B,Moto,Motocicleta,COLOMBIA
GBF93M,Moto,Motocicleta,COLOMBIA
MEM37N,Moto,Motocicleta,COLOMBIA
FKR13N,Moto,Motocicleta,COLOMBIA
IBS513,Carro,Particular,BOGOTA D.C.
HHR059,Carro,Oficial,CUCUTA
TUX855,Carro,Particular,CALI
UUT211,Carro,Particular,BOGOTA D.C.
QBD931,Carro,Oficial,ENVIGADO
RDV334,Carro,Particular,TUNJA
VJB195,Carro,Oficial,CALI
BCL15K,Moto,Motocicleta,COLOMBIA
NBR114,Carro,Publico,PEREIRA
WHH406,Carro,Oficial,IBAGUE
IZT200,Carro,Oficial,MANIZALES
CIA963,Carro,Publico,ENVIGADO
QZC70U,Moto,Motocicleta,COLOMBIA
KEC81W,Moto,Motocicleta,COLOMBIA
IZK682,Carro,Publico,MANIZALES
FDZ264,Carro,Oficial,PEREIRA
EZQ74E,Moto,Motocicleta,COLOMBIA
YYE306,Carro,Publico,ENVIGADO
VZG74M,Moto,Motocicleta,COLOMBIA
EUH294,Carro,Oficial,BUCARAMANGA
ELI94K,Moto,Motocicleta,COLOMBIA
LDV109,Carro,Oficial,MANIZALES
WUF62C,Moto,Motocicleta,COLOMBIA
